-- phpMyAdmin SQL Dump
-- version 5.1.1
-- https://www.phpmyadmin.net/
--
-- Host: 127.0.0.1
-- Generation Time: Mar 12, 2026 at 07:49 AM
-- Server version: 10.4.21-MariaDB
-- PHP Version: 8.2.30

SET SQL_MODE = "NO_AUTO_VALUE_ON_ZERO";
START TRANSACTION;
SET time_zone = "+00:00";


/*!40101 SET @OLD_CHARACTER_SET_CLIENT=@@CHARACTER_SET_CLIENT */;
/*!40101 SET @OLD_CHARACTER_SET_RESULTS=@@CHARACTER_SET_RESULTS */;
/*!40101 SET @OLD_COLLATION_CONNECTION=@@COLLATION_CONNECTION */;
/*!40101 SET NAMES utf8mb4 */;

--
-- Database: `munsoft_polanco`
--
CREATE DATABASE IF NOT EXISTS `munsoft_polanco` DEFAULT CHARACTER SET utf8mb4 COLLATE utf8mb4_unicode_520_ci;
USE `munsoft_polanco`;

-- --------------------------------------------------------

--
-- Table structure for table `admins_tbl`
--

CREATE TABLE `admins_tbl` (
  `adminID` int(11) NOT NULL,
  `userID` int(11) NOT NULL,
  `employee_id` int(11) NOT NULL,
  `status` varchar(20) NOT NULL
) ENGINE=InnoDB DEFAULT CHARSET=utf8mb4;

-- --------------------------------------------------------

--
-- Table structure for table `config_deductions`
--

CREATE TABLE `config_deductions` (
  `config_deduction_id` int(11) NOT NULL,
  `deduction_type_id` int(11) NOT NULL,
  `deduct_acct_code` varchar(20) NOT NULL,
  `deduct_code` varchar(20) NOT NULL,
  `deduct_title` varchar(100) NOT NULL,
  `is_employee_share` tinyint(1) NOT NULL DEFAULT 0 COMMENT '0-false, 1-true',
  `deduct_category` enum('STATUTORY','LOAN','OTHER') NOT NULL
) ENGINE=InnoDB DEFAULT CHARSET=utf8mb4;

--
-- Dumping data for table `config_deductions`
--

INSERT INTO `config_deductions` (`config_deduction_id`, `deduction_type_id`, `deduct_acct_code`, `deduct_code`, `deduct_title`, `is_employee_share`, `deduct_category`) VALUES
(1, 1, '20201010-1', 'W_TAX', 'Withholding Tax', 0, 'STATUTORY'),
(2, 2, '20201020-1', 'LR_INS', 'Life and Retirement Ins. Contributions', 1, 'STATUTORY'),
(4, 3, '20201030-1', 'PAG_PREM', 'PAG-IBIG Contributions', 1, 'STATUTORY'),
(5, 3, '20201030-2', 'PAG_MPL', 'Multi-Purpose Loan', 0, 'LOAN'),
(8, 5, '29999990-4', 'RRB', 'RRB Salary Loan', 0, 'LOAN'),
(12, 5, '29999990-11', 'LBP', 'LBP Salary Loan', 0, 'LOAN'),
(14, 5, '29999990-9', 'SSS', 'SSS Premium Contributions', 0, 'OTHER'),
(16, 2, '20201020-6', 'PLREG', 'Policy Loan - Regular', 0, 'LOAN'),
(17, 5, '29999990-5', 'PMG_DS', 'PMGEA Monthly Dues', 0, 'OTHER'),
(18, 5, '29999990-6', 'PMG_LN', 'PMGEA Loan', 0, 'LOAN'),
(19, 2, '20201020-14', 'GFAL', 'GSIS GFAL', 0, 'LOAN'),
(20, 3, '20201030-3', 'LOT_LN', 'Pag-ibig Lot Loan', 0, 'LOAN'),
(21, 4, '20201040', 'PHIC-PREM', 'PhilHealth Contributions', 1, 'STATUTORY'),
(22, 5, '29999990-3', 'POEMCO', 'POEMCO Salary Loan', 0, 'LOAN'),
(24, 2, '20201020-8', 'SAL_LN', 'Salary Loan/Conso Loan', 0, 'LOAN'),
(25, 2, '20201020-9', 'EMG_LN', 'Emergency Loan', 0, 'LOAN'),
(26, 2, '20201020-15', 'COM_LN', 'Computer Loan', 0, 'LOAN'),
(27, 2, '20201020-16', 'GMPL', 'GSIS Multi-Purpose Loan', 0, 'LOAN'),
(28, 2, '20201020-17', 'MPLTE', 'GSIS MPL Lite', 0, 'LOAN'),
(29, 3, '20201030-4', 'HSNG_LN', 'Pag-ibig Housing Loan', 0, 'LOAN'),
(30, 3, '20201030-5', 'CAL_LN', 'Pag-ibig Calamity Loan', 0, 'LOAN'),
(31, 3, '20201030-6', 'MP2', 'Pag-ibig MP2 Savings', 0, 'OTHER'),
(32, 5, '29999990-7', 'CRBDI', 'CRBDI Salary Loan', 0, 'LOAN');

-- --------------------------------------------------------

--
-- Table structure for table `config_earnings`
--

CREATE TABLE `config_earnings` (
  `config_earning_id` int(11) NOT NULL,
  `earning_code` enum('Sal-Reg','Sal-Cas','PERA','RA','TA','SUB','HZD','LNDRY') NOT NULL,
  `earning_title` varchar(50) NOT NULL,
  `earning_acct_code` varchar(20) NOT NULL
) ENGINE=InnoDB DEFAULT CHARSET=utf8mb4;

--
-- Dumping data for table `config_earnings`
--

INSERT INTO `config_earnings` (`config_earning_id`, `earning_code`, `earning_title`, `earning_acct_code`) VALUES
(1, 'Sal-Reg', 'Salaries - Regular', '50101010'),
(2, 'Sal-Cas', 'Salaries - Casual', '50101020'),
(3, 'PERA', 'Personal Economic Relief Allowance', '50102010'),
(4, 'RA', 'Representation Allowance', '50102020'),
(5, 'TA', 'Transportation Allowance', '50102030'),
(8, 'SUB', 'Subsistence Allowance', '50102050'),
(9, 'HZD', 'Hazard Pay', '50102110'),
(10, 'LNDRY', 'Laundry Allowance', '50102060');

-- --------------------------------------------------------

--
-- Table structure for table `deduction_types`
--

CREATE TABLE `deduction_types` (
  `deduction_type_id` int(11) NOT NULL,
  `deduction_type_name` varchar(100) NOT NULL,
  `deduction_type_code` varchar(20) NOT NULL,
  `created_at` datetime DEFAULT current_timestamp()
) ENGINE=InnoDB DEFAULT CHARSET=utf8mb4;

--
-- Dumping data for table `deduction_types`
--

INSERT INTO `deduction_types` (`deduction_type_id`, `deduction_type_name`, `deduction_type_code`, `created_at`) VALUES
(1, 'BIR', 'BIR', '2025-07-23 02:21:21'),
(2, 'GSIS', 'GSIS', '2025-07-23 02:21:21'),
(3, 'PAG-IBIG', 'PAGIBIG', '2025-07-23 02:21:21'),
(4, 'PhilHealth', 'PHIC', '2025-07-23 02:21:21'),
(5, 'Other Payables', 'OTHERS', '2025-07-23 02:21:21');

-- --------------------------------------------------------

--
-- Table structure for table `departments_tbl`
--

CREATE TABLE `departments_tbl` (
  `dept_id` int(11) NOT NULL,
  `dept_code` varchar(20) NOT NULL,
  `dept_title` varchar(50) NOT NULL,
  `dept_name` varchar(100) NOT NULL
) ENGINE=InnoDB DEFAULT CHARSET=utf8mb4;

--
-- Dumping data for table `departments_tbl`
--

INSERT INTO `departments_tbl` (`dept_id`, `dept_code`, `dept_title`, `dept_name`) VALUES
(1, '3-01-001', 'MMO', 'Municipal Mayor\'s Office'),
(2, '3-01-002', 'MVO', 'Municipal Vice Mayor\'s Office'),
(3, '3-01-003', 'SBLEG', 'SB Legislative'),
(4, '3-01-004', 'SBSEC', 'SB Secretariat'),
(5, '3-01-005', 'MTO', 'Municipal Treasurer\'s Office'),
(6, '3-01-006', 'MASSO', 'Municipal Assessor\'s Office'),
(7, '3-01-007', 'MACCTG', 'Municipal Accountant\'s Office'),
(8, '3-01-008', 'MBO', 'Municipal Budget Officer\'s Office'),
(9, '3-01-009', 'MPDO', 'Municipal Planning'),
(10, '3-01-010', 'MEO', 'Municipal Engineer\'s Office'),
(11, '3-01-011', 'MHO', 'Municipal Health Officer\'s Office'),
(12, '3-01-012', 'MCR', 'Municipal Civil Registrar\'s Office'),
(13, '3-02-001', 'MADMIN', 'Municipal Administrator\'s Office'),
(14, '3-02-003', 'MAO', 'Municipal Agriculturist\'s Office'),
(15, '3-02-005', 'MSWDO', 'Municipal Social Welfare'),
(16, '3-03-001', 'MKT', 'Market Operations (MADMIN)');

-- --------------------------------------------------------

--
-- Table structure for table `employees_tbl`
--

CREATE TABLE `employees_tbl` (
  `employee_id` int(11) NOT NULL,
  `userID` varchar(11) NOT NULL,
  `employee_id_num` varchar(20) NOT NULL,
  `firstname` varchar(100) NOT NULL,
  `middlename` varchar(100) NOT NULL,
  `lastname` varchar(100) NOT NULL,
  `extension` varchar(10) NOT NULL,
  `birthdate` date NOT NULL,
  `gender` varchar(20) NOT NULL,
  `civil_status` varchar(20) NOT NULL,
  `address` varchar(200) NOT NULL,
  `prof_expertise` varchar(50) NOT NULL,
  `hire_date` date NOT NULL,
  `employment_type` varchar(20) NOT NULL COMMENT 'regular, non-regular',
  `employee_status` varchar(50) NOT NULL,
  `tin` varchar(20) NOT NULL,
  `gsis_bp` varchar(20) NOT NULL,
  `philhealth_no` varchar(20) NOT NULL,
  `pagibig_mid` varchar(20) NOT NULL,
  `sss_no` varchar(20) NOT NULL,
  `include_in_payroll` enum('1','0') DEFAULT '1' COMMENT '1 = included, 0 = excluded'
) ENGINE=InnoDB DEFAULT CHARSET=utf8mb4;

--
-- Dumping data for table `employees_tbl`
--

INSERT INTO `employees_tbl` (`employee_id`, `userID`, `employee_id_num`, `firstname`, `middlename`, `lastname`, `extension`, `birthdate`, `gender`, `civil_status`, `address`, `prof_expertise`, `hire_date`, `employment_type`, `employee_status`, `tin`, `gsis_bp`, `philhealth_no`, `pagibig_mid`, `sss_no`, `include_in_payroll`) VALUES
(1, '', '097210-150', 'Evenie Rose', 'Acopiado', 'Abad', '', '2000-10-13', 'Female', 'Single', 'Villahermosa, Polanco, Z.N.', 'Licensed Professional Teacher', '2025-01-02', '', 'Active', '', '', '', '', '', '1'),
(2, '', '097210-939', 'Anjelyn', 'J', 'Agecia', '', '1994-07-12', 'Female', 'Single', 'Villahermosa, Polanco, Z.N.', 'Licensed Agriculturists', '2023-03-24', '', 'Active', '', '', '', '', '', '1'),
(3, '', '097210-296', 'Cheryl', 'M', 'Aguinaldo', '', '1985-08-31', 'Female', 'Married', 'Pob. South, Polanco, Z.N.', 'Social Worker', '2025-03-24', '', 'Active', '', '', '', '', '', '1'),
(4, '', '097210-039', 'Laura', 'A', 'Alfon', '', '1968-12-07', 'Female', 'Single', 'Pob. North, Polanco, Z.N.', 'Municipal Assessor', '1997-02-06', '', 'Active', '', '', '', '', '', '1'),
(5, '', '097210-177', 'Annie Rose', 'M', 'Anciano', '', '1995-12-03', 'Female', 'Single', 'Labrador, Polanco, Z.N.', 'CSE Professional', '2021-12-01', '', 'Active', '', '', '', '', '', '1'),
(6, '', '097210-018', 'Ma. Roselle', 'C', 'Aniñon', '', '1978-08-11', 'Female', 'Married', 'Pob. North, Polanco, Z.N.', 'Municipal Budget Officer', '2000-02-16', '', 'Active', '', '', '', '', '', '1'),
(7, '', '097210-672', 'Imee', 'S', 'Arellano', '', '1993-04-11', 'Female', 'Single', 'New Sicayab, Polanco, Z.N.', 'Licensed Professional Teacher', '2023-02-01', '', 'Active', '', '', '', '', '', '1'),
(8, '', '097210-241', 'Caren Eve', 'P', 'Astillero', '', '1993-09-07', 'Female', 'Married', 'Pob. North, Polanco, Z.N.', 'CSE Professional', '2024-02-01', '', 'Active', '', '', '', '', '', '1'),
(9, '', '097210-047', 'Airin', 'B', 'Ates', '', '1974-08-30', 'Female', 'Married', 'Pob. North, Polanco, Z.N.', 'Midwife', '1994-01-02', '', 'Active', '', '', '', '', '', '1'),
(10, '', '097210-070', 'Gerbert', 'L', 'Balaga', '', '1968-05-25', 'Male', 'Married', 'Pob. South, Polanco, Z.N.', 'Engineer', '1994-01-02', '', 'Active', '', '', '', '', '', '1'),
(11, '', '097210-857', 'Pilita', 'T', 'Balaga', '', '1968-10-13', 'Female', 'Married', 'Pob. South, Polanco, Z.N.', 'CSE Professional', '2022-03-01', '', 'Active', '', '', '', '', '', '1'),
(12, '', '097210-056', 'Gemma', 'C', 'Baluntang', '', '1974-01-15', 'Female', 'Married', 'Pob. South, Polanco, Z.N.', 'CSE Professional', '2008-02-01', '', 'Active', '', '', '', '', '', '1'),
(13, '', '097210-368', 'Carl', 'B', 'Barba', '', '1995-07-02', 'Male', 'Single', 'Obay, Polanco, Z.N.', 'IT Specialist', '2022-02-02', '', 'Active', '', '', '', '', '', '1'),
(14, '', '097210-049', 'Maria Aileen', 'B', 'Barba', '', '1972-11-18', 'Female', 'Married', 'Obay, Polanco, Z.N.', 'Social Worker', '2006-05-16', '', 'Active', '', '', '', '', '', '1'),
(15, '', '097210-042', 'Emma', 'G', 'Barte', '', '1968-03-10', 'Female', 'Widow', 'Lapayanbaja, Polanco, Z.N.', 'Midwife', '1994-01-02', '', 'Active', '', '', '', '', '', '1'),
(16, '', '097210-593', 'Robemar', 'V', 'Benitez', '', '1990-09-14', 'Male', 'Married', 'Sto. Niño, Polanco, Z.N.', 'CSE Professional', '2023-08-01', '', 'Active', '', '', '', '', '', '0'),
(17, '', '097210-334', 'Marinel', 'C', 'Bonocan', '', '1994-09-15', 'Female', 'Married', 'Pian, Polanco, Z.N.', 'Licensed Professional Teacher', '2024-02-13', '', 'Active', '', '', '', '', '', '1'),
(18, '', '097210-072', 'Chirilie', 'O', 'Butawan', '', '1986-01-10', 'Female', 'Single', 'Dansullan, Polanco, Z.N.', 'Midwife', '2012-02-04', '', 'Active', '', '', '', '', '', '1'),
(19, '', '097210-273', 'Marieta', 'A', 'Cabrera', '', '1972-05-26', 'Female', 'Single', 'Pob. South, Polanco, Z.N.', 'Engineer', '1998-01-04', '', 'Active', '', '', '', '', '', '1'),
(20, '', '097210-058', 'Vilma', 'A', 'Cabrera', '', '1970-09-27', 'Female', 'Single', 'Pob. South, Polanco, Z.N.', 'CSE Professional', '1994-01-17', '', 'Active', '', '', '', '', '', '1'),
(21, '', '097210-048', 'Antonio', 'M', 'Cademas', '', '1969-06-13', 'Male', 'Married', 'Gulayon, Dipolog City, Z.N.', 'Sanitation Inspector', '2006-05-16', '', 'Active', '', '', '', '', '', '1'),
(22, '', '097210-631', 'Roena Mae', 'M', 'Cagadas', '', '1990-09-25', 'Female', 'Married', 'Pob. North, Polanco, Z.N.', 'Licensed Professional Teacher', '2022-02-02', '', 'Active', '', '', '', '', '', '1'),
(23, '', '097210-071', 'Manuel', 'R', 'Cajocon', 'Jr.', '1979-10-30', 'Male', 'Single', 'Anastacio, Polanco, Z.N.', 'HR Management Officer', '2004-02-02', '', 'Active', '', '', '', '', '', '1'),
(24, '', '097210-007', 'Eda', 'A', 'Calalang', '', '1974-09-22', 'Female', 'Single', 'Pob. North, Polanco, Z.N.', 'CSE Professional', '2013-03-27', '', 'Active', '', '', '', '', '', '1'),
(25, '', '097210-004', 'Arvin', 'C', 'Calamba', '', '1972-01-21', 'Male', 'Single', 'Gulayon, Dipolog City, Z.N.', 'Municipal Treasurer', '2004-04-10', '', 'Active', '', '', '', '', '', '1'),
(26, '', '097210-025', 'Jolan', 'S', 'Campos', '', '1983-05-04', 'Male', 'Married', 'Labrador, Polanco, Z.N.', 'Mechanical Specialist', '2008-02-10', '', 'Active', '', '', '', '', '', '1'),
(27, '', '097210-032', 'Erma', 'S', 'Caninit', '', '1986-04-27', 'Female', 'Single', 'Labrador, Polanco, Z.N.', 'Nurse', '2019-08-01', '', 'Active', '', '', '', '', '', '1'),
(28, '', '097210-330', 'Ian', 'T', 'Caninit', '', '1977-09-01', 'Male', 'Married', 'Linabo, Polanco, Z.N.', 'CSE Professional', '2020-08-03', '', 'Active', '', '', '', '', '', '1'),
(29, '', '097210-002', 'Jesebel', 'B', 'Cantoja', '', '1979-01-27', 'Female', 'Married', 'Sto. Niño, Polanco, Z.N.', 'CSE Professional', '2006-08-02', '', 'Active', '', '', '', '', '', '1'),
(30, '', '097210-274', 'Raffy', 'M', 'Cantoja', '', '1975-10-07', 'Male', 'Married', 'Sto. Niño, Polanco, Z.N.', 'CSE Professional', '2004-01-07', '', 'Active', '', '', '', '', '', '1'),
(31, '', '097210-065', 'Lorna', 'E', 'Carcellar', '', '1962-10-23', 'Female', 'Married', 'Pob. South, Polanco, Z.N.', 'CSE Professional', '1994-01-02', '', 'Active', '', '', '', '', '', '1'),
(32, '', '097210-012', 'Mark Louie', 'M', 'Carpo', '', '1988-01-29', 'Male', 'Single', 'Pob. North, Polanco, Z.N.', 'Chemical Engineer', '2020-10-01', '', 'Active', '', '', '', '', '', '1'),
(33, '', '097210-295', 'Catherine', 'M', 'Caulawon', '', '1995-03-03', 'Female', 'Single', 'Pob. South, Polanco, Z.N.', 'Municipal Social Welfare', '2019-12-02', '', 'Active', '', '', '', '', '', '1'),
(34, '', '097210-016', 'Alfred Mel', 'P', 'Dagaylo-an', '', '1977-01-13', 'Male', 'Married', 'Victoria CH, Obay, Polanco, Z.N.', 'Veterinarian', '2003-03-03', '', 'Resigned', '', '', '', '', '', '1'),
(35, '', '097210-248', 'Paul Ariel', 'A', 'Dalmacio', '', '1971-11-24', 'Male', 'Married', 'Obay, Polanco, Z.N.', 'Market Inspector', '2019-09-02', '', 'Active', '', '', '', '', '', '1'),
(36, '', '097210-017', 'Jose Benjie Aldrin', 'A', 'Dalumpines', '', '1973-11-27', 'Male', 'Married', 'Gulayon, Dipolog City, Z.N.', 'Engineer', '2005-01-02', '', 'Active', '', '', '', '', '', '1'),
(37, '', '097210-124', 'Emerson', 'S', 'Danduan', '', '1991-09-15', 'Male', 'Single', 'Pob. North, Polanco, Z.N.', 'Engineer', '2022-02-02', '', 'Active', '', '', '', '', '', '1'),
(38, '', '097210-059', 'Marcelito', 'N', 'Dela Cruz', '', '1985-11-30', 'Male', 'Single', 'Pob. South, Polanco, Z.N.', 'Nurse', '2008-10-12', '', 'Active', '', '', '', '', '', '1'),
(39, '', '097210-151', 'Jesse Manuel', 'C', 'Donal', '', '2000-12-10', 'Male', 'Single', 'Pob. North, Polanco, Z.N.', 'CSE Professional', '2024-02-01', '', 'Active', '', '', '', '', '', '1'),
(40, '', '097210-143', 'Sophia Mae', 'C', 'Donal', '', '1999-09-13', 'Female', 'Single', 'Pob. North, Polanco, Z.N.', 'CSE Professional', '2024-06-18', '', 'Active', '', '', '', '', '', '1'),
(41, '', '097210-052', 'Elma', 'P', 'Duran', '', '1974-11-16', 'Female', 'Married', 'Pob. South, Polanco, Z.N.', 'Midwife', '2008-12-10', '', 'Active', '', '', '', '', '', '1'),
(42, '', '097210-159', 'Dorothy', 'D', 'Eramis', '', '1979-11-02', 'Female', 'Married', 'Pob. South, Polanco, Z.N.', 'CSE Professional', '2022-02-04', '', 'Active', '', '', '', '', '', '1'),
(43, '', '097210-364', 'Luzminda', 'D', 'Español', '', '1965-12-31', 'Female', 'Married', 'Sto. Niño, Polanco, Z.N.', 'Administrative Aide', '2016-07-01', '', 'Active', '', '', '', '', '', '1'),
(44, '', '097210-679', 'Anna Karene', 'E', 'Fernandez', '', '1991-03-10', 'Female', 'Single', 'Pob. North, Polanco, Z.N.', 'Cashier', '2021-04-16', '', 'Active', '', '', '', '', '', '1'),
(45, '', '097210-242', 'John Andrey', 'E', 'Fernandez', '', '1993-10-09', 'Male', 'Single', 'Pob. North, Polanco, Z.N.', 'Engineer', '2022-01-17', '', 'Active', '', '', '', '', '', '1'),
(46, '', '097210-211', 'Proserphine', 'G', 'Godinez', '', '1978-12-30', 'Female', 'Married', 'Pob. South, Polanco, Z.N.', 'Municipal Accountant', '2020-10-01', '', 'Active', '', '', '', '', '', '1'),
(47, '', '097210-005', 'Ermintrude', 'D', 'Gonzales', '', '1982-01-26', 'Female', 'Married', 'Pob. North, Polanco, Z.N.', 'Revenue Clerk', '2004-08-01', '', 'Active', '', '', '', '', '', '1'),
(48, '', '097210-029', 'Mara Michelle', 'C', 'Gonzales', '', '1989-01-17', 'Female', 'Single', 'Pob. North, Polanco, Z.N.', 'Pharmacist', '2024-03-04', '', 'Active', '', '', '', '', '', '1'),
(49, '', '097210-068', 'Ronnie', 'B', 'Gonzales', '', '1976-10-14', 'Male', 'Married', 'Pob. North, Polanco, Z.N.', 'Agriculturist', '2002-01-08', '', 'Active', '', '', '', '', '', '1'),
(50, '', '097210-020', 'Raul', 'G', 'Guitarte', '', '1975-01-22', 'Male', 'Married', 'Pob. North, Polanco, Z.N.', 'CSE Professional', '2018-12-03', '', 'Active', '', '', '', '', '', '1'),
(51, '', '097210-361', 'Daisy Joy', 'B', 'Hizon', '', '1992-08-29', 'Female', 'Married', 'Villahermosa, Polanco, Z.N.', 'Administrative Aide', '2016-07-01', '', 'Active', '', '', '', '', '', '1'),
(52, '', '097210-034', 'Arlene', 'A', 'Imperial', '', '1976-05-31', 'Female', 'Married', 'San Pedro, Polanco, Z.N.', 'Midwife', '2008-04-02', '', 'Active', '', '', '', '', '', '1'),
(53, '', '097210-506', 'Monica', 'E', 'Jakosalem', '', '1997-08-27', 'Female', 'Single', 'Pob. South, Polanco, Z.N.', 'CSE Professional', '2022-02-02', '', 'Active', '', '', '', '', '', '1'),
(54, '', '097210-044', 'Rovi', 'C', 'Jalalon', '', '1971-02-25', 'Female', 'Widow', 'Pian, Polanco, Z.N.', 'CSE Professional', '1998-02-02', '', 'Active', '', '', '', '', '', '1'),
(55, '', '097210-055', 'Roger', 'B', 'Ladera', '', '1965-06-02', 'Male', 'Married', 'Pob. South, Polanco, Z.N.', 'Municipal Planning', '1994-01-02', '', 'Active', '', '', '', '', '', '1'),
(56, '', '097210-062', 'Mercy', 'B', 'Laurque', '', '1969-03-05', 'Female', 'Married', 'Pob. North, Polanco, Z.N.', 'Administrative Assistant', '1994-02-15', '', 'Active', '', '', '', '', '', '1'),
(57, '', '097210-267', 'Kurt', 'V', 'Leones', '', '1996-08-26', 'Male', 'Single', 'Central Dipolog City, Z.N.', 'IT Specialist', '2021-12-01', '', 'Active', '', '', '', '', '', '1'),
(58, '', '097210-073', 'Gergean', 'C', 'Lura', '', '1987-05-01', 'Female', 'Married', 'Guinles, Polanco, Z.N', 'Medical Technologist', '2019-01-03', '', 'Active', '', '', '', '', '', '1'),
(59, '', '097210-555', 'Jade Kemmond', 'O', 'Mag-abo', '', '1995-03-08', 'Male', 'Single', 'Bandera, Polanco, Z.N.', 'CSE Professional', '2021-12-01', '', 'Active', '', '', '', '', '', '1'),
(60, '', '097210-040', 'Marlon', 'T', 'Magbanua', '', '1995-07-30', 'Male', 'Single', 'Lingasad, Polanco, Z.N.', 'Midwife', '2019-08-01', '', 'Active', '', '', '', '', '', '1'),
(61, '', '097210-064', 'Jennylinda', 'O', 'Magtuba', '', '1972-01-24', 'Female', 'Single', 'Lingasad, Polanco, Z.N.', 'Nurse', '2007-01-03', '', 'Active', '', '', '', '', '', '1'),
(62, '', '097210-026', 'Ivo', 'M', 'Mandantes', '', '1988-02-29', 'Male', 'Married', 'Isis, Polanco, Z.N.', 'SB Member', '2019-07-01', '', 'Active', '', '', '', '', '', '1'),
(63, '', '097210-057', 'Rosemarie', 'T', 'Mohametano', '', '1969-02-10', 'Female', 'Married', 'Lingasad, Polanco, Z.N.', 'CSE Professional', '1994-10-05', '', 'Active', '', '', '', '', '', '1'),
(64, '', '097210-196', 'Jean Renzo', 'S', 'Montano', '', '1986-11-02', 'Male', 'Married', 'Anastacio, Polanco, Z.N.', 'Nurse', '2022-01-17', '', 'Active', '', '', '', '', '', '1'),
(65, '', '097210-260', 'April Mae', 'D', 'Montemayor', '', '1997-04-30', 'Female', 'Single', 'Lingasad, Polanco, Z.N.', 'Agricultural Technologist', '2025-03-12', '', 'Active', '', '', '', '', '', '1'),
(66, '', '097210-214', 'Roselyn', 'N', 'Narvaez', '', '1987-04-22', 'Female', 'Married', 'VCH, Obay, Polanco, Z.N.', 'Nurse', '2024-06-18', '', 'Active', '', '', '', '', '', '1'),
(67, '', '097210-205', 'Almar', 'D', 'Ocupe', '', '1986-11-05', 'Male', 'Single', 'Pob. South, Polanco, Z.N.', 'Nurse', '2024-02-01', '', 'Active', '', '', '', '', '', '1'),
(68, '', '097210-713', 'Harvey', 'B', 'Oga', '', '1993-03-29', 'Male', 'Married', 'Obay, Polanco, Z.N.', 'CSE Professional', '2024-02-01', '', 'Active', '', '', '', '', '', '1'),
(69, '', '097210-359', 'Anacleto', 'D', 'Olvis', 'III', '1980-12-12', 'Male', 'Married', 'Pob. North, Polanco, Z.N.', 'Administrative Aide', '2021-03-25', '', 'Active', '', '', '', '', '', '1'),
(70, '', '097210-001', 'Evan Hope', 'D', 'Olvis', '', '1978-11-04', 'Male', 'Married', 'Pob. North, Polanco, Z.N.', 'Municipal Vice Mayor', '2016-07-01', '', 'Active', '', '', '', '', '', '1'),
(71, '', '097210-198', 'Mary Analyn', 'D', 'Olvis', '', '1984-04-25', 'Female', 'Single', 'Pob. North, Polanco, Z.N.', 'Nurse', '2021-07-15', '', 'Active', '', '', '', '', '', '1'),
(72, '', '097210-340', 'Lendy', 'L', 'Ontolan', '', '1986-03-09', 'Female', 'Single', 'Pian, Polanco, Z.N.', 'Administrative Assistant', '2025-03-12', '', 'Active', '', '', '', '', '', '1'),
(73, '', '097210-106', 'Gerard Vicson', 'S', 'Opulentisima', '', '1980-10-08', 'Male', 'Single', 'Pob. North, Polanco, Z.N.', 'SB Member', '2022-07-01', '', 'Active', '', '', '', '', '', '1'),
(74, '', '097210-046', 'Hernibeth', 'C', 'Otud', '', '1976-12-09', 'Female', 'Married', 'Pob. South, Polanco, Z.N.', 'Administrative Officer', '2002-01-01', '', 'Active', '', '', '', '', '', '1'),
(75, '', '097210-053', 'Richard', 'A', 'Otud', '', '1969-03-12', 'Male', 'Married', 'Pob. North, Polanco, Z.N.', 'Engineering Aide', '1999-04-01', '', 'Active', '', '', '', '', '', '0'),
(76, '', '097210-277', 'Mark Angelo', 'W', 'Pagente', '', '2000-11-22', 'Male', 'Single', 'Isis, Polanco, Z.N.', 'SK Federation President', '2023-11-14', '', 'Active', '', '', '', '', '', '0'),
(77, '', '097210-043', 'Mary Sol', 'B', 'Pagente', '', '1974-02-09', 'Female', 'Single', 'Pob. North, Polanco, Z.N.', 'Midwife', '2019-09-02', '', 'Active', '', '', '', '', '', '1'),
(78, '', '097210-363', 'Jhyke', 'C', 'Palomaria', '', '1977-02-09', 'Male', 'Single', 'Pob. South, Polanco, Z.N.', 'Administrative Aide', '2016-07-01', '', 'Active', '', '', '', '', '', '1'),
(79, '', '097210-035', 'Rebecca', 'S', 'Parama', '', '1967-09-23', 'Female', 'Widow', 'Isis, Polanco, Z.N.', 'Midwife', '2009-11-16', '', 'Active', '', '', '', '', '', '1'),
(80, '', '097210-051', 'Josephine', 'S', 'Pastrano', '', '1967-11-24', 'Female', 'Married', 'Pob. South, Polanco, Z.N.', 'Supply Officer', '1994-02-02', '', 'Active', '', '', '', '', '', '1'),
(81, '', '097210-045', 'Clint', 'B', 'Penados', '', '1983-01-22', 'Male', 'Married', 'Pob. South, Polanco, Z.N.', 'Driver', '2009-02-02', '', 'Active', '', '', '', '', '', '1'),
(82, '', '097210-162', 'Shella Mae', 'T', 'Quiblat', '', '1992-05-01', 'Female', 'Married', 'Pob. North, Polanco, Z.N.', 'Social Worker', '2020-08-01', '', 'Active', '', '', '', '', '', '1'),
(83, '', '097210-199', 'Joan', 'A', 'Quisel', '', '1987-01-03', 'Female', 'Single', 'Silawe, Polanco, Z.N.', 'Midwife', '2021-12-01', '', 'Active', '', '', '', '', '', '1'),
(84, '', '097210-329', 'Lauren', 'B', 'Realista', '', '1966-03-25', 'Male', 'Married', 'San Antonio, Polanco, Z.N.', 'Driver', '2016-07-01', '', 'Active', '', '', '', '', '', '1'),
(85, '', '097210-207', 'Rhea', 'C', 'Repaja', '', '1992-07-06', 'Female', 'Single', 'Pob. North, Polanco, Z.N.', 'Assessment Officer', '2023-02-01', '', 'Active', '', '', '', '', '', '1'),
(86, '', '097210-508', 'Caryll Divine', 'E', 'Sabejon', '', '1999-06-05', 'Female', 'Single', 'Silawe, Polanco, Z.N.', 'CSE Professional', '2024-03-13', '', 'Active', '', '', '', '', '', '1'),
(87, '', '097210-037', 'Dante', 'M', 'Santander', '', '1969-12-30', 'Male', 'Married', 'Gulayon, Dipolog City, Z.N.', 'Municipal Civil Registrar', '1994-01-02', '', 'Active', '', '', '', '', '', '1'),
(88, '', '097210-030', 'Leoniboy', 'A', 'Sarigue', '', '1982-03-18', 'Male', 'Married', 'San Miguel, Polanco, Z.N.', 'Driver', '2011-09-16', '', 'Active', '', '', '', '', '', '1'),
(89, '', '097210-038', 'Almabella', 'I', 'Sulit', '', '1970-01-23', 'Female', 'Married', 'VCH, Obay, Polanco, Z.N.', 'Midwife', '2018-05-02', '', 'Active', '', '', '', '', '', '1'),
(90, '', '097210-061', 'Edgar', 'B', 'Tacloban', '', '1961-05-03', 'Male', 'Married', 'Pob. North, Polanco, Z.N.', 'Administrative Aide', '2004-01-07', '', 'Retired', '', '', '', '', '', '1'),
(91, '12', '097210-107', 'Christian Lyris', 'C', 'Tagsip', '', '1991-08-28', 'Male', 'Married', 'Pob. South, Polanco, Z.N.', 'Computer Scientist', '2018-12-03', '', 'Active', '', '', '', '', '', '1'),
(92, '', '097210-104', 'Winielyn', 'F', 'Trapal', '', '1990-04-30', 'Female', 'Married', 'Gulayon, Dipolog City, Z.N.', 'Medical Technologist', '2022-03-16', '', 'Active', '', '', '', '', '', '1'),
(93, '', '097210-884', 'Syrone Pherven', 'M', 'Tubera', '', '1989-08-21', 'Male', 'Married', 'Galas, Dipolog City, Z.N.', 'IT Specialist', '2023-02-01', '', 'Active', '', '', '', '', '', '1'),
(94, '', '097210-011', 'Shaia Ruth', 'R', 'Uy', '', '1999-08-09', 'Female', 'Single', 'Lapayanbaja, Polanco, Z.N.', 'Municipal Mayor', '2019-07-01', '', 'Active', '', '', '', '', '', '1'),
(95, '', '097210-309', 'Glyn', 'T', 'Villamero', '', '1979-12-13', 'Female', 'Married', 'Guinles, Polanco, Z.N.', 'Administrative Assistant', '2024-01-18', '', 'Active', '', '', '', '', '', '1'),
(96, '', '097210-080', 'Samuel', 'F', 'Baniqued', 'Jr.', '1983-07-31', 'Male', 'Married', 'Obay, Polanco, Z.N.', 'CSE Professional', '2025-03-12', '', 'Active', '', '', '', '', '', '1'),
(97, '', '097210-209', 'Kevin', 'V', 'Leones', '', '1998-07-01', 'Male', 'Single', 'Central Dipolog City, Z.N.', 'Engineer', '2025-03-12', '', 'Active', '', '', '', '', '', '1'),
(98, '', '097210-389', 'Marlon', 'P', 'Manlosa', '', '1968-05-02', 'Male', 'Married', 'Pob. North, Polanco, Z.N.', 'Administrative Aide', '1995-06-07', '', 'Active', '', '', '', '', '', '1'),
(99, '', '097210-388', 'Ma. Cristy Jean', 'T', 'Mariño', '', '2000-08-24', 'Female', 'Single', 'Isis, Polanco, Z.N.', 'Administrative Assistant', '2025-03-12', '', 'Active', '', '', '', '', '', '1'),
(100, '', '097210-253', 'Czeneal Clyre', 'G', 'Almazan', '', '1999-07-25', 'Female', 'Single', 'San Antonio, Polanco, Z.N.', 'Medical Technologist', '2024-11-04', '', 'Active', '', '', '', '', '', '1'),
(101, '', '097210-752', 'JR Niño Christopher', 'M', 'Arzadon', '', '1993-01-09', 'Male', 'Single', 'VCH, Obay, Polanco, Z.N.', 'Local Youth Dev\'t Officer', '2024-11-04', '', 'Active', '', '', '', '', '', '1'),
(102, '', '097210-381', 'Adolfo', 'A', 'Cademas', 'Jr.', '1990-09-08', 'Male', 'Single', 'Labrador, Polanco, Z.N.', 'Assessment Clerk', '2025-01-02', '', 'Active', '', '', '', '', '', '1'),
(103, '', '097210-203', 'Chadam', 'L', 'Empeynado', '', '1995-07-19', 'Male', 'Single', 'San Miguel, Polanco, Z.N.', 'Agricultural Technologist', '2023-02-01', '', 'Active', '', '', '', '', '', '1'),
(104, '', '097210-222', 'Nurodin', 'L', 'Empeynado', '', '1996-10-28', 'Male', 'Single', 'San Miguel, Polanco, Z.N.', 'Agricultural Technologist', '2024-11-18', '', 'Active', '', '', '', '', '', '1'),
(105, '', '097210-206', 'Melva', 'C', 'Fulmaran', '', '1990-10-28', 'Female', 'Single', 'Guinles, Polanco, Z.N', 'Agricultural Technologist', '2024-01-02', '', 'Active', '', '', '', '', '', '1'),
(106, '', '097210-287', 'Keith Eammon', 'L', 'Garay', '', '1985-03-03', 'Male', 'Married', 'Victoria Hills, Pob. North, Polanco Z.N.', 'Driver', '2024-11-04', '', 'Active', '', '', '', '', '', '1'),
(107, '', '097210-246', 'Mark Anthony', 'B', 'Gurdiel', '', '1981-01-19', 'Male', 'Married', 'Dicayas, Dipolog City, Z.N.', 'Administrative Aide', '2022-01-17', '', 'Active', '', '', '', '', '', '1'),
(108, '', '097210-210', 'Sheila', 'C', 'Jaralve', '', '1983-12-23', 'Female', 'Single', 'San Pedro, Polanco, Z.N.', 'Municipal Health Officer', '2024-03-22', '', 'Active', '', '', '', '', '', '1'),
(109, '', '097210-259', 'Rea Mae', 'P', 'Limbaga', '', '1997-05-08', 'Female', 'Single', 'Pob. South, Polanco, Z.N.', 'Social Worker', '2025-01-21', '', 'Active', '', '', '', '', '', '1'),
(110, '', '097210-197', 'John Arthur', '', 'Maravillas', '', '1998-04-11', 'Male', 'Single', 'Pob. South, Polanco, Z.N.', 'Social Worker', '2021-05-16', '', 'Active', '', '', '', '', '', '1'),
(111, '', '097210-365', 'Eric', 'T', 'Rubio', '', '1978-04-07', 'Male', 'Single', 'Pob. South, Polanco, Z.N.', 'Assessment Clerk', '2025-01-02', '', 'Active', '', '', '', '', '', '1'),
(112, '', '097210-111', 'Allana', 'M', 'Salvador', '', '1995-06-07', 'Female', 'Single', 'Guinles, Polanco, Z.N', 'Administrative Assistant', '2025-01-02', '', 'Active', '', '', '', '', '', '1'),
(113, '', '097210-204', 'Stephen Cesar', 'C', 'Sayre', '', '1997-12-02', 'Male', 'Married', 'Pob. North, Polanco, Z.N.', 'Agricultural Technologist', '2024-02-01', '', 'Active', '', '', '', '', '', '1'),
(114, '', '097210-208', 'Rosie', 'Q', 'Sorronda', '', '1978-03-09', 'Female', 'Widow', 'San Antonio, Polanco, Z.N.', 'Plantilla Casual', '2025-07-01', '', 'Active', '', '', '', '', '', '1'),
(115, '', '097210-171', 'Arlene', 'Z', 'Tejano', '', '1970-11-20', 'Female', 'Single', 'Lingasad, Polanco, Z.N.', 'Community Affairs Assistant', '2025-03-12', '', 'Active', '', '', '', '', '', '1'),
(116, '', '097210-307', 'Arlene', 'B', 'Tiol', '', '1971-05-28', 'Female', 'Widow', 'Pob. North, Polanco, Z.N.', 'Administrative Aide', '2025-01-02', '', 'Active', '', '', '', '', '', '1'),
(117, '', '097210-399', 'Arnel', 'A', 'Adaro', '', '2002-06-18', 'Male', 'Single', 'Dansullan, Polanco, Z.N.', 'Plantilla Casual', '2025-07-01', '', 'Active', '', '', '', '', '', '1'),
(118, '', '097210-401-A', 'Napoleon', 'P', 'Adriatico', '', '1956-07-30', 'Male', 'Married', 'Villahermosa, Polanco, Z.N.', 'Ex Officio', '2025-07-01', '', 'Active', '', '', '', '', '', '1'),
(119, '', '097210-003', 'Alfredo', 'S', 'Bait-it', '', '1952-04-11', 'Male', 'Married', 'Villahermosa, Polanco, Z.N.', 'SB Member', '2016-07-01', '', 'Active', '', '', '', '', '', '1'),
(120, '', '097210-328', 'Bonna Claire', 'L', 'Baliola', '', '1998-04-17', 'Female', 'Single', 'Pob. North, Polanco, Z.N.', 'Internal Auditor', '2020-10-01', '', 'Active', '', '', '', '', '', '1'),
(121, '', '097210-013', 'Dioniso', 'A', 'Dalida', '', '1954-05-27', 'Male', 'Married', 'Milad, Polanco, Z.N.', 'SB Member', '2025-07-01', '', 'Active', '', '', '', '', '', '1'),
(122, '', '097210-036', 'Rolando', 'P', 'Escuadro', '', '1960-12-23', 'Male', 'Married', 'Lapayanbaja, Polanco, Z.N.', 'SB Member', '2025-07-01', '', 'Active', '', '', '', '', '', '1'),
(123, '', '097210-010', 'Cinderelle', 'M', 'Gabucan', '', '1997-02-02', 'Female', 'Single', 'Pob. North, Polanco, Z.N.', 'SB Member', '2025-07-01', '', 'Active', '', '', '', '', '', '1'),
(124, '', '097210-067', 'Nessa Christabelle', 'P', 'Gonzales', '', '1994-03-25', 'Female', 'Single', 'Pob. North, Polanco, Z.N.', 'Private Secretary to the Mayor', '2025-07-01', '', 'Active', '', '', '', '', '', '1'),
(125, '', '097210-152', 'Ginalyn', 'A', 'Jutingo', '', '1976-08-02', 'Female', 'Married', 'Dipolog City, Z.N.', 'Plantilla Casual', '2025-07-01', '', 'Active', '', '', '', '', '', '1'),
(126, '', '097210-088', 'Flores May', 'L', 'Orosa', '', '1991-05-17', 'Female', 'Married', 'Obay, Polanco, Z.N.', 'Municipal Administrator', '2025-07-01', '', 'Active', '', '', '', '', '', '1'),
(127, '', '097210-300', 'Ryan', 'G', 'Paner', '', '1987-08-23', 'Male', 'Married', 'Pob. North, Polanco, Z.N.', 'Plantilla Casual', '2025-07-01', '', 'Active', '', '', '', '', '', '1'),
(128, '', '097210-200', 'Secenio', 'H', 'Ramayla', 'Jr.', '1981-12-16', 'Male', 'Married', 'Silawe, Polanco, Z.N.', 'Driver', '2025-09-01', '', 'Active', '', '', '', '', '', '1'),
(129, '', '097210-008', 'Jose Marion', 'F', 'Repaja', '', '1985-09-08', 'Male', 'Single', 'Pob. North, Polanco, Z.N.', 'SB Member', '2025-07-01', '', 'Active', '', '', '', '', '', '1'),
(130, '', '097210-009', 'Ray Geynill', 'R', 'Samonte', '', '1990-05-05', 'Male', 'Single', 'Pob. North, Polanco, Z.N.', 'SB Member', '2025-07-01', '', 'Active', '', '', '', '', '', '1'),
(131, '', '097210-110', 'Noel', 'V', 'Sandueta', '', '1978-03-12', 'Male', 'Married', 'Villahermosa, Polanco, Z.N.', 'Municipal Agriculturist', '2025-08-26', '', 'Active', '', '', '', '', '', '1'),
(132, '', '097210-227', 'Joselito', 'J', 'Tacloban', '', '1982-05-01', 'Male', 'Married', 'Pob. North, Polanco, Z.N.', 'Administrative Aide', '2024-01-02', '', 'Active', '', '', '', '', '', '0'),
(133, '', '097210-398', 'Joyce', 'J', 'Villaran', '', '1981-04-02', 'Female', 'Married', 'Letapan, Polanco, Z.N.', 'Plantilla Casual', '2025-07-01', '', 'Active', '', '', '', '', '', '1'),
(134, '', '097210-401', 'Norma', 'D', 'Adriatico', '', '1991-07-25', 'Female', 'Single', 'Bethlehem, Polanco, Z.N.', 'Administrative Aide', '2025-03-25', '', 'Active', '', '', '', '', '', '1'),
(135, '', '097210-XXX', 'Jeia Mae', 'J', 'Realista', '', '1993-05-09', 'Female', 'Single', 'Guinles, Polanco, Z.N', 'Plantilla Casual', '2025-07-01', '', 'Active', '', '', '', '', '', '1');

-- --------------------------------------------------------

--
-- Table structure for table `employee_deductions`
--

CREATE TABLE `employee_deductions` (
  `employee_deduction_id` int(11) NOT NULL,
  `employee_id` int(11) NOT NULL,
  `total_deduction` decimal(10,2) NOT NULL,
  `effective_date` date NOT NULL,
  `deduction_particulars` varchar(50) NOT NULL,
  `end_date` date DEFAULT NULL,
  `date_created` date NOT NULL,
  `date_updated` date NOT NULL,
  `is_frozen` int(1) NOT NULL DEFAULT 0
) ENGINE=InnoDB DEFAULT CHARSET=utf8mb4;

--
-- Dumping data for table `employee_deductions`
--

INSERT INTO `employee_deductions` (`employee_deduction_id`, `employee_id`, `total_deduction`, `effective_date`, `deduction_particulars`, `end_date`, `date_created`, `date_updated`, `is_frozen`) VALUES
(3, 94, '38255.73', '2026-01-01', 'Deductions as of Feb. 2026', NULL, '2026-03-02', '0000-00-00', 0),
(4, 10, '19318.38', '2026-01-01', 'Deductions as of Feb. 2026', NULL, '2026-03-02', '0000-00-00', 0),
(5, 124, '8226.70', '2026-01-01', 'Deductions as of Feb. 2026', NULL, '2026-03-02', '2026-03-03', 0),
(6, 64, '11058.45', '2026-01-01', 'Deductions as of Feb. 2026', NULL, '2026-03-02', '0000-00-00', 0),
(7, 120, '15204.42', '2026-01-01', 'Deductions as of Feb. 2026', NULL, '2026-03-02', '2026-03-03', 0),
(8, 67, '6301.95', '2026-01-01', 'Deductions as of Feb. 2026', NULL, '2026-03-02', '2026-03-10', 0),
(9, 5, '3504.75', '2026-01-01', 'Deductions as of Feb. 2026', NULL, '2026-03-02', '0000-00-00', 0),
(10, 84, '10397.76', '2026-01-01', 'Deductions as of Feb. 2026', NULL, '2026-03-02', '0000-00-00', 0),
(11, 51, '7688.46', '2026-01-01', 'Deductions as of Feb. 2026', NULL, '2026-03-02', '0000-00-00', 0),
(12, 78, '5680.42', '2026-01-01', 'Deductions as of Feb. 2026', NULL, '2026-03-02', '0000-00-00', 0),
(13, 43, '7106.34', '2026-01-01', 'Deductions as of Feb. 2026', NULL, '2026-03-02', '2026-03-10', 0),
(14, 88, '14420.22', '2026-01-01', 'Deductions as of Feb. 2026', NULL, '2026-03-02', '2026-03-05', 0),
(15, 69, '8836.64', '2026-01-01', 'Deductions as of Feb. 2026', NULL, '2026-03-02', '2026-03-05', 0),
(16, 111, '6613.29', '2026-01-01', 'Deductions as of Feb. 2026', NULL, '2026-03-02', '2026-03-05', 0),
(17, 126, '23662.20', '2026-01-01', 'Deductions as of Feb. 2026', NULL, '2026-03-02', '0000-00-00', 0),
(18, 23, '24819.98', '2026-01-01', 'Deductions as of Feb. 2026', NULL, '2026-03-02', '2026-03-03', 0),
(19, 80, '29664.26', '2026-01-01', 'Deductions as of Feb. 2026', NULL, '2026-03-02', '2026-03-05', 0),
(20, 12, '14631.17', '2026-01-01', 'Deductions as of Feb. 2026', NULL, '2026-03-02', '2026-03-03', 0),
(21, 8, '2732.87', '2026-01-01', 'Deductions as of Feb. 2026', NULL, '2026-03-02', '0000-00-00', 0),
(22, 107, '11911.70', '2026-01-01', 'Deductions as of Feb. 2026', NULL, '2026-03-02', '2026-03-11', 0),
(23, 115, '2329.87', '2026-01-01', 'Deductions as of Feb. 2026', NULL, '2026-03-02', '0000-00-00', 0),
(24, 11, '2977.75', '2026-01-01', 'Deductions as of Feb. 2026', NULL, '2026-03-02', '0000-00-00', 0),
(25, 96, '4180.42', '2026-01-01', 'Deductions as of Feb. 2026', NULL, '2026-03-02', '0000-00-00', 0),
(26, 26, '2150.92', '2026-01-01', 'Deductions as of Feb. 2026', NULL, '2026-03-02', '0000-00-00', 0),
(27, 106, '11245.40', '2026-01-01', 'Deductions as of Feb. 2026', NULL, '2026-03-02', '2026-03-09', 0),
(28, 70, '28249.86', '2026-01-01', 'Deductions as of Feb. 2026', NULL, '2026-03-02', '0000-00-00', 0),
(29, 128, '2213.75', '2026-01-01', 'Deductions as of Feb. 2026', NULL, '2026-03-02', '2026-03-05', 0),
(30, 62, '24682.82', '2026-01-01', 'Deductions as of Feb. 2026', NULL, '2026-03-02', '0000-00-00', 0),
(31, 130, '23662.20', '2026-01-01', 'Deductions as of Feb. 2026', NULL, '2026-03-02', '0000-00-00', 0),
(32, 129, '88716.35', '2026-01-01', 'Deductions as of Feb. 2026', NULL, '2026-03-02', '0000-00-00', 0),
(33, 73, '24171.13', '2026-01-01', 'Deductions as of Feb. 2026', NULL, '2026-03-02', '0000-00-00', 0),
(34, 121, '22579.17', '2026-01-01', 'Deductions as of Feb. 2026', NULL, '2026-03-02', '0000-00-00', 0),
(35, 123, '23662.20', '2026-01-01', 'Deductions as of Feb. 2026', NULL, '2026-03-02', '0000-00-00', 0),
(36, 119, '17459.17', '2026-01-01', 'Deductions as of Feb. 2026', NULL, '2026-03-02', '0000-00-00', 0),
(37, 122, '17459.17', '2026-01-01', 'Deductions as of Feb. 2026', NULL, '2026-03-02', '0000-00-00', 0),
(38, 118, '17459.17', '2026-01-01', 'Deductions as of Feb. 2026', NULL, '2026-03-02', '0000-00-00', 0),
(40, 63, '26910.02', '2026-01-01', 'Deductions as of Feb. 2026', NULL, '2026-03-02', '2026-03-05', 0),
(41, 54, '20342.15', '2026-01-01', 'Deductions as of Feb. 2026', NULL, '2026-03-02', '2026-03-11', 0),
(42, 20, '86760.66', '2026-01-01', 'Deductions as of Feb. 2026', NULL, '2026-03-02', '0000-00-00', 0),
(43, 86, '3198.37', '2026-01-01', 'Deductions as of Feb. 2026', NULL, '2026-03-02', '0000-00-00', 0),
(44, 95, '13235.57', '2026-01-01', 'Deductions as of Feb. 2026', NULL, '2026-03-02', '0000-00-00', 0),
(45, 17, '3952.62', '2026-01-01', 'Deductions as of Feb. 2026', NULL, '2026-03-02', '0000-00-00', 0),
(46, 55, '76186.94', '2026-01-01', 'Deductions as of Feb. 2026', NULL, '2026-03-02', '2026-03-05', 0),
(47, 19, '16110.50', '2026-01-01', 'Deductions as of Feb. 2026', NULL, '2026-03-02', '0000-00-00', 0),
(48, 32, '11702.29', '2026-01-01', 'Deductions as of Feb. 2026', NULL, '2026-03-02', '0000-00-00', 0),
(49, 39, '14060.43', '2026-01-01', 'Deductions as of Feb. 2026', NULL, '2026-03-02', '0000-00-00', 0),
(50, 13, '15500.12', '2026-01-01', 'Deductions as of Feb. 2026', NULL, '2026-03-02', '0000-00-00', 0),
(51, 87, '30517.14', '2026-01-01', 'Deductions as of Feb. 2026', NULL, '2026-03-02', '0000-00-00', 0),
(52, 29, '24622.17', '2026-01-01', 'Deductions as of Feb. 2026', NULL, '2026-03-02', '2026-03-05', 0),
(53, 42, '6949.54', '2026-01-01', 'Deductions as of Feb. 2026', NULL, '2026-03-02', '2026-03-05', 0),
(54, 134, '3963.75', '2026-01-01', 'Deductions as of Feb. 2026', NULL, '2026-03-02', '2026-03-05', 0),
(55, 6, '63840.66', '2026-01-01', 'Deductions as of Feb. 2026', NULL, '2026-03-02', '0000-00-00', 0),
(56, 31, '17799.46', '2026-01-01', 'Deductions as of Feb. 2026', NULL, '2026-03-02', '2026-03-05', 0),
(57, 40, '8147.75', '2026-01-01', 'Deductions as of Feb. 2026', NULL, '2026-03-02', '2026-03-05', 0),
(58, 56, '5254.75', '2026-01-01', 'Deductions as of Feb. 2026', NULL, '2026-03-02', '0000-00-00', 0),
(59, 72, '4582.37', '2026-01-01', 'Deductions as of Feb. 2026', NULL, '2026-03-02', '0000-00-00', 0),
(60, 46, '35330.72', '2026-01-01', 'Deductions as of Feb. 2026', NULL, '2026-03-02', '0000-00-00', 0),
(61, 74, '14498.17', '2026-01-01', 'Deductions as of Feb. 2026', NULL, '2026-03-02', '0000-00-00', 0),
(62, 91, '17042.34', '2026-01-01', 'Deductions as of Feb. 2026', NULL, '2026-03-02', '2026-03-03', 0),
(63, 53, '16412.08', '2026-01-01', 'Deductions as of Feb. 2026', NULL, '2026-03-02', '2026-03-05', 0),
(64, 99, '2732.87', '2026-01-01', 'Deductions as of Feb. 2026', NULL, '2026-03-02', '2026-03-05', 0),
(65, 7, '5113.05', '2026-01-01', 'Deductions as of Feb. 2026', NULL, '2026-03-02', '0000-00-00', 0),
(66, 1, '2213.75', '2026-01-01', 'Deductions as of Feb. 2026', NULL, '2026-03-02', '2026-03-05', 0),
(67, 25, '25565.87', '2026-01-01', 'Deductions as of Feb. 2026', NULL, '2026-03-02', '0000-00-00', 0),
(68, 57, '8903.37', '2026-01-01', 'Deductions as of Feb. 2026', NULL, '2026-03-02', '2026-03-05', 0),
(69, 44, '7195.25', '2026-01-01', 'Deductions as of Feb. 2026', NULL, '2026-03-02', '0000-00-00', 0),
(70, 28, '9883.33', '2026-01-01', 'Deductions as of Feb. 2026', NULL, '2026-03-02', '2026-03-05', 0),
(71, 93, '4077.75', '2026-01-01', 'Deductions as of Feb. 2026', NULL, '2026-03-02', '0000-00-00', 0),
(72, 47, '17518.42', '2026-01-01', 'Deductions as of Feb. 2026', NULL, '2026-03-02', '0000-00-00', 0),
(73, 59, '13109.43', '2026-01-01', 'Deductions as of Feb. 2026', NULL, '2026-03-02', '0000-00-00', 0),
(74, 22, '14303.64', '2026-01-01', 'Deductions as of Feb. 2026', NULL, '2026-03-02', '0000-00-00', 0),
(75, 68, '2932.87', '2026-01-01', 'Deductions as of Feb. 2026', NULL, '2026-03-02', '0000-00-00', 0),
(76, 24, '6574.78', '2026-01-01', 'Deductions as of Feb. 2026', NULL, '2026-03-02', '2026-03-05', 0),
(77, 112, '10286.31', '2026-01-01', 'Deductions as of Feb. 2026', NULL, '2026-03-02', '2026-03-03', 0),
(78, 4, '36227.68', '2026-01-01', 'Deductions as of Feb. 2026', NULL, '2026-03-03', '0000-00-00', 0),
(79, 37, '12459.64', '2026-01-01', 'Deductions as of Feb. 2026', NULL, '2026-03-03', '2026-03-03', 0),
(80, 85, '5827.75', '2026-01-01', 'Deductions as of Feb. 2026', NULL, '2026-03-03', '2026-03-03', 0),
(81, 50, '12997.12', '2026-01-01', 'Deductions as of Feb. 2026', NULL, '2026-03-03', '0000-00-00', 0),
(82, 102, '11167.76', '2026-01-01', 'Deductions as of Feb. 2026', NULL, '2026-03-03', '0000-00-00', 0),
(83, 131, '23662.20', '2026-01-01', 'Deductions as of Feb. 2026', NULL, '2026-03-03', '0000-00-00', 0),
(84, 49, '11330.96', '2026-01-01', 'Deductions as of Feb. 2026', NULL, '2026-03-03', '2026-03-06', 0),
(85, 2, '15812.95', '2026-01-01', 'Deductions as of Feb. 2026', NULL, '2026-03-03', '0000-00-00', 0),
(86, 105, '4698.37', '2026-01-01', 'Deductions as of Feb. 2026', NULL, '2026-03-03', '2026-03-05', 0),
(87, 113, '3198.37', '2026-01-01', 'Deductions as of Feb. 2026', NULL, '2026-03-03', '0000-00-00', 0),
(88, 103, '9790.95', '2026-01-01', 'Deductions as of Feb. 2026', NULL, '2026-03-03', '0000-00-00', 0),
(89, 104, '3198.37', '2026-01-01', 'Deductions as of Feb. 2026', NULL, '2026-03-03', '0000-00-00', 0),
(90, 65, '3198.37', '2026-01-01', 'Deductions as of Feb. 2026', NULL, '2026-03-03', '0000-00-00', 0),
(91, 98, '11242.69', '2026-01-01', 'Deductions as of Feb. 2026', NULL, '2026-03-03', '2026-03-05', 0),
(92, 36, '43881.69', '2026-01-01', 'Deductions as of Feb. 2026', NULL, '2026-03-03', '2026-03-11', 0),
(93, 45, '19793.93', '2026-01-01', 'Deductions as of Feb. 2026', NULL, '2026-03-03', '2026-03-05', 0),
(94, 97, '4597.62', '2026-01-01', 'Deductions as of Feb. 2026', NULL, '2026-03-03', '0000-00-00', 0),
(95, 35, '9381.52', '2026-01-01', 'Deductions as of Feb. 2026', NULL, '2026-03-03', '0000-00-00', 0),
(96, 30, '6838.25', '2026-01-01', 'Deductions as of Feb. 2026', NULL, '2026-03-03', '0000-00-00', 0),
(97, 116, '1854.97', '2026-01-01', 'Deductions as of Feb. 2026', NULL, '2026-03-03', '0000-00-00', 0),
(98, 117, '1854.97', '2026-01-01', 'Deductions as of Feb. 2026', NULL, '2026-03-03', '0000-00-00', 0),
(99, 125, '4755.44', '2026-01-01', 'Deductions as of Feb. 2026', NULL, '2026-03-03', '2026-03-03', 0),
(100, 127, '1854.97', '2026-01-01', 'Deductions as of Feb. 2026', NULL, '2026-03-03', '0000-00-00', 0),
(101, 133, '1854.97', '2026-01-01', 'Deductions as of Feb. 2026', NULL, '2026-03-03', '0000-00-00', 0),
(102, 135, '2604.97', '2026-01-01', 'Deductions as of Feb. 2026', NULL, '2026-03-03', '0000-00-00', 0),
(103, 114, '6426.83', '2026-01-01', 'Deductions as of Feb. 2026', NULL, '2026-03-03', '2026-03-05', 0),
(104, 9, '29548.54', '2026-01-01', 'Deductions as of Feb. 2026', NULL, '2026-03-03', '2026-03-03', 0),
(105, 15, '27348.65', '2026-01-01', 'Deductions as of Feb. 2026', NULL, '2026-03-03', '0000-00-00', 0),
(106, 81, '13866.86', '2026-01-01', 'Deductions as of Feb. 2026', NULL, '2026-03-03', '2026-03-05', 0),
(107, 108, '38643.12', '2026-01-01', 'Deductions as of Feb. 2026', NULL, '2026-03-03', '0000-00-00', 0),
(108, 71, '40389.69', '2026-01-01', 'Deductions as of Feb. 2026', NULL, '2026-03-03', '0000-00-00', 0),
(109, 61, '43392.73', '2026-01-01', 'Deductions as of Feb. 2026', NULL, '2026-03-03', '2026-03-05', 0),
(110, 38, '18944.36', '2026-01-01', 'Deductions as of Feb. 2026', NULL, '2026-03-03', '0000-00-00', 0),
(111, 52, '20943.03', '2026-01-01', 'Deductions as of Feb. 2026', NULL, '2026-03-03', '2026-03-05', 0),
(112, 18, '35468.13', '2026-01-01', 'Deductions as of Feb. 2026', NULL, '2026-03-03', '2026-03-05', 0),
(113, 89, '26043.29', '2026-01-01', 'Deductions as of Feb. 2026', NULL, '2026-03-03', '2026-03-05', 0),
(114, 60, '30141.27', '2026-01-01', 'Deductions as of Feb. 2026', NULL, '2026-03-03', '2026-03-09', 0),
(115, 79, '29181.34', '2026-01-01', 'Deductions as of Feb. 2026', NULL, '2026-03-03', '2026-03-11', 0),
(116, 27, '29044.04', '2026-01-01', 'Deductions as of Feb. 2026', NULL, '2026-03-03', '0000-00-00', 0),
(117, 77, '31852.83', '2026-01-01', 'Deductions as of Feb. 2026', NULL, '2026-03-03', '0000-00-00', 0),
(118, 83, '30899.12', '2026-01-01', 'Deductions as of Feb. 2026', NULL, '2026-03-03', '2026-03-05', 0),
(119, 41, '27935.68', '2026-01-01', 'Deductions as of Feb. 2026', NULL, '2026-03-03', '2026-03-09', 0),
(120, 48, '28424.84', '2026-01-01', 'Deductions as of Feb. 2026', NULL, '2026-03-03', '0000-00-00', 0),
(121, 92, '4958.25', '2026-01-01', 'Deductions as of Feb. 2026', NULL, '2026-03-03', '0000-00-00', 0),
(122, 21, '16900.62', '2026-01-01', 'Deductions as of Feb. 2026', NULL, '2026-03-03', '2026-03-09', 0),
(123, 66, '17871.71', '2026-01-01', 'Deductions as of Feb. 2026', NULL, '2026-03-03', '0000-00-00', 0),
(124, 100, '2424.12', '2026-01-01', 'Deductions as of Feb. 2026', NULL, '2026-03-03', '0000-00-00', 0),
(125, 58, '5794.62', '2026-01-01', 'Deductions as of Feb. 2026', NULL, '2026-03-03', '0000-00-00', 0),
(126, 33, '55749.42', '2026-01-01', 'Deductions as of Feb. 2026', NULL, '2026-03-03', '2026-03-10', 0),
(127, 82, '24578.61', '2026-01-01', 'Deductions as of Feb. 2026', NULL, '2026-03-03', '2026-03-10', 0),
(128, 110, '6018.30', '2026-01-01', 'Deductions as of Feb. 2026', NULL, '2026-03-03', '2026-03-10', 0),
(129, 101, '3198.37', '2026-01-01', 'Deductions as of Feb. 2026', NULL, '2026-03-03', '2026-03-10', 0),
(130, 14, '20412.93', '2026-01-01', 'Deductions as of Feb. 2026', NULL, '2026-03-03', '2026-03-10', 0),
(131, 109, '2732.87', '2026-01-01', 'Deductions as of Feb. 2026', NULL, '2026-03-03', '2026-03-10', 0),
(132, 3, '16545.08', '2026-01-01', 'Deductions as of Feb. 2026', NULL, '2026-03-03', '2026-03-10', 0);

-- --------------------------------------------------------

--
-- Table structure for table `employee_deductions_components`
--

CREATE TABLE `employee_deductions_components` (
  `deduction_component_id` int(11) NOT NULL,
  `employee_deduction_id` int(11) NOT NULL,
  `config_deduction_id` int(11) NOT NULL,
  `deduction_comp_amt` decimal(10,2) NOT NULL
) ENGINE=InnoDB DEFAULT CHARSET=utf8mb4;

--
-- Dumping data for table `employee_deductions_components`
--

INSERT INTO `employee_deductions_components` (`deduction_component_id`, `employee_deduction_id`, `config_deduction_id`, `deduction_comp_amt`) VALUES
(13, 3, 2, '11555.73'),
(14, 3, 4, '300.00'),
(15, 3, 21, '2500.00'),
(16, 3, 1, '23900.00'),
(17, 4, 2, '4198.41'),
(18, 4, 4, '300.00'),
(19, 4, 21, '1166.22'),
(20, 4, 1, '3420.00'),
(21, 4, 17, '486.49'),
(22, 4, 5, '9747.26'),
(28, 6, 2, '3256.83'),
(29, 6, 27, '2648.41'),
(30, 6, 26, '1966.67'),
(31, 6, 4, '300.00'),
(32, 6, 21, '904.67'),
(33, 6, 1, '1600.00'),
(34, 6, 17, '381.87'),
(52, 9, 2, '1753.02'),
(53, 9, 4, '300.00'),
(54, 9, 21, '486.95'),
(55, 9, 14, '750.00'),
(56, 9, 17, '214.78'),
(57, 10, 2, '1363.50'),
(58, 10, 19, '4717.34'),
(59, 10, 26, '1966.67'),
(60, 10, 4, '300.00'),
(61, 10, 21, '378.75'),
(62, 10, 17, '171.50'),
(63, 10, 18, '1500.00'),
(64, 11, 2, '1363.50'),
(65, 11, 4, '300.00'),
(66, 11, 21, '378.75'),
(67, 11, 14, '750.00'),
(68, 11, 12, '4724.71'),
(69, 11, 17, '171.50'),
(70, 12, 2, '1363.50'),
(71, 12, 26, '1966.67'),
(72, 12, 4, '300.00'),
(73, 12, 21, '378.75'),
(74, 12, 18, '1500.00'),
(75, 12, 17, '171.50'),
(107, 17, 2, '7953.03'),
(108, 17, 4, '300.00'),
(109, 17, 21, '2209.17'),
(110, 17, 1, '13200.00'),
(140, 21, 2, '1737.27'),
(141, 21, 4, '300.00'),
(142, 21, 21, '482.57'),
(143, 21, 17, '213.03'),
(156, 23, 2, '1447.11'),
(157, 23, 4, '300.00'),
(158, 23, 21, '401.97'),
(159, 23, 17, '180.79'),
(160, 24, 2, '1373.58'),
(161, 24, 4, '300.00'),
(162, 24, 21, '381.55'),
(163, 24, 14, '750.00'),
(164, 24, 17, '172.62'),
(165, 25, 2, '1363.50'),
(166, 25, 26, '1966.67'),
(167, 25, 4, '300.00'),
(168, 25, 21, '378.75'),
(169, 25, 17, '171.50'),
(170, 26, 2, '1322.64'),
(171, 26, 4, '293.92'),
(172, 26, 21, '367.40'),
(173, 26, 17, '166.96'),
(183, 28, 2, '9049.86'),
(184, 28, 4, '300.00'),
(185, 28, 21, '2500.00'),
(186, 28, 1, '16400.00'),
(190, 30, 2, '8203.95'),
(191, 30, 4, '300.00'),
(192, 30, 21, '2278.87'),
(193, 30, 1, '13900.00'),
(194, 31, 2, '7953.03'),
(195, 31, 4, '300.00'),
(196, 31, 21, '2209.17'),
(197, 31, 1, '13200.00'),
(198, 32, 2, '7953.03'),
(199, 32, 4, '300.00'),
(200, 32, 21, '2209.17'),
(201, 32, 1, '13200.00'),
(202, 32, 12, '65054.15'),
(203, 33, 2, '8077.41'),
(204, 33, 4, '300.00'),
(205, 33, 21, '2243.72'),
(206, 33, 1, '13550.00'),
(207, 34, 21, '2209.17'),
(208, 34, 1, '15250.00'),
(209, 34, 17, '5120.00'),
(210, 35, 2, '7953.03'),
(211, 35, 4, '300.00'),
(212, 35, 21, '2209.17'),
(213, 35, 1, '13200.00'),
(214, 36, 21, '2209.17'),
(215, 36, 1, '15250.00'),
(216, 37, 21, '2209.17'),
(217, 37, 1, '15250.00'),
(218, 38, 21, '2209.17'),
(219, 38, 1, '15250.00'),
(254, 42, 2, '7953.03'),
(255, 42, 16, '500.00'),
(256, 42, 19, '3914.99'),
(257, 42, 27, '18323.11'),
(258, 42, 28, '2333.33'),
(259, 42, 4, '300.00'),
(260, 42, 31, '1000.00'),
(261, 42, 30, '4725.92'),
(262, 42, 21, '2209.17'),
(263, 42, 1, '12950.00'),
(264, 42, 17, '903.67'),
(265, 42, 12, '30774.80'),
(266, 42, 25, '872.64'),
(267, 43, 2, '2072.43'),
(268, 43, 4, '300.00'),
(269, 43, 21, '575.67'),
(270, 43, 17, '250.27'),
(271, 44, 2, '1737.27'),
(272, 44, 26, '1966.67'),
(273, 44, 25, '1125.00'),
(274, 44, 27, '2215.31'),
(275, 44, 28, '1400.00'),
(276, 44, 4, '300.00'),
(277, 44, 30, '1195.72'),
(278, 44, 21, '482.57'),
(279, 44, 17, '213.03'),
(280, 44, 18, '1600.00'),
(281, 44, 22, '1000.00'),
(282, 45, 2, '1535.49'),
(283, 45, 4, '300.00'),
(284, 45, 21, '426.52'),
(285, 45, 17, '190.61'),
(286, 45, 18, '1500.00'),
(298, 47, 2, '3288.96'),
(299, 47, 19, '5973.36'),
(300, 47, 4, '800.00'),
(301, 47, 30, '2349.14'),
(302, 47, 21, '913.60'),
(303, 47, 1, '1650.00'),
(304, 47, 14, '750.00'),
(305, 47, 17, '385.44'),
(306, 48, 2, '3288.96'),
(307, 48, 25, '655.56'),
(308, 48, 27, '1842.06'),
(309, 48, 4, '300.00'),
(310, 48, 21, '913.60'),
(311, 48, 1, '1650.00'),
(312, 48, 14, '750.00'),
(313, 48, 17, '385.44'),
(314, 48, 18, '1916.67'),
(315, 49, 2, '1881.27'),
(316, 49, 4, '800.00'),
(317, 49, 21, '522.57'),
(318, 49, 17, '229.03'),
(319, 49, 12, '10627.56'),
(320, 50, 2, '1737.27'),
(321, 50, 27, '952.64'),
(322, 50, 26, '1966.67'),
(323, 50, 4, '300.00'),
(324, 50, 21, '482.57'),
(325, 50, 17, '213.03'),
(326, 50, 12, '9847.94'),
(327, 51, 2, '8077.41'),
(328, 51, 24, '2678.52'),
(329, 51, 4, '300.00'),
(330, 51, 21, '2243.72'),
(331, 51, 1, '13300.00'),
(332, 51, 14, '3000.00'),
(333, 51, 17, '917.49'),
(355, 55, 2, '8203.95'),
(356, 55, 28, '2333.33'),
(357, 55, 26, '1966.67'),
(358, 55, 16, '500.00'),
(359, 55, 27, '12118.40'),
(360, 55, 4, '1450.00'),
(361, 55, 31, '1000.00'),
(362, 55, 5, '4547.97'),
(363, 55, 21, '2278.87'),
(364, 55, 1, '13700.00'),
(365, 55, 17, '931.55'),
(366, 55, 18, '2500.00'),
(367, 55, 12, '12309.92'),
(384, 58, 2, '1753.02'),
(385, 58, 4, '300.00'),
(386, 58, 21, '486.95'),
(387, 58, 17, '214.78'),
(388, 58, 18, '2500.00'),
(389, 59, 2, '1628.91'),
(390, 59, 4, '300.00'),
(391, 59, 31, '1000.00'),
(392, 59, 21, '452.47'),
(393, 59, 17, '200.99'),
(394, 59, 18, '1000.00'),
(395, 60, 2, '8077.41'),
(396, 60, 27, '10392.10'),
(397, 60, 4, '300.00'),
(398, 60, 21, '2243.72'),
(399, 60, 1, '13300.00'),
(400, 60, 17, '1017.49'),
(401, 61, 2, '3256.83'),
(402, 61, 26, '1966.67'),
(403, 61, 4, '1000.00'),
(404, 61, 31, '2000.00'),
(405, 61, 21, '904.67'),
(406, 61, 1, '1600.00'),
(407, 61, 14, '750.00'),
(408, 61, 17, '520.00'),
(409, 61, 18, '2500.00'),
(437, 65, 2, '1753.02'),
(438, 65, 27, '1608.30'),
(439, 65, 4, '300.00'),
(440, 65, 21, '486.95'),
(441, 65, 14, '750.00'),
(442, 65, 17, '214.78'),
(448, 67, 2, '7953.03'),
(449, 67, 16, '300.00'),
(450, 67, 4, '500.00'),
(451, 67, 21, '2209.17'),
(452, 67, 1, '12950.00'),
(453, 67, 14, '750.00'),
(454, 67, 17, '903.67'),
(461, 69, 2, '2998.98'),
(462, 69, 4, '1300.00'),
(463, 69, 31, '500.00'),
(464, 69, 21, '833.05'),
(465, 69, 1, '1210.00'),
(466, 69, 17, '353.22'),
(483, 71, 2, '2431.98'),
(484, 71, 4, '300.00'),
(485, 71, 21, '675.55'),
(486, 71, 1, '380.00'),
(487, 71, 17, '290.22'),
(488, 72, 2, '1989.18'),
(489, 72, 28, '700.00'),
(490, 72, 19, '5833.66'),
(491, 72, 27, '2935.34'),
(492, 72, 4, '300.00'),
(493, 72, 21, '552.55'),
(494, 72, 22, '1500.00'),
(495, 72, 17, '241.02'),
(496, 72, 18, '1500.00'),
(497, 72, 26, '1966.67'),
(498, 73, 2, '1896.30'),
(499, 73, 4, '300.00'),
(500, 73, 21, '526.75'),
(501, 73, 17, '230.70'),
(502, 73, 12, '10155.68'),
(503, 74, 2, '1896.30'),
(504, 74, 4, '300.00'),
(505, 74, 31, '500.00'),
(506, 74, 21, '526.75'),
(507, 74, 14, '750.00'),
(508, 74, 17, '230.70'),
(509, 74, 18, '1277.78'),
(510, 74, 12, '8822.11'),
(511, 75, 2, '1881.27'),
(512, 75, 4, '300.00'),
(513, 75, 21, '522.57'),
(514, 75, 17, '229.03'),
(528, 78, 2, '7953.03'),
(529, 78, 24, '1630.66'),
(530, 78, 19, '6989.79'),
(531, 78, 4, '1000.00'),
(532, 78, 31, '1000.00'),
(533, 78, 30, '1591.36'),
(534, 78, 21, '2209.17'),
(535, 78, 1, '12950.00'),
(536, 78, 17, '903.67'),
(551, 81, 2, '1896.30'),
(552, 81, 16, '100.00'),
(553, 81, 27, '2288.41'),
(554, 81, 4, '300.00'),
(555, 81, 21, '526.75'),
(556, 81, 12, '6154.96'),
(557, 81, 17, '230.70'),
(558, 81, 18, '1500.00'),
(559, 79, 1, '420.00'),
(560, 79, 2, '2454.93'),
(561, 79, 4, '500.00'),
(562, 79, 8, '4383.35'),
(563, 79, 14, '760.00'),
(564, 79, 17, '292.77'),
(565, 79, 21, '681.92'),
(566, 79, 26, '1966.67'),
(567, 79, 31, '1000.00'),
(568, 80, 1, '380.00'),
(569, 80, 2, '2431.98'),
(570, 80, 4, '300.00'),
(571, 80, 14, '750.00'),
(572, 80, 17, '290.22'),
(573, 80, 21, '675.55'),
(574, 80, 31, '1000.00'),
(575, 82, 2, '1363.50'),
(576, 82, 26, '1966.67'),
(577, 82, 27, '620.04'),
(578, 82, 28, '950.00'),
(579, 82, 4, '300.00'),
(580, 82, 21, '378.75'),
(581, 82, 8, '5417.30'),
(582, 82, 17, '171.50'),
(583, 83, 2, '7953.03'),
(584, 83, 4, '300.00'),
(585, 83, 21, '2209.17'),
(586, 83, 1, '13200.00'),
(595, 85, 2, '3256.83'),
(596, 85, 27, '4652.91'),
(597, 85, 4, '300.00'),
(598, 85, 21, '904.67'),
(599, 85, 1, '1600.00'),
(600, 85, 26, '1966.67'),
(601, 85, 17, '381.87'),
(602, 85, 18, '2750.00'),
(608, 87, 2, '2072.43'),
(609, 87, 4, '300.00'),
(610, 87, 21, '575.67'),
(611, 87, 17, '250.27'),
(612, 88, 2, '2088.99'),
(613, 88, 27, '4652.91'),
(614, 88, 4, '300.00'),
(615, 88, 21, '580.27'),
(616, 88, 17, '252.11'),
(617, 88, 18, '1916.67'),
(618, 89, 2, '2072.43'),
(619, 89, 4, '300.00'),
(620, 89, 21, '575.67'),
(621, 89, 17, '250.27'),
(622, 90, 2, '2072.43'),
(623, 90, 4, '300.00'),
(624, 90, 21, '575.67'),
(625, 90, 17, '250.27'),
(653, 94, 2, '2611.89'),
(654, 94, 4, '300.00'),
(655, 94, 21, '725.52'),
(656, 94, 1, '650.00'),
(657, 94, 17, '310.21'),
(658, 95, 2, '1558.35'),
(659, 95, 27, '6897.15'),
(660, 95, 4, '300.00'),
(661, 95, 21, '432.87'),
(662, 95, 17, '193.15'),
(663, 96, 2, '1546.92'),
(664, 96, 27, '2119.75'),
(665, 96, 4, '300.00'),
(666, 96, 21, '429.70'),
(667, 96, 17, '191.88'),
(668, 96, 18, '1500.00'),
(669, 96, 14, '750.00'),
(670, 97, 2, '1138.95'),
(671, 97, 4, '253.10'),
(672, 97, 21, '316.37'),
(673, 97, 17, '146.55'),
(674, 98, 2, '1138.95'),
(675, 98, 4, '253.10'),
(676, 98, 21, '316.37'),
(677, 98, 17, '146.55'),
(683, 100, 2, '1138.95'),
(684, 100, 4, '253.10'),
(685, 100, 21, '316.37'),
(686, 100, 17, '146.55'),
(687, 101, 2, '1138.95'),
(688, 101, 4, '253.10'),
(689, 101, 21, '316.37'),
(690, 101, 17, '146.55'),
(691, 102, 2, '1138.95'),
(692, 102, 4, '253.10'),
(693, 102, 21, '316.37'),
(694, 102, 14, '750.00'),
(695, 102, 17, '146.55'),
(712, 105, 2, '2833.74'),
(713, 105, 16, '500.00'),
(714, 105, 19, '8935.95'),
(715, 105, 27, '5127.11'),
(716, 105, 28, '2333.33'),
(717, 105, 4, '300.00'),
(718, 105, 5, '4376.51'),
(719, 105, 21, '787.15'),
(720, 105, 1, '1820.00'),
(721, 105, 17, '334.86'),
(731, 107, 2, '8836.65'),
(732, 107, 4, '300.00'),
(733, 107, 31, '5000.00'),
(734, 107, 21, '2454.62'),
(735, 107, 1, '18500.00'),
(736, 107, 14, '2550.00'),
(737, 107, 17, '1001.85'),
(738, 108, 2, '4295.43'),
(739, 108, 25, '812.06'),
(740, 108, 27, '6775.23'),
(741, 108, 4, '300.00'),
(742, 108, 21, '1193.17'),
(743, 108, 1, '6000.00'),
(744, 108, 17, '497.27'),
(745, 108, 12, '20516.53'),
(758, 104, 1, '1820.00'),
(759, 104, 2, '2833.74'),
(760, 104, 4, '300.00'),
(761, 104, 5, '3557.42'),
(762, 104, 17, '334.86'),
(763, 104, 19, '9634.44'),
(764, 104, 21, '787.15'),
(765, 104, 26, '1966.67'),
(766, 104, 27, '4669.81'),
(767, 104, 28, '2333.33'),
(768, 104, 25, '1311.12'),
(769, 7, 1, '1650.00'),
(770, 7, 2, '3288.96'),
(771, 7, 4, '300.00'),
(772, 7, 16, '500.00'),
(773, 7, 17, '385.44'),
(774, 7, 21, '913.60'),
(775, 7, 25, '655.56'),
(776, 7, 26, '1966.67'),
(777, 7, 27, '4144.19'),
(778, 7, 28, '1400.00'),
(779, 20, 1, '380.00'),
(780, 20, 2, '2431.98'),
(781, 20, 4, '300.00'),
(782, 20, 17, '290.22'),
(783, 20, 19, '2471.36'),
(784, 20, 21, '675.55'),
(785, 20, 22, '1000.00'),
(786, 20, 27, '2782.06'),
(787, 20, 28, '2333.33'),
(788, 20, 26, '1966.67'),
(813, 110, 2, '3654.36'),
(814, 110, 25, '655.56'),
(815, 110, 27, '5467.96'),
(816, 110, 4, '300.00'),
(817, 110, 5, '3275.34'),
(818, 110, 21, '1015.10'),
(819, 110, 1, '4150.00'),
(820, 110, 17, '426.04'),
(840, 62, 1, '380.00'),
(841, 62, 2, '2431.98'),
(842, 62, 4, '300.00'),
(843, 62, 5, '2524.34'),
(844, 62, 14, '750.00'),
(845, 62, 16, '200.00'),
(846, 62, 17, '290.22'),
(847, 62, 18, '3366.67'),
(848, 62, 21, '675.55'),
(849, 62, 26, '1966.67'),
(850, 62, 27, '1257.81'),
(851, 62, 28, '1400.00'),
(852, 62, 30, '187.04'),
(853, 62, 31, '500.00'),
(854, 62, 25, '812.06'),
(897, 5, 1, '1600.00'),
(898, 5, 2, '3256.83'),
(899, 5, 4, '300.00'),
(900, 5, 17, '381.87'),
(901, 5, 21, '904.67'),
(902, 5, 28, '1783.33'),
(903, 99, 2, '1138.95'),
(904, 99, 4, '253.10'),
(905, 99, 16, '67.15'),
(906, 99, 17, '146.55'),
(907, 99, 21, '316.37'),
(908, 99, 27, '1433.32'),
(909, 99, 28, '1400.00'),
(936, 77, 2, '1737.27'),
(937, 77, 4, '300.00'),
(938, 77, 5, '1125.14'),
(939, 77, 8, '4450.52'),
(940, 77, 14, '750.00'),
(941, 77, 17, '213.03'),
(942, 77, 21, '482.57'),
(943, 77, 28, '1227.78'),
(983, 18, 1, '1650.00'),
(984, 18, 2, '3288.96'),
(985, 18, 4, '300.00'),
(986, 18, 17, '385.44'),
(987, 18, 18, '2500.00'),
(988, 18, 19, '6040.20'),
(989, 18, 21, '913.60'),
(990, 18, 26, '1966.67'),
(991, 18, 28, '2333.33'),
(992, 18, 27, '5441.78'),
(993, 116, 2, '2753.73'),
(994, 116, 16, '500.00'),
(995, 116, 27, '3883.38'),
(996, 116, 28, '1400.00'),
(997, 116, 4, '300.00'),
(998, 116, 5, '1689.45'),
(999, 116, 21, '764.92'),
(1000, 116, 1, '1650.00'),
(1001, 116, 17, '325.97'),
(1002, 116, 18, '1500.00'),
(1003, 116, 12, '12309.92'),
(1004, 116, 26, '1966.67'),
(1005, 117, 2, '2753.73'),
(1006, 117, 25, '1211.94'),
(1007, 117, 16, '300.00'),
(1008, 117, 27, '3679.47'),
(1009, 117, 28, '1400.00'),
(1010, 117, 4, '300.00'),
(1011, 117, 5, '1638.56'),
(1012, 117, 21, '764.92'),
(1013, 117, 1, '1650.00'),
(1014, 117, 17, '325.97'),
(1015, 117, 18, '1500.00'),
(1016, 117, 12, '14361.57'),
(1017, 117, 26, '1966.67'),
(1059, 120, 2, '2702.16'),
(1060, 120, 27, '2157.74'),
(1061, 120, 4, '300.00'),
(1062, 120, 21, '750.60'),
(1063, 120, 1, '1550.00'),
(1064, 120, 8, '20644.10'),
(1065, 120, 17, '320.24'),
(1066, 121, 2, '2302.74'),
(1067, 121, 4, '300.00'),
(1068, 121, 21, '639.65'),
(1069, 121, 1, '680.00'),
(1070, 121, 14, '760.00'),
(1071, 121, 17, '275.86'),
(1081, 123, 2, '1706.13'),
(1082, 123, 27, '2461.84'),
(1083, 123, 4, '300.00'),
(1084, 123, 21, '473.92'),
(1085, 123, 17, '209.57'),
(1086, 123, 12, '12720.25'),
(1087, 124, 2, '1514.97'),
(1088, 124, 4, '300.00'),
(1089, 124, 21, '420.82'),
(1090, 124, 17, '188.33'),
(1091, 125, 2, '2753.73'),
(1092, 125, 4, '300.00'),
(1093, 125, 21, '764.92'),
(1094, 125, 1, '1650.00'),
(1095, 125, 17, '325.97'),
(1176, 112, 1, '2650.00'),
(1177, 112, 2, '3125.97'),
(1178, 112, 4, '300.00'),
(1179, 112, 8, '2516.95'),
(1180, 112, 12, '13335.75'),
(1181, 112, 16, '500.00'),
(1182, 112, 17, '367.33'),
(1183, 112, 18, '2500.00'),
(1184, 112, 21, '868.32'),
(1185, 112, 25, '1311.12'),
(1186, 112, 26, '1966.67'),
(1187, 112, 27, '3692.69'),
(1188, 112, 28, '2333.33'),
(1214, 111, 1, '2710.00'),
(1215, 111, 2, '3154.41'),
(1216, 111, 4, '300.00'),
(1217, 111, 5, '2251.03'),
(1218, 111, 16, '500.00'),
(1219, 111, 17, '370.49'),
(1220, 111, 21, '876.22'),
(1221, 111, 26, '1966.67'),
(1222, 111, 27, '5169.76'),
(1223, 111, 28, '2333.33'),
(1224, 111, 25, '1311.12'),
(1225, 63, 2, '1881.27'),
(1226, 63, 4, '300.00'),
(1227, 63, 12, '9642.77'),
(1228, 63, 17, '229.03'),
(1229, 63, 21, '522.57'),
(1230, 63, 26, '1966.67'),
(1231, 63, 27, '1369.77'),
(1232, 63, 31, '500.00'),
(1258, 109, 1, '5050.00'),
(1259, 109, 2, '3959.64'),
(1260, 109, 4, '300.00'),
(1261, 109, 8, '7350.86'),
(1262, 109, 16, '500.00'),
(1263, 109, 17, '459.96'),
(1264, 109, 18, '2500.00'),
(1265, 109, 21, '1099.90'),
(1266, 109, 26, '1966.67'),
(1267, 109, 27, '6551.51'),
(1268, 109, 28, '2333.33'),
(1269, 109, 32, '10009.74'),
(1270, 109, 25, '1311.12'),
(1282, 40, 1, '1250.00'),
(1283, 40, 2, '3028.14'),
(1284, 40, 4, '300.00'),
(1285, 40, 5, '5279.78'),
(1286, 40, 16, '500.00'),
(1287, 40, 17, '356.46'),
(1288, 40, 18, '1500.00'),
(1289, 40, 19, '3575.10'),
(1290, 40, 21, '841.15'),
(1291, 40, 26, '1966.67'),
(1292, 40, 27, '4461.21'),
(1294, 40, 28, '1633.33'),
(1295, 40, 30, '1356.32'),
(1296, 40, 25, '861.86'),
(1297, 15, 2, '1147.32'),
(1298, 15, 4, '254.96'),
(1299, 15, 5, '819.62'),
(1300, 15, 17, '147.48'),
(1301, 15, 21, '318.70'),
(1302, 15, 26, '1966.67'),
(1303, 15, 27, '1470.77'),
(1304, 15, 28, '1400.00'),
(1305, 15, 25, '1311.12'),
(1306, 19, 1, '1250.00'),
(1307, 19, 2, '3028.14'),
(1308, 19, 4, '300.00'),
(1309, 19, 5, '3172.47'),
(1310, 19, 17, '356.46'),
(1311, 19, 18, '2500.00'),
(1312, 19, 19, '5448.28'),
(1313, 19, 21, '841.15'),
(1314, 19, 26, '1966.67'),
(1315, 19, 27, '4451.30'),
(1316, 19, 28, '2333.33'),
(1317, 19, 32, '2705.34'),
(1318, 19, 25, '1311.12'),
(1319, 106, 2, '1447.92'),
(1320, 106, 4, '300.00'),
(1321, 106, 17, '180.88'),
(1322, 106, 18, '1000.00'),
(1323, 106, 19, '4953.54'),
(1324, 106, 21, '402.20'),
(1325, 106, 26, '1966.67'),
(1326, 106, 27, '2304.53'),
(1327, 106, 25, '1311.12'),
(1328, 118, 1, '1600.00'),
(1329, 118, 2, '2727.72'),
(1330, 118, 4, '300.00'),
(1331, 118, 8, '2516.95'),
(1332, 118, 12, '12412.50'),
(1333, 118, 16, '200.00'),
(1334, 118, 17, '323.08'),
(1335, 118, 18, '1500.00'),
(1336, 118, 21, '757.70'),
(1337, 118, 26, '1966.67'),
(1338, 118, 27, '3883.38'),
(1339, 118, 28, '1400.00'),
(1340, 118, 25, '1311.12'),
(1341, 14, 2, '1363.50'),
(1342, 14, 4, '300.00'),
(1343, 14, 5, '3119.01'),
(1344, 14, 17, '171.50'),
(1345, 14, 18, '2500.00'),
(1346, 14, 21, '378.75'),
(1347, 14, 26, '1966.67'),
(1348, 14, 27, '1443.00'),
(1349, 14, 28, '1866.67'),
(1350, 14, 25, '1311.12'),
(1357, 113, 1, '1950.00'),
(1358, 113, 2, '2888.91'),
(1359, 113, 4, '300.00'),
(1360, 113, 5, '1901.26'),
(1361, 113, 8, '12184.77'),
(1362, 113, 17, '340.99'),
(1363, 113, 18, '2500.00'),
(1364, 113, 21, '802.47'),
(1365, 113, 28, '2333.33'),
(1366, 113, 25, '841.56'),
(1367, 64, 2, '1737.27'),
(1368, 64, 4, '300.00'),
(1369, 64, 17, '213.03'),
(1370, 64, 21, '482.57'),
(1371, 66, 2, '1363.50'),
(1372, 66, 4, '300.00'),
(1373, 66, 17, '171.50'),
(1374, 66, 21, '378.75'),
(1375, 86, 2, '2072.43'),
(1376, 86, 4, '300.00'),
(1377, 86, 17, '250.27'),
(1378, 86, 21, '575.67'),
(1379, 86, 31, '1500.00'),
(1380, 103, 2, '1138.95'),
(1381, 103, 4, '253.10'),
(1382, 103, 14, '750.00'),
(1383, 103, 17, '146.55'),
(1384, 103, 21, '316.37'),
(1385, 103, 27, '2821.86'),
(1386, 103, 18, '1000.00'),
(1394, 52, 1, '1300.00'),
(1395, 52, 2, '3057.66'),
(1396, 52, 4, '1300.00'),
(1397, 52, 14, '750.00'),
(1398, 52, 16, '100.00'),
(1399, 52, 17, '359.74'),
(1400, 52, 19, '9634.44'),
(1401, 52, 21, '849.35'),
(1402, 52, 26, '1966.67'),
(1403, 52, 27, '4304.31'),
(1404, 52, 18, '1000.00'),
(1405, 91, 2, '1303.11'),
(1406, 91, 4, '289.58'),
(1407, 91, 5, '1170.47'),
(1408, 91, 16, '500.00'),
(1409, 91, 17, '164.79'),
(1410, 91, 18, '1600.00'),
(1411, 91, 21, '361.97'),
(1412, 91, 25, '861.73'),
(1413, 91, 26, '1966.67'),
(1414, 91, 27, '1857.70'),
(1415, 91, 28, '1166.67'),
(1429, 16, 2, '1138.95'),
(1430, 16, 4, '253.10'),
(1431, 16, 14, '750.00'),
(1432, 16, 17, '146.55'),
(1433, 16, 18, '1500.00'),
(1434, 16, 21, '316.37'),
(1435, 16, 27, '2508.32'),
(1436, 29, 2, '1363.50'),
(1437, 29, 4, '300.00'),
(1438, 29, 21, '378.75'),
(1439, 29, 17, '171.50'),
(1440, 53, 2, '1737.27'),
(1441, 53, 14, '750.00'),
(1442, 53, 17, '213.03'),
(1443, 53, 18, '1000.00'),
(1444, 53, 21, '482.57'),
(1445, 53, 26, '1966.67'),
(1446, 53, 31, '500.00'),
(1447, 53, 4, '300.00'),
(1448, 54, 2, '1363.50'),
(1449, 54, 14, '750.00'),
(1450, 54, 17, '171.50'),
(1451, 54, 21, '378.75'),
(1452, 54, 4, '300.00'),
(1453, 54, 31, '1000.00'),
(1454, 68, 1, '2000.00'),
(1455, 68, 2, '3256.83'),
(1456, 68, 4, '300.00'),
(1457, 68, 14, '1060.00'),
(1458, 68, 17, '381.87'),
(1459, 68, 21, '904.67'),
(1460, 68, 31, '1000.00'),
(1461, 70, 1, '600.00'),
(1462, 70, 2, '2431.98'),
(1463, 70, 4, '300.00'),
(1464, 70, 5, '1861.10'),
(1465, 70, 17, '290.22'),
(1466, 70, 21, '675.55'),
(1467, 70, 26, '1966.67'),
(1468, 70, 27, '1257.81'),
(1469, 70, 31, '500.00'),
(1470, 56, 1, '1650.00'),
(1471, 56, 2, '3256.83'),
(1472, 56, 4, '300.00'),
(1473, 56, 16, '1177.00'),
(1474, 56, 17, '381.87'),
(1475, 56, 18, '2500.00'),
(1476, 56, 19, '4817.22'),
(1477, 56, 21, '904.67'),
(1478, 56, 24, '2811.87'),
(1479, 57, 1, '500.00'),
(1480, 57, 2, '2431.98'),
(1481, 57, 4, '500.00'),
(1482, 57, 14, '750.00'),
(1483, 57, 17, '290.22'),
(1484, 57, 21, '675.55'),
(1485, 57, 31, '3000.00'),
(1486, 76, 2, '1800.99'),
(1487, 76, 4, '900.00'),
(1488, 76, 17, '223.18'),
(1489, 76, 21, '500.27'),
(1490, 76, 30, '3150.34'),
(1491, 46, 1, '15850.00'),
(1492, 46, 2, '8863.92'),
(1493, 46, 4, '300.00'),
(1494, 46, 5, '9718.25'),
(1495, 46, 16, '3000.00'),
(1496, 46, 18, '2921.55'),
(1497, 46, 21, '2462.20'),
(1498, 46, 25, '655.56'),
(1499, 46, 26, '1966.67'),
(1500, 46, 27, '25995.41'),
(1501, 46, 28, '2650.00'),
(1502, 46, 30, '1803.38'),
(1515, 93, 1, '2020.00'),
(1516, 93, 2, '3528.36'),
(1517, 93, 4, '300.00'),
(1518, 93, 14, '750.00'),
(1519, 93, 17, '412.04'),
(1520, 93, 21, '980.10'),
(1521, 93, 32, '10303.43'),
(1522, 93, 18, '1500.00'),
(1546, 84, 1, '1600.00'),
(1547, 84, 2, '3256.83'),
(1548, 84, 4, '300.00'),
(1549, 84, 16, '100.00'),
(1550, 84, 17, '381.87'),
(1551, 84, 21, '904.67'),
(1552, 84, 27, '4787.59'),
(1553, 27, 2, '1284.03'),
(1554, 27, 4, '285.34'),
(1555, 27, 8, '4550.52'),
(1556, 27, 17, '162.67'),
(1557, 27, 18, '450.00'),
(1558, 27, 21, '356.67'),
(1559, 27, 25, '655.56'),
(1560, 27, 26, '1966.67'),
(1561, 27, 27, '583.94'),
(1562, 27, 28, '950.00'),
(1563, 114, 1, '1650.00'),
(1564, 114, 2, '2753.73'),
(1565, 114, 4, '300.00'),
(1566, 114, 8, '1550.17'),
(1567, 114, 12, '12412.50'),
(1568, 114, 17, '325.97'),
(1569, 114, 18, '1500.00'),
(1570, 114, 21, '764.92'),
(1571, 114, 25, '1311.12'),
(1572, 114, 26, '1966.67'),
(1573, 114, 27, '3883.38'),
(1574, 114, 28, '1400.00'),
(1575, 114, 30, '322.81'),
(1576, 119, 1, '1550.00'),
(1577, 119, 2, '2702.16'),
(1578, 119, 4, '300.00'),
(1579, 119, 8, '2516.95'),
(1580, 119, 17, '320.24'),
(1581, 119, 18, '2500.00'),
(1582, 119, 19, '7242.57'),
(1583, 119, 21, '750.60'),
(1584, 119, 25, '1311.12'),
(1585, 119, 26, '1966.67'),
(1586, 119, 27, '4442.04'),
(1587, 119, 28, '2333.33'),
(1588, 122, 2, '1757.34'),
(1589, 122, 4, '300.00'),
(1590, 122, 17, '215.26'),
(1591, 122, 18, '2500.00'),
(1592, 122, 21, '488.15'),
(1593, 122, 25, '1173.47'),
(1594, 122, 27, '2798.39'),
(1595, 122, 28, '2333.33'),
(1596, 122, 30, '294.73'),
(1597, 122, 5, '5039.95'),
(1598, 13, 2, '1363.50'),
(1599, 13, 4, '300.00'),
(1600, 13, 14, '750.00'),
(1601, 13, 16, '100.00'),
(1602, 13, 17, '171.50'),
(1603, 13, 19, '3542.59'),
(1604, 13, 21, '378.75'),
(1605, 13, 18, '500.00'),
(1606, 8, 1, '380.00'),
(1607, 8, 2, '2431.98'),
(1608, 8, 4, '500.00'),
(1609, 8, 14, '750.00'),
(1610, 8, 17, '290.22'),
(1611, 8, 21, '675.55'),
(1612, 8, 27, '774.20'),
(1613, 8, 31, '500.00'),
(1614, 126, 1, '17800.00'),
(1615, 126, 2, '8077.41'),
(1616, 126, 4, '300.00'),
(1617, 126, 8, '7222.46'),
(1618, 126, 17, '917.49'),
(1619, 126, 21, '2243.72'),
(1620, 126, 27, '5450.43'),
(1621, 126, 32, '13737.91'),
(1622, 127, 1, '2650.00'),
(1623, 127, 2, '3256.83'),
(1624, 127, 4, '300.00'),
(1625, 127, 5, '1242.94'),
(1626, 127, 8, '12184.77'),
(1627, 127, 17, '381.87'),
(1628, 127, 21, '904.67'),
(1629, 127, 27, '2257.53'),
(1630, 127, 28, '1400.00'),
(1631, 128, 1, '750.00'),
(1632, 128, 2, '2431.98'),
(1633, 128, 4, '300.00'),
(1634, 128, 17, '290.22'),
(1635, 128, 21, '675.55'),
(1636, 128, 27, '1570.55'),
(1637, 129, 2, '2072.43'),
(1638, 129, 4, '300.00'),
(1639, 129, 17, '250.27'),
(1640, 129, 21, '575.67'),
(1641, 131, 2, '1737.27'),
(1642, 131, 4, '300.00'),
(1643, 131, 17, '213.03'),
(1644, 131, 21, '482.57'),
(1645, 132, 2, '1546.92'),
(1646, 132, 4, '300.00'),
(1647, 132, 5, '624.93'),
(1648, 132, 8, '7350.86'),
(1649, 132, 16, '100.00'),
(1650, 132, 17, '191.88'),
(1651, 132, 18, '1500.00'),
(1652, 132, 21, '429.70'),
(1653, 132, 26, '1966.67'),
(1654, 132, 27, '1134.12'),
(1655, 132, 28, '1400.00'),
(1656, 130, 2, '1800.99'),
(1657, 130, 4, '300.00'),
(1658, 130, 5, '5074.99'),
(1659, 130, 8, '1912.72'),
(1660, 130, 17, '220.11'),
(1661, 130, 19, '2047.32'),
(1662, 130, 21, '500.27'),
(1663, 130, 26, '1966.67'),
(1664, 130, 27, '2653.20'),
(1665, 130, 28, '1166.67'),
(1666, 130, 30, '639.05'),
(1667, 130, 18, '2130.94'),
(1668, 115, 1, '1650.00'),
(1669, 115, 2, '2753.73'),
(1670, 115, 4, '300.00'),
(1671, 115, 5, '3215.63'),
(1672, 115, 16, '500.00'),
(1673, 115, 17, '325.97'),
(1674, 115, 18, '2500.00'),
(1675, 115, 19, '9634.44'),
(1676, 115, 21, '764.92'),
(1677, 115, 26, '1966.67'),
(1678, 115, 27, '3236.65'),
(1679, 115, 28, '2333.33'),
(1680, 92, 1, '12950.00'),
(1681, 92, 2, '7953.03'),
(1682, 92, 4, '300.00'),
(1683, 92, 16, '300.00'),
(1684, 92, 17, '903.67'),
(1685, 92, 21, '2209.17'),
(1686, 92, 25, '655.56'),
(1687, 92, 27, '11226.93'),
(1688, 92, 29, '5050.00'),
(1689, 92, 28, '2333.33'),
(1690, 41, 1, '900.00'),
(1691, 41, 2, '2788.11'),
(1692, 41, 4, '300.00'),
(1693, 41, 14, '2220.00'),
(1694, 41, 17, '415.83'),
(1695, 41, 18, '9166.68'),
(1696, 41, 21, '774.47'),
(1697, 41, 30, '777.06'),
(1698, 41, 31, '3000.00'),
(1699, 22, 2, '1546.92'),
(1700, 22, 4, '300.00'),
(1701, 22, 8, '3725.43'),
(1702, 22, 16, '50.00'),
(1703, 22, 17, '191.88'),
(1704, 22, 18, '1500.00'),
(1705, 22, 21, '429.70'),
(1706, 22, 25, '655.56'),
(1707, 22, 26, '1966.67'),
(1708, 22, 27, '1078.87'),
(1709, 22, 28, '466.67');

-- --------------------------------------------------------

--
-- Table structure for table `employee_earnings`
--

CREATE TABLE `employee_earnings` (
  `employee_earning_id` int(11) NOT NULL,
  `employee_id` int(11) NOT NULL,
  `employment_id` int(11) NOT NULL,
  `locked_rate` decimal(10,2) NOT NULL,
  `gross_amount` decimal(10,2) NOT NULL,
  `earning_particulars` varchar(50) NOT NULL,
  `effective_date` date NOT NULL,
  `end_date` date DEFAULT NULL,
  `date_created` date NOT NULL,
  `date_updated` date NOT NULL,
  `is_frozen` tinyint(1) NOT NULL DEFAULT 0
) ENGINE=InnoDB DEFAULT CHARSET=utf8mb4;

--
-- Dumping data for table `employee_earnings`
--

INSERT INTO `employee_earnings` (`employee_earning_id`, `employee_id`, `employment_id`, `locked_rate`, `gross_amount`, `earning_particulars`, `effective_date`, `end_date`, `date_created`, `date_updated`, `is_frozen`) VALUES
(1, 46, 57, '86101.00', '103401.00', 'Promotion', '2025-01-01', '2025-12-31', '2025-10-23', '2026-01-06', 0),
(2, 74, 58, '34572.00', '36572.00', 'Promotion', '2024-06-18', '2025-12-31', '2025-10-23', '2026-01-06', 0),
(5, 10, 118, '46649.00', '48649.00', '2ND TRANCHE - BBM', '2026-01-05', NULL, '2026-01-05', '0000-00-00', 0),
(6, 64, 119, '36187.00', '38187.00', '2ND TRANCHE - BBM', '2026-01-05', NULL, '2026-01-05', '0000-00-00', 0),
(7, 120, 120, '36187.00', '38187.00', '2ND TRANCHE - BBM', '2026-01-05', '2026-01-31', '2026-01-05', '2026-03-02', 0),
(8, 67, 121, '27022.00', '29022.00', '2ND TRANCHE - BBM', '2026-01-01', NULL, '2026-01-05', '0000-00-00', 0),
(9, 5, 122, '19478.00', '21478.00', '2ND TRANCHE - BBM', '2026-01-01', NULL, '2026-01-05', '0000-00-00', 0),
(10, 84, 123, '15150.00', '17150.00', '2ND TRANCHE - BBM', '2026-01-01', NULL, '2026-01-05', '0000-00-00', 0),
(11, 51, 124, '15150.00', '17150.00', '2ND TRANCHE - BBM', '2026-01-01', NULL, '2026-01-05', '0000-00-00', 0),
(12, 78, 125, '15150.00', '17150.00', '2ND TRANCHE - BBM', '2026-01-01', NULL, '2026-01-05', '0000-00-00', 0),
(13, 43, 126, '15150.00', '17150.00', '2ND TRANCHE - BBM', '2026-01-01', NULL, '2026-01-05', '0000-00-00', 0),
(14, 88, 127, '15150.00', '20180.00', '2ND TRANCHE - BBM', '2026-01-01', NULL, '2026-01-05', '2026-03-10', 0),
(15, 69, 128, '12748.00', '14748.00', '2ND TRANCHE - BBM', '2026-01-01', NULL, '2026-01-05', '0000-00-00', 0),
(16, 111, 129, '12655.00', '14655.00', '2ND TRANCHE - BBM', '2026-01-01', NULL, '2026-01-05', '0000-00-00', 0),
(17, 126, 130, '88367.00', '90367.00', '2ND TRANCHE - BBM', '2026-01-01', '2025-12-31', '2026-01-05', '2026-01-05', 0),
(18, 126, 130, '88367.00', '105667.00', '2ND TRANCHE - BBM', '2026-01-01', NULL, '2026-01-05', '0000-00-00', 0),
(19, 80, 131, '33646.00', '35646.00', '2ND TRANCHE - BBM', '2026-01-01', NULL, '2026-01-05', '0000-00-00', 0),
(20, 12, 132, '27022.00', '29022.00', '2ND TRANCHE - BBM', '2026-01-01', NULL, '2026-01-05', '0000-00-00', 0),
(21, 115, 133, '16079.00', '18079.00', '2ND TRANCHE - BBM', '2026-01-01', NULL, '2026-01-05', '0000-00-00', 0),
(22, 107, 134, '17188.00', '19188.00', '2ND TRANCHE - BBM', '2026-01-01', NULL, '2026-01-05', '0000-00-00', 0),
(23, 106, 135, '14267.00', '16267.00', '2ND TRANCHE - BBM', '2026-01-01', NULL, '2026-01-05', '0000-00-00', 0),
(24, 96, 136, '15150.00', '17150.00', '2ND TRANCHE - BBM', '2026-01-01', NULL, '2026-01-05', '0000-00-00', 0),
(25, 26, 137, '14696.00', '16696.00', '2ND TRANCHE - BBM', '2026-01-01', NULL, '2026-01-05', '0000-00-00', 0),
(26, 11, 138, '15262.00', '17262.00', '2ND TRANCHE - BBM', '2026-01-01', NULL, '2026-01-05', '0000-00-00', 0),
(27, 23, 139, '36544.00', '38544.00', '2ND TRANCHE - BBM', '2026-01-01', NULL, '2026-01-05', '0000-00-00', 0),
(28, 8, 140, '19303.00', '21303.00', '2ND TRANCHE - BBM', '2026-01-01', NULL, '2026-01-05', '0000-00-00', 0),
(29, 35, 141, '17315.00', '19315.00', '2ND TRANCHE - BBM', '2026-01-01', NULL, '2026-01-05', '0000-00-00', 0),
(30, 116, 142, '12655.00', '14655.00', '2ND TRANCHE - BBM', '2026-01-01', NULL, '2026-01-05', '0000-00-00', 0),
(31, 30, 143, '17188.00', '19188.00', '2ND TRANCHE - BBM', '2026-01-01', NULL, '2026-01-05', '0000-00-00', 0),
(32, 36, 144, '88367.00', '105667.00', '2ND TRANCHE - BBM', '2026-01-01', NULL, '2026-01-06', '0000-00-00', 0),
(33, 97, 146, '29021.00', '31021.00', '2ND TRANCHE - BBM', '2026-01-01', NULL, '2026-01-06', '0000-00-00', 0),
(34, 45, 147, '39204.00', '41204.00', '2ND TRANCHE - BBM', '2026-01-01', NULL, '2026-01-06', '0000-00-00', 0),
(35, 75, 148, '15952.00', '17952.00', '2ND TRANCHE - BBM', '2026-01-01', NULL, '2026-01-06', '0000-00-00', 0),
(36, 46, 149, '89749.00', '107049.00', '2ND TRANCHE - BBM', '2026-01-01', NULL, '2026-01-06', '0000-00-00', 0),
(37, 74, 151, '36187.00', '38187.00', '2ND TRANCHE - BBM', '2026-01-01', NULL, '2026-01-06', '0000-00-00', 0),
(38, 91, 153, '27022.00', '29022.00', '2ND TRANCHE - BBM', '2026-01-01', NULL, '2026-01-06', '0000-00-00', 0),
(39, 53, 155, '20903.00', '22903.00', '2ND TRANCHE - BBM', '2026-01-01', NULL, '2026-01-06', '0000-00-00', 0),
(41, 1, 157, '15150.00', '17150.00', '2ND TRANCHE - BBM', '2026-01-01', NULL, '2026-01-06', '0000-00-00', 0),
(43, 4, 159, '88367.00', '105667.00', '2ND TRANCHE - BBM', '2026-01-01', NULL, '2026-01-06', '0000-00-00', 0),
(44, 85, 160, '27022.00', '29022.00', '2ND TRANCHE - BBM', '2026-01-01', '2025-12-31', '2026-01-06', '2026-01-06', 0),
(45, 85, 160, '27022.00', '29022.00', '2ND TRANCHE - BBM', '2026-01-01', NULL, '2026-01-06', '0000-00-00', 0),
(46, 37, 161, '27277.00', '29277.00', '2ND TRANCHE - BBM', '2026-01-01', NULL, '2026-01-06', '0000-00-00', 0),
(47, 50, 162, '21070.00', '23070.00', '2ND TRANCHE - BBM', '2026-01-01', NULL, '2026-01-06', '0000-00-00', 0),
(48, 102, 163, '15150.00', '17150.00', '2ND TRANCHE - BBM', '2026-01-01', NULL, '2026-01-06', '0000-00-00', 0),
(49, 25, 164, '88367.00', '105667.00', '2ND TRANCHE - BBM', '2026-01-01', NULL, '2026-01-06', '0000-00-00', 0),
(50, 57, 165, '36187.00', '38187.00', '2ND TRANCHE - BBM', '2026-01-01', NULL, '2026-01-06', '0000-00-00', 0),
(51, 22, 166, '21070.00', '23070.00', '2ND TRANCHE - BBM', '2026-01-01', NULL, '2026-01-06', '0000-00-00', 0),
(52, 59, 168, '21070.00', '23070.00', '2ND TRANCHE - BBM', '2026-01-01', '2025-12-31', '2026-01-06', '2026-01-06', 0),
(53, 59, 168, '21070.00', '23070.00', '2ND TRANCHE - BBM', '2026-01-01', NULL, '2026-01-06', '0000-00-00', 0),
(54, 16, 169, '20903.00', '22903.00', '2ND TRANCHE - BBM', '2026-01-01', NULL, '2026-01-06', '0000-00-00', 0),
(55, 68, 170, '20903.00', '22903.00', '2ND TRANCHE - BBM', '2026-01-01', NULL, '2026-01-06', '0000-00-00', 0),
(56, 47, 172, '22102.00', '24102.00', '2ND TRANCHE - BBM', '2026-01-01', NULL, '2026-01-06', '0000-00-00', 0),
(57, 44, 173, '33322.00', '35322.00', '2ND TRANCHE - BBM', '2026-01-01', NULL, '2026-01-06', '0000-00-00', 0),
(58, 28, 174, '27022.00', '29022.00', '2ND TRANCHE - BBM', '2026-01-01', NULL, '2026-01-06', '0000-00-00', 0),
(59, 24, 175, '20011.00', '22011.00', '2ND TRANCHE - BBM', '2026-01-01', NULL, '2026-01-06', '0000-00-00', 0),
(61, 6, 177, '91155.00', '108455.00', '2ND TRANCHE - BBM', '2026-01-01', NULL, '2026-01-06', '0000-00-00', 0),
(62, 31, 178, '36187.00', '38187.00', '2ND TRANCHE - BBM', '2026-01-01', NULL, '2026-01-06', '0000-00-00', 0),
(63, 56, 179, '19478.00', '21478.00', '2ND TRANCHE - BBM', '2026-01-01', NULL, '2026-01-06', '0000-00-00', 0),
(64, 72, 180, '18099.00', '20099.00', '2ND TRANCHE - BBM', '2026-01-01', NULL, '2026-01-06', '0000-00-00', 0),
(65, 40, 181, '27022.00', '29022.00', '2ND TRANCHE - BBM', '2026-01-01', NULL, '2026-01-06', '0000-00-00', 0),
(66, 55, 182, '98488.00', '115788.00', '2ND TRANCHE - BBM', '2026-01-01', NULL, '2026-01-06', '0000-00-00', 0),
(67, 19, 183, '36544.00', '38544.00', '2ND TRANCHE - BBM', '2026-01-01', NULL, '2026-01-06', '0000-00-00', 0),
(68, 32, 184, '36544.00', '38544.00', '2ND TRANCHE - BBM', '2026-01-01', NULL, '2026-01-06', '0000-00-00', 0),
(69, 39, 185, '20903.00', '22903.00', '2ND TRANCHE - BBM', '2026-01-01', NULL, '2026-01-06', '0000-00-00', 0),
(70, 13, 186, '19303.00', '21303.00', '2ND TRANCHE - BBM', '2026-01-01', NULL, '2026-01-06', '0000-00-00', 0),
(71, 87, 187, '88367.00', '105667.00', '2ND TRANCHE - BBM', '2026-01-01', '2026-01-31', '2026-01-06', '2026-03-02', 0),
(72, 29, 188, '33974.00', '35974.00', '2ND TRANCHE - BBM', '2026-01-01', NULL, '2026-01-06', '0000-00-00', 0),
(73, 134, 189, '15150.00', '17150.00', '2ND TRANCHE - BBM', '2026-01-01', NULL, '2026-01-06', '0000-00-00', 0),
(74, 42, 190, '19303.00', '21303.00', '2ND TRANCHE - BBM', '2025-01-01', NULL, '2026-01-06', '0000-00-00', 0),
(75, 20, 191, '88367.00', '105667.00', '2ND TRANCHE - BBM', '2026-01-01', NULL, '2026-01-06', '0000-00-00', 0),
(76, 86, 192, '23027.00', '25027.00', '2ND TRANCHE - BBM', '2026-01-01', NULL, '2026-01-06', '0000-00-00', 0),
(78, 17, 194, '17061.00', '19061.00', '2ND TRANCHE - BBM', '2026-01-01', NULL, '2026-01-06', '0000-00-00', 0),
(79, 54, 195, '30979.00', '32979.00', '2ND TRANCHE - BBM', '2026-01-01', NULL, '2026-01-06', '0000-00-00', 0),
(80, 63, 196, '33646.00', '35646.00', '2ND TRANCHE - BBM', '2026-01-01', NULL, '2026-01-06', '0000-00-00', 0),
(81, 33, 197, '89749.00', '122208.84', '2ND TRANCHE - BBM', '2026-01-01', NULL, '2026-01-06', '2026-03-10', 0),
(82, 110, 198, '27022.00', '34145.52', '2ND TRANCHE - BBM', '2026-01-01', NULL, '2026-01-06', '2026-03-10', 0),
(83, 14, 199, '20011.00', '25512.93', '2ND TRANCHE - BBM', '2026-01-01', NULL, '2026-01-06', '2026-03-10', 0),
(84, 3, 201, '17188.00', '22453.72', '2ND TRANCHE - BBM', '2026-01-01', NULL, '2026-01-06', '2026-03-10', 0),
(85, 82, 202, '36187.00', '44776.92', '2ND TRANCHE - BBM', '2026-01-01', NULL, '2026-01-06', '2026-03-10', 0),
(86, 101, 203, '23027.00', '28711.32', '2ND TRANCHE - BBM', '2026-01-01', NULL, '2026-01-06', '2026-03-10', 0),
(87, 131, 204, '88367.00', '98017.00', '2ND TRANCHE - BBM', '2026-01-01', NULL, '2026-01-06', '0000-00-00', 0),
(88, 65, 205, '23027.00', '25027.00', '2ND TRANCHE - BBM', '2026-01-01', NULL, '2026-01-06', '0000-00-00', 0),
(89, 103, 206, '23027.00', '25027.00', '2ND TRANCHE - BBM', '2026-01-01', '2026-01-31', '2026-01-06', '2026-03-03', 0),
(90, 98, 207, '14479.00', '16479.00', '2ND TRANCHE - BBM', '2026-01-01', NULL, '2026-01-06', '0000-00-00', 0),
(91, 104, 208, '23027.00', '25027.00', '2ND TRANCHE - BBM', '2026-01-01', NULL, '2026-01-06', '0000-00-00', 0),
(92, 113, 209, '23027.00', '25027.00', '2ND TRANCHE - BBM', '2026-01-01', NULL, '2026-01-06', '0000-00-00', 0),
(93, 105, 210, '23027.00', '25027.00', '2ND TRANCHE - BBM', '2026-01-01', NULL, '2026-01-06', '0000-00-00', 0),
(94, 2, 212, '36187.00', '38187.00', '2ND TRANCHE - BBM', '2026-01-01', NULL, '2026-01-06', '0000-00-00', 0),
(95, 49, 213, '36187.00', '38187.00', '2ND TRANCHE - BBM', '2026-01-01', NULL, '2026-01-06', '0000-00-00', 0),
(96, 62, 214, '91155.00', '108455.00', '2ND TRANCHE - BBM', '2026-01-01', NULL, '2026-01-06', '0000-00-00', 0),
(97, 130, 215, '88367.00', '90367.00', '2ND TRANCHE - BBM', '2026-01-01', '2025-12-31', '2026-01-06', '2026-01-06', 0),
(98, 130, 215, '88367.00', '105667.00', '2ND TRANCHE - BBM', '2026-01-01', NULL, '2026-01-06', '0000-00-00', 0),
(99, 129, 216, '88367.00', '105667.00', '2ND TRANCHE - BBM', '2026-01-01', NULL, '2026-01-06', '0000-00-00', 0),
(100, 73, 217, '89749.00', '107049.00', '2ND TRANCHE - BBM', '2026-01-01', NULL, '2026-01-06', '0000-00-00', 0),
(101, 121, 218, '88367.00', '90367.00', '2ND TRANCHE - BBM', '2026-01-01', '2025-12-31', '2026-01-06', '2026-01-06', 0),
(102, 121, 218, '88367.00', '101842.00', '2ND TRANCHE - BBM', '2026-01-01', NULL, '2026-01-06', '2026-03-05', 0),
(103, 123, 219, '88367.00', '105667.00', '2ND TRANCHE - BBM', '2026-01-01', NULL, '2026-01-06', '0000-00-00', 0),
(104, 119, 220, '88367.00', '105667.00', '2ND TRANCHE - BBM', '2026-01-01', NULL, '2026-01-06', '0000-00-00', 0),
(105, 122, 221, '88367.00', '105667.00', '2ND TRANCHE - BBM', '2026-01-01', NULL, '2026-01-06', '0000-00-00', 0),
(106, 118, 222, '88367.00', '105667.00', '2ND TRANCHE - BBM', '2026-01-01', NULL, '2026-01-06', '0000-00-00', 0),
(107, 70, 223, '100554.00', '119654.00', '2ND TRANCHE - BBM', '2025-01-01', NULL, '2026-01-06', '2026-03-02', 0),
(108, 128, 224, '15150.00', '17150.00', '2ND TRANCHE - BBM', '2026-01-01', NULL, '2026-01-06', '0000-00-00', 0),
(109, 108, 229, '98185.00', '125371.65', '2ND TRANCHE - BBM', '2026-01-01', NULL, '2026-01-06', '2026-03-09', 0),
(110, 71, 230, '47727.00', '58929.23', '2ND TRANCHE - BBM', '2026-01-01', NULL, '2026-01-06', '2026-03-09', 0),
(111, 52, 231, '35049.00', '46473.14', '2ND TRANCHE - BBM', '2026-01-01', NULL, '2026-01-06', '2026-03-09', 0),
(112, 79, 232, '30597.00', '41396.25', '2ND TRANCHE - BBM', '2026-01-01', NULL, '2026-01-06', '2026-03-09', 0),
(113, 89, 233, '32099.00', '43273.75', '2ND TRANCHE - BBM', '2026-01-01', NULL, '2026-01-06', '2026-03-09', 0),
(114, 60, 234, '30597.00', '41396.25', '2ND TRANCHE - BBM', '2026-01-01', NULL, '2026-01-06', '2026-03-09', 0),
(118, 18, 239, '34733.00', '46566.25', '2ND TRANCHE - BBM', '2026-01-01', NULL, '2026-01-06', '2026-03-09', 0),
(120, 48, 241, '30024.00', '40042.05', '2ND TRANCHE - BBM', '2026-01-01', NULL, '2026-01-06', '2026-03-09', 0),
(121, 21, 242, '19526.00', '26675.28', '2ND TRANCHE - BBM', '2026-01-01', NULL, '2026-01-06', '2026-03-09', 0),
(122, 38, 243, '40604.00', '53347.45', '2ND TRANCHE - BBM', '2026-01-01', NULL, '2026-01-06', '2026-03-09', 0),
(123, 58, 244, '30597.00', '39233.94', '2ND TRANCHE - BBM', '2026-01-01', NULL, '2026-01-06', '2026-03-09', 0),
(124, 100, 248, '16833.00', '23930.84', '2ND TRANCHE - BBM', '2026-01-01', NULL, '2026-01-06', '2026-03-11', 0),
(125, 61, 249, '43996.00', '56945.10', '2ND TRANCHE - BBM', '2026-01-01', NULL, '2026-01-06', '2026-03-09', 0),
(126, 92, 250, '25586.00', '34392.85', '2ND TRANCHE - BBM', '2026-01-01', NULL, '2026-01-06', '2026-03-09', 0),
(127, 66, 251, '18957.00', '26272.33', '2ND TRANCHE - BBM', '2026-01-01', NULL, '2026-01-06', '2026-03-09', 0),
(129, 94, 252, '128397.00', '139397.00', '2ND TRANCHE - BBM', '2026-01-01', NULL, '2026-03-02', '0000-00-00', 0),
(130, 124, 253, '36187.00', '38187.00', '2ND TRANCHE - BBM', '2026-01-01', NULL, '2026-03-02', '0000-00-00', 0),
(131, 120, 254, '36544.00', '38544.00', 'Step Increment', '2026-02-01', NULL, '2026-03-02', '0000-00-00', 0),
(132, 87, 256, '89749.00', '107049.00', 'Step Increment', '2026-02-01', NULL, '2026-03-02', '0000-00-00', 0),
(133, 95, 257, '19303.00', '21303.00', 'Promotion', '2026-01-01', NULL, '2026-03-02', '0000-00-00', 0),
(134, 99, 258, '19303.00', '21303.00', '2ND TRANCHE - BBM', '2026-01-01', NULL, '2026-03-02', '0000-00-00', 0),
(135, 93, 259, '27022.00', '29022.00', 'Promotion', '2026-01-01', NULL, '2026-03-02', '0000-00-00', 0),
(136, 112, 260, '19303.00', '21303.00', '2ND TRANCHE - BBM', '2026-01-01', NULL, '2026-03-02', '0000-00-00', 0),
(137, 103, 261, '23211.00', '25211.00', 'Step Increment', '2026-02-01', NULL, '2026-03-03', '0000-00-00', 0),
(138, 117, 262, '12655.00', '14655.00', '2ND TRANCHE - BBM', '2026-01-01', NULL, '2026-03-03', '0000-00-00', 0),
(139, 125, 263, '12655.00', '14655.00', '2ND TRANCHE - BBM', '2026-01-01', NULL, '2026-03-03', '0000-00-00', 0),
(140, 127, 264, '12655.00', '14655.00', '2ND TRANCHE - BBM', '2026-01-01', NULL, '2026-03-03', '0000-00-00', 0),
(141, 133, 265, '12655.00', '14655.00', '2ND TRANCHE - BBM', '2026-01-01', NULL, '2026-03-03', '0000-00-00', 0),
(142, 135, 266, '12655.00', '14655.00', '2ND TRANCHE - BBM', '2026-01-01', NULL, '2026-03-03', '0000-00-00', 0),
(143, 114, 267, '12655.00', '14655.00', '2ND TRANCHE - BBM', '2026-01-01', NULL, '2026-03-03', '0000-00-00', 0),
(144, 41, 268, '30024.00', '39667.79', '2ND TRANCHE - BBM', '2026-01-01', NULL, '2026-03-03', '2026-03-09', 0),
(145, 27, 269, '30597.00', '41396.25', '2ND TRANCHE - BBM', '2026-01-01', NULL, '2026-03-03', '2026-03-09', 0),
(146, 15, 270, '31486.00', '42507.50', '2ND TRANCHE - BBM', '2026-01-01', NULL, '2026-03-03', '2026-03-09', 0),
(147, 83, 271, '30308.00', '40606.15', '2ND TRANCHE - BBM', '2026-01-01', NULL, '2026-03-03', '2026-03-09', 0),
(148, 9, 273, '31486.00', '42507.50', '2ND TRANCHE - BBM', '2026-01-01', NULL, '2026-03-03', '2026-03-09', 0),
(149, 81, 274, '16088.00', '23260.00', '2ND TRANCHE - BBM', '2026-01-01', NULL, '2026-03-03', '2026-03-09', 0),
(150, 77, 272, '30597.00', '39882.63', '2ND TRANCHE - BBM', '2026-01-01', NULL, '2026-03-03', '2026-03-09', 0),
(151, 109, 275, '19303.00', '24198.45', '2ND TRANCHE - BBM', '2026-01-01', NULL, '2026-03-03', '2026-03-10', 0),
(153, 7, 276, '19303.00', '21303.00', '2ND TRANCHE - BBM', '2026-01-01', '2026-01-31', '2026-03-04', '2026-03-04', 0),
(154, 7, 278, '19478.00', '21478.00', 'Step Increment', '2026-02-01', NULL, '2026-03-04', '0000-00-00', 0),
(155, 132, 20, '16430.00', '18430.00', 'Original', '2025-01-01', NULL, '2026-03-05', '0000-00-00', 0);

-- --------------------------------------------------------

--
-- Table structure for table `employee_earnings_components`
--

CREATE TABLE `employee_earnings_components` (
  `earning_component_id` int(11) NOT NULL,
  `employee_earning_id` int(11) NOT NULL,
  `config_earning_id` int(11) NOT NULL,
  `earning_comp_amt` decimal(10,2) NOT NULL
) ENGINE=InnoDB DEFAULT CHARSET=utf8mb4;

--
-- Dumping data for table `employee_earnings_components`
--

INSERT INTO `employee_earnings_components` (`earning_component_id`, `employee_earning_id`, `config_earning_id`, `earning_comp_amt`) VALUES
(1, 1, 1, '86101.00'),
(2, 1, 3, '2000.00'),
(3, 1, 4, '7650.00'),
(4, 1, 5, '7650.00'),
(5, 2, 1, '34572.00'),
(6, 2, 3, '2000.00'),
(12, 5, 1, '46649.00'),
(13, 5, 3, '2000.00'),
(14, 6, 1, '36187.00'),
(15, 6, 3, '2000.00'),
(18, 8, 1, '27022.00'),
(19, 8, 3, '2000.00'),
(20, 9, 1, '19478.00'),
(21, 9, 3, '2000.00'),
(22, 10, 1, '15150.00'),
(23, 10, 3, '2000.00'),
(24, 11, 1, '15150.00'),
(25, 11, 3, '2000.00'),
(26, 12, 1, '15150.00'),
(27, 12, 3, '2000.00'),
(28, 13, 1, '15150.00'),
(29, 13, 3, '2000.00'),
(33, 15, 1, '12748.00'),
(34, 15, 3, '2000.00'),
(35, 16, 1, '12655.00'),
(36, 16, 3, '2000.00'),
(37, 17, 1, '88367.00'),
(38, 17, 3, '2000.00'),
(39, 18, 1, '88367.00'),
(40, 18, 4, '7650.00'),
(41, 18, 5, '7650.00'),
(42, 18, 3, '2000.00'),
(43, 19, 1, '33646.00'),
(44, 19, 3, '2000.00'),
(45, 20, 1, '27022.00'),
(46, 20, 3, '2000.00'),
(47, 21, 1, '16079.00'),
(48, 21, 3, '2000.00'),
(49, 22, 1, '17188.00'),
(50, 22, 3, '2000.00'),
(51, 23, 1, '14267.00'),
(52, 23, 3, '2000.00'),
(53, 24, 1, '15150.00'),
(54, 24, 3, '2000.00'),
(55, 25, 1, '14696.00'),
(56, 25, 3, '2000.00'),
(57, 26, 1, '15262.00'),
(58, 26, 3, '2000.00'),
(59, 27, 1, '36544.00'),
(60, 27, 3, '2000.00'),
(61, 28, 1, '19303.00'),
(62, 28, 3, '2000.00'),
(63, 29, 1, '17315.00'),
(64, 29, 3, '2000.00'),
(65, 30, 1, '12655.00'),
(66, 30, 3, '2000.00'),
(67, 31, 1, '17188.00'),
(68, 31, 3, '2000.00'),
(69, 32, 1, '88367.00'),
(70, 32, 3, '2000.00'),
(71, 32, 4, '7650.00'),
(72, 32, 5, '7650.00'),
(73, 33, 1, '29021.00'),
(74, 33, 3, '2000.00'),
(75, 34, 1, '39204.00'),
(76, 34, 3, '2000.00'),
(77, 35, 1, '15952.00'),
(78, 35, 3, '2000.00'),
(79, 36, 1, '89749.00'),
(80, 36, 3, '2000.00'),
(81, 36, 4, '7650.00'),
(82, 36, 5, '7650.00'),
(83, 37, 1, '36187.00'),
(84, 37, 3, '2000.00'),
(85, 38, 1, '27022.00'),
(86, 38, 3, '2000.00'),
(87, 39, 1, '20903.00'),
(88, 39, 3, '2000.00'),
(91, 41, 1, '15150.00'),
(92, 41, 3, '2000.00'),
(95, 43, 1, '88367.00'),
(96, 43, 3, '2000.00'),
(97, 43, 4, '7650.00'),
(98, 43, 5, '7650.00'),
(99, 44, 1, '27022.00'),
(100, 44, 3, '2000.00'),
(101, 45, 1, '27022.00'),
(102, 45, 3, '2000.00'),
(103, 46, 1, '27277.00'),
(104, 46, 3, '2000.00'),
(105, 47, 1, '21070.00'),
(106, 47, 3, '2000.00'),
(107, 48, 1, '15150.00'),
(108, 48, 3, '2000.00'),
(109, 49, 1, '88367.00'),
(110, 49, 3, '2000.00'),
(111, 49, 4, '7650.00'),
(112, 49, 5, '7650.00'),
(113, 50, 1, '36187.00'),
(114, 50, 3, '2000.00'),
(115, 51, 1, '21070.00'),
(116, 51, 3, '2000.00'),
(117, 52, 1, '21070.00'),
(118, 52, 3, '2000.00'),
(119, 53, 1, '21070.00'),
(120, 53, 3, '2000.00'),
(121, 54, 1, '20903.00'),
(122, 54, 3, '2000.00'),
(123, 55, 1, '20903.00'),
(124, 55, 3, '2000.00'),
(125, 56, 1, '22102.00'),
(126, 56, 3, '2000.00'),
(127, 57, 1, '33322.00'),
(128, 57, 3, '2000.00'),
(129, 58, 1, '27022.00'),
(130, 58, 3, '2000.00'),
(131, 59, 1, '20011.00'),
(132, 59, 3, '2000.00'),
(135, 61, 1, '91155.00'),
(136, 61, 3, '2000.00'),
(137, 61, 4, '7650.00'),
(138, 61, 5, '7650.00'),
(139, 62, 1, '36187.00'),
(140, 62, 3, '2000.00'),
(141, 63, 1, '19478.00'),
(142, 63, 3, '2000.00'),
(143, 64, 1, '18099.00'),
(144, 64, 3, '2000.00'),
(145, 65, 1, '27022.00'),
(146, 65, 3, '2000.00'),
(147, 66, 1, '98488.00'),
(148, 66, 3, '2000.00'),
(149, 66, 4, '7650.00'),
(150, 66, 5, '7650.00'),
(151, 67, 1, '36544.00'),
(152, 67, 3, '2000.00'),
(153, 68, 1, '36544.00'),
(154, 68, 3, '2000.00'),
(155, 69, 1, '20903.00'),
(156, 69, 3, '2000.00'),
(157, 70, 1, '19303.00'),
(158, 70, 3, '2000.00'),
(159, 71, 1, '88367.00'),
(160, 71, 3, '2000.00'),
(161, 71, 4, '7650.00'),
(162, 71, 5, '7650.00'),
(163, 72, 1, '33974.00'),
(164, 72, 3, '2000.00'),
(165, 73, 1, '15150.00'),
(166, 73, 3, '2000.00'),
(167, 74, 1, '19303.00'),
(168, 74, 3, '2000.00'),
(169, 75, 1, '88367.00'),
(170, 75, 3, '2000.00'),
(171, 75, 4, '7650.00'),
(172, 75, 5, '7650.00'),
(173, 76, 1, '23027.00'),
(174, 76, 3, '2000.00'),
(177, 78, 1, '17061.00'),
(178, 78, 3, '2000.00'),
(179, 79, 1, '30979.00'),
(180, 79, 3, '2000.00'),
(181, 80, 1, '33646.00'),
(182, 80, 3, '2000.00'),
(197, 87, 1, '88367.00'),
(198, 87, 3, '2000.00'),
(199, 87, 4, '7650.00'),
(200, 88, 1, '23027.00'),
(201, 88, 3, '2000.00'),
(204, 90, 1, '14479.00'),
(205, 90, 3, '2000.00'),
(206, 91, 1, '23027.00'),
(207, 91, 3, '2000.00'),
(208, 92, 1, '23027.00'),
(209, 92, 3, '2000.00'),
(210, 93, 1, '23027.00'),
(211, 93, 3, '2000.00'),
(212, 94, 1, '36187.00'),
(213, 94, 3, '2000.00'),
(214, 95, 1, '36187.00'),
(215, 95, 3, '2000.00'),
(216, 96, 1, '91155.00'),
(217, 96, 3, '2000.00'),
(218, 96, 4, '7650.00'),
(219, 96, 5, '7650.00'),
(220, 97, 1, '88367.00'),
(221, 97, 3, '2000.00'),
(222, 98, 1, '88367.00'),
(223, 98, 3, '2000.00'),
(224, 98, 4, '7650.00'),
(225, 98, 5, '7650.00'),
(226, 99, 1, '88367.00'),
(227, 99, 3, '2000.00'),
(228, 99, 4, '7650.00'),
(229, 99, 5, '7650.00'),
(230, 100, 1, '89749.00'),
(231, 100, 3, '2000.00'),
(232, 100, 5, '7650.00'),
(233, 100, 4, '7650.00'),
(234, 101, 1, '88367.00'),
(235, 101, 3, '2000.00'),
(240, 103, 1, '88367.00'),
(241, 103, 3, '2000.00'),
(242, 103, 4, '7650.00'),
(243, 103, 5, '7650.00'),
(244, 104, 1, '88367.00'),
(245, 104, 3, '2000.00'),
(246, 104, 4, '7650.00'),
(247, 104, 5, '7650.00'),
(248, 105, 1, '88367.00'),
(249, 105, 3, '2000.00'),
(250, 105, 4, '7650.00'),
(251, 105, 5, '7650.00'),
(252, 106, 1, '88367.00'),
(253, 106, 3, '2000.00'),
(254, 106, 4, '7650.00'),
(255, 106, 5, '7650.00'),
(260, 108, 1, '15150.00'),
(261, 108, 3, '2000.00'),
(305, 129, 1, '128397.00'),
(306, 129, 3, '2000.00'),
(307, 129, 4, '9000.00'),
(308, 130, 1, '36187.00'),
(309, 130, 3, '2000.00'),
(312, 7, 1, '36187.00'),
(313, 7, 3, '2000.00'),
(314, 131, 1, '36544.00'),
(315, 131, 3, '2000.00'),
(319, 107, 1, '100554.00'),
(320, 107, 3, '2000.00'),
(321, 107, 4, '8550.00'),
(322, 107, 5, '8550.00'),
(323, 132, 1, '89749.00'),
(324, 132, 3, '2000.00'),
(325, 132, 4, '7650.00'),
(326, 132, 5, '7650.00'),
(327, 133, 1, '19303.00'),
(328, 133, 3, '2000.00'),
(329, 134, 1, '19303.00'),
(330, 134, 3, '2000.00'),
(331, 135, 1, '27022.00'),
(332, 135, 3, '2000.00'),
(333, 136, 1, '19303.00'),
(334, 136, 3, '2000.00'),
(335, 89, 1, '23027.00'),
(336, 89, 3, '2000.00'),
(337, 137, 1, '23211.00'),
(338, 137, 3, '2000.00'),
(339, 138, 2, '12655.00'),
(340, 138, 3, '2000.00'),
(341, 139, 2, '12655.00'),
(342, 139, 3, '2000.00'),
(343, 140, 2, '12655.00'),
(344, 140, 3, '2000.00'),
(345, 141, 2, '12655.00'),
(346, 141, 3, '2000.00'),
(347, 142, 2, '12655.00'),
(348, 142, 3, '2000.00'),
(349, 143, 2, '12655.00'),
(350, 143, 3, '2000.00'),
(369, 153, 1, '19303.00'),
(370, 153, 3, '2000.00'),
(371, 154, 1, '19478.00'),
(372, 154, 3, '2000.00'),
(377, 155, 1, '16430.00'),
(378, 155, 3, '2000.00'),
(379, 102, 1, '88367.00'),
(380, 102, 3, '2000.00'),
(381, 102, 4, '5737.50'),
(382, 102, 5, '5737.50'),
(383, 109, 1, '98185.00'),
(384, 109, 3, '2000.00'),
(385, 109, 4, '7650.00'),
(386, 109, 5, '7650.00'),
(387, 109, 9, '8836.65'),
(388, 109, 10, '150.00'),
(389, 109, 8, '900.00'),
(390, 110, 1, '47727.00'),
(391, 110, 3, '2000.00'),
(392, 110, 9, '8352.23'),
(393, 110, 8, '700.00'),
(394, 110, 10, '150.00'),
(395, 125, 1, '43996.00'),
(396, 125, 3, '2000.00'),
(397, 125, 9, '9899.10'),
(398, 125, 10, '150.00'),
(399, 125, 8, '900.00'),
(400, 122, 1, '40604.00'),
(401, 122, 3, '2000.00'),
(402, 122, 8, '950.00'),
(403, 122, 9, '9643.45'),
(404, 122, 10, '150.00'),
(405, 111, 1, '35049.00'),
(406, 111, 3, '2000.00'),
(407, 111, 8, '950.00'),
(408, 111, 9, '8324.14'),
(409, 111, 10, '150.00'),
(410, 118, 1, '34733.00'),
(411, 118, 3, '2000.00'),
(412, 118, 8, '1000.00'),
(413, 118, 9, '8683.25'),
(414, 118, 10, '150.00'),
(415, 113, 1, '32099.00'),
(416, 113, 3, '2000.00'),
(417, 113, 8, '1000.00'),
(418, 113, 9, '8024.75'),
(419, 113, 10, '150.00'),
(420, 146, 1, '31486.00'),
(421, 146, 3, '2000.00'),
(422, 146, 8, '1000.00'),
(423, 146, 9, '7871.50'),
(424, 146, 10, '150.00'),
(425, 148, 1, '31486.00'),
(426, 148, 3, '2000.00'),
(427, 148, 8, '1000.00'),
(428, 148, 9, '7871.50'),
(429, 148, 10, '150.00'),
(430, 114, 1, '30597.00'),
(431, 114, 3, '2000.00'),
(432, 114, 8, '1000.00'),
(433, 114, 9, '7649.25'),
(434, 114, 10, '150.00'),
(435, 112, 1, '30597.00'),
(436, 112, 3, '2000.00'),
(437, 112, 8, '1000.00'),
(438, 112, 9, '7649.25'),
(439, 112, 10, '150.00'),
(440, 145, 1, '30597.00'),
(441, 145, 3, '2000.00'),
(442, 145, 9, '7649.25'),
(443, 145, 8, '1000.00'),
(444, 145, 10, '150.00'),
(445, 150, 1, '30597.00'),
(446, 150, 3, '2000.00'),
(447, 150, 8, '825.00'),
(448, 150, 9, '6310.63'),
(449, 150, 10, '150.00'),
(450, 123, 1, '30597.00'),
(451, 123, 3, '2000.00'),
(452, 123, 8, '750.00'),
(453, 123, 9, '5736.94'),
(454, 123, 10, '150.00'),
(455, 147, 1, '30308.00'),
(456, 147, 3, '2000.00'),
(457, 147, 8, '950.00'),
(458, 147, 9, '7198.15'),
(459, 147, 10, '150.00'),
(460, 144, 1, '30024.00'),
(461, 144, 3, '2000.00'),
(462, 144, 8, '881.00'),
(463, 144, 9, '6612.79'),
(464, 144, 10, '150.00'),
(465, 120, 1, '30024.00'),
(466, 120, 3, '2000.00'),
(467, 120, 8, '925.00'),
(468, 120, 9, '6943.05'),
(469, 120, 10, '150.00'),
(470, 126, 1, '25586.00'),
(471, 126, 3, '2000.00'),
(472, 126, 8, '900.00'),
(473, 126, 9, '5756.85'),
(474, 126, 10, '150.00'),
(475, 121, 1, '19526.00'),
(476, 121, 3, '2000.00'),
(477, 121, 8, '850.00'),
(478, 121, 9, '4149.28'),
(479, 121, 10, '150.00'),
(480, 127, 1, '18957.00'),
(481, 127, 3, '2000.00'),
(482, 127, 8, '900.00'),
(483, 127, 9, '4265.33'),
(484, 127, 10, '150.00'),
(490, 149, 1, '16088.00'),
(491, 149, 3, '2000.00'),
(492, 149, 8, '1000.00'),
(493, 149, 9, '4022.00'),
(494, 149, 10, '150.00'),
(495, 14, 1, '15150.00'),
(496, 14, 3, '2000.00'),
(497, 14, 9, '3030.00'),
(498, 86, 1, '23027.00'),
(499, 86, 3, '2000.00'),
(500, 86, 9, '3684.32'),
(501, 85, 1, '36187.00'),
(502, 85, 3, '2000.00'),
(503, 85, 9, '5789.92'),
(504, 85, 8, '800.00'),
(505, 82, 1, '27022.00'),
(506, 82, 3, '2000.00'),
(507, 82, 8, '800.00'),
(508, 82, 9, '4323.52'),
(509, 83, 1, '20011.00'),
(510, 83, 3, '2000.00'),
(511, 83, 9, '3501.93'),
(512, 151, 1, '19303.00'),
(513, 151, 3, '2000.00'),
(514, 151, 9, '2895.45'),
(515, 81, 1, '89749.00'),
(516, 81, 3, '2000.00'),
(517, 81, 4, '7650.00'),
(518, 81, 5, '7650.00'),
(519, 81, 8, '800.00'),
(520, 81, 9, '14359.84'),
(521, 84, 1, '17188.00'),
(522, 84, 3, '2000.00'),
(523, 84, 9, '3265.72'),
(524, 124, 1, '16833.00'),
(525, 124, 3, '2000.00'),
(526, 124, 8, '950.00'),
(527, 124, 9, '3997.84'),
(528, 124, 10, '150.00');

-- --------------------------------------------------------

--
-- Table structure for table `employee_employments_tbl`
--

CREATE TABLE `employee_employments_tbl` (
  `employment_id` int(11) NOT NULL,
  `employee_id` int(11) NOT NULL,
  `employment_refnum` varchar(20) NOT NULL,
  `employment_type` varchar(50) NOT NULL,
  `employment_start` date NOT NULL,
  `employment_end` date DEFAULT NULL,
  `position_id` varchar(11) NOT NULL,
  `dept_assigned` varchar(11) NOT NULL,
  `designation` varchar(100) NOT NULL,
  `work_nature` varchar(100) NOT NULL,
  `work_specifics` varchar(100) NOT NULL,
  `rate` decimal(20,2) NOT NULL,
  `empSalaryID` int(11) NOT NULL,
  `employment_particulars` varchar(50) NOT NULL,
  `employment_status` varchar(11) NOT NULL COMMENT 'active = current employment inactive = previous employment'
) ENGINE=InnoDB DEFAULT CHARSET=utf8mb4;

--
-- Dumping data for table `employee_employments_tbl`
--

INSERT INTO `employee_employments_tbl` (`employment_id`, `employee_id`, `employment_refnum`, `employment_type`, `employment_start`, `employment_end`, `position_id`, `dept_assigned`, `designation`, `work_nature`, `work_specifics`, `rate`, `empSalaryID`, `employment_particulars`, `employment_status`) VALUES
(2, 10, '1011-06', 'Regular', '2025-01-01', '2025-12-31', '6', '1', '', 'Supervisory', 'Others', '44588.00', 0, 'Promotion', '0'),
(4, 64, '1011-09', 'Regular', '2025-01-01', '2025-12-31', '8', '1', '', 'Operations', 'Others', '34572.00', 0, 'Original', '0'),
(5, 67, '1011-08', 'Regular', '2025-01-01', '2025-12-31', '18', '1', '', 'Operations', 'Others', '25661.00', 0, 'Original', '0'),
(6, 5, '1011-07', 'Regular', '2025-01-01', '2025-12-31', '7', '1', '', 'Administrative', 'Clerical Services', '18648.00', 0, 'Original', '0'),
(7, 84, '1011-15', 'Regular', '2026-01-01', '2025-12-31', '14', '1', '', 'Operations', 'Others', '14588.00', 0, 'Original', '0'),
(8, 51, '1011-12', 'Regular', '2026-01-01', '2025-12-31', '11', '4', '', 'Office Staff', 'Clerical Services', '14588.00', 0, 'Original', '0'),
(9, 78, '1011-13', 'Regular', '2025-01-01', '2025-12-31', '12', '1', '', 'Office Staff', 'Clerical Services', '14588.00', 0, 'Original', '0'),
(10, 43, '1011-11', 'Regular', '2025-01-01', '2025-12-31', '10', '1', '', 'Office Staff', 'Clerical Services', '14588.00', 0, 'Original', '0'),
(11, 88, '1011-14', 'Regular', '2025-01-01', '2025-12-31', '13', '11', '', 'Operations', 'Health Services', '14588.00', 0, 'Promotion', '0'),
(12, 69, '1011-04', 'Regular', '2025-01-01', '2025-12-31', '4', '1', '', 'Operations', 'Others', '12270.00', 0, 'Original', '0'),
(13, 111, '1011-03', 'Regular', '2025-01-02', '2025-12-31', '3', '6', '', 'Office Staff', 'Clerical Services', '12177.00', 0, 'Original', '0'),
(14, 126, '1031-01', 'Regular', '2025-07-01', '2025-12-31', '126', '13', '', 'Supervisory', 'Others', '84719.00', 0, 'Original', '0'),
(15, 23, '1031-17', 'Regular', '2025-01-01', '2025-12-31', '138', '13', '', 'Supervisory', 'Clerical Services', '34929.00', 0, 'Promotion', '0'),
(16, 80, '1031-05', 'Regular', '2025-01-01', '2025-12-31', '130', '5', '', 'Administrative', 'Clerical Services', '32215.00', 0, 'Promotion', '0'),
(17, 12, '1031-02', 'Regular', '2025-01-01', '2025-12-31', '127', '13', '', 'Administrative', 'Clerical Services', '25661.00', 0, 'Promotion', '0'),
(18, 8, '1031-03', 'Regular', '2025-01-01', '2025-12-31', '128', '9', '', 'Administrative', 'Clerical Services', '18481.00', 0, 'Original', '0'),
(19, 107, '1031-07', 'Regular', '2025-01-01', '2025-12-31', '132', '9', '', 'Administrative', 'Clerical Services', '16556.00', 0, 'Original', '0'),
(20, 132, '1031-08', 'Regular', '2025-01-01', '0000-00-00', '133', '10', '', 'Utility', 'Technical Services', '16430.00', 0, 'Original', '1'),
(21, 115, '1031-12', 'Regular', '2025-03-08', '2025-12-31', '137', '10', '', 'Administrative', 'Clerical Services', '15485.00', 0, 'Original', '0'),
(22, 11, '1031-04', 'Regular', '2025-01-01', '2025-12-31', '129', '13', '', 'Administrative', 'Clerical Services', '14701.00', 0, 'Original', '0'),
(23, 96, '1031-06', 'Regular', '2025-03-12', '2025-12-31', '131', '13', '', 'Administrative', 'Clerical Services', '14588.00', 0, 'Original', '0'),
(24, 26, '1031-10', 'Regular', '2025-01-01', '2025-12-31', '135', '10', '', 'Operations', 'Technical Services', '14167.00', 0, 'Original', '0'),
(25, 106, '1031-09', 'Regular', '2024-11-04', '2025-12-31', '134', '9', '', 'Operations', 'Janitorial Services', '13739.00', 0, 'Original', '0'),
(26, 70, '1016-01', 'Regular', '2025-07-01', '2025-12-31', '25', '2', '', 'Supervisory', 'Others', '96487.00', 0, 'Elected', '0'),
(35, 76, '1021-10', 'Regular', '2023-11-14', '0000-00-00', '40', '3', '', 'Supervisory', 'Others', '84719.00', 0, 'Elected', '1'),
(36, 20, '1022-01', 'Regular', '2025-01-01', '2025-12-31', '42', '4', '', 'Supervisory', 'Clerical Services', '84719.00', 0, 'Promotion', '0'),
(37, 63, '1022-07', 'Regular', '2025-01-01', '2025-12-31', '48', '4', '', 'Administrative', 'Clerical Services', '32215.00', 0, 'Promotion', '0'),
(38, 54, '1022-06', 'Regular', '2025-01-16', '2025-12-31', '47', '4', '', 'Administrative', 'Clerical Services', '29583.00', 0, 'Promotion', '0'),
(39, 86, '1022-02', 'Regular', '2025-02-10', '2025-12-31', '43', '4', '', 'Administrative', 'Clerical Services', '21943.00', 0, 'Promotion', '0'),
(40, 95, '1022-03', 'Regular', '2025-01-01', '2025-12-31', '44', '4', '', 'Administrative', 'Clerical Services', '18481.00', 0, 'Promotion', '0'),
(41, 17, '1022-04', 'Regular', '2025-01-01', '2025-12-31', '45', '4', '', 'Administrative', 'Clerical Services', '16430.00', 0, 'Promotion', '0'),
(43, 19, '1041-04', 'Regular', '2025-01-01', '2025-12-31', '90', '9', '', 'Supervisory', 'Clerical Services', '34929.00', 0, 'Original', '0'),
(44, 55, '1041-01', 'Regular', '2025-01-01', '2025-12-31', '87', '9', '', 'Supervisory', 'Others', '94840.00', 0, 'Original', '0'),
(45, 32, '1041-05', 'Regular', '2025-01-01', '2025-12-31', '91', '9', '', 'Supervisory', 'Others', '34048.00', 0, 'Original', '0'),
(46, 39, '1041-02', 'Regular', '2025-01-01', '2025-12-31', '88', '9', '', 'Administrative', 'Clerical Services', '19997.00', 0, 'Original', '0'),
(47, 13, '1041-03', 'Regular', '2025-01-01', '2025-12-31', '89', '9', '', 'Administrative', 'Clerical Services', '18481.00', 0, 'Original', '0'),
(48, 87, '1051-01', 'Regular', '2025-01-01', '2025-12-31', '122', '12', '', 'Supervisory', 'Clerical Services', '84719.00', 0, 'Promotion', '0'),
(49, 29, '1051-02', 'Regular', '2025-01-01', '2025-12-31', '123', '12', '', 'Administrative', 'Clerical Services', '32542.00', 0, 'Promotion', '0'),
(50, 42, '1051-04', 'Regular', '2025-01-01', '2025-12-31', '125', '12', '', 'Administrative', 'Clerical Services', '18481.00', 0, 'Original', '0'),
(51, 134, '1051-03', 'Regular', '2025-03-25', '2025-12-31', '124', '12', '', 'Administrative', 'Clerical Services', '14588.00', 0, 'Original', '0'),
(52, 6, '1071-01', 'Regular', '2025-01-01', '2025-12-31', '81', '8', '', 'Supervisory', 'Financial Services', '87507.00', 0, 'Promotion', '0'),
(53, 31, '1071-05', 'Regular', '2024-11-14', '2025-12-31', '86', '8', '', 'Administrative', 'Financial Services', '34572.00', 0, 'Promotion', '0'),
(54, 40, '1071-02', 'Regular', '2025-01-21', '2025-12-31', '82', '8', '', 'Administrative', 'Financial Services', '25661.00', 0, 'Promotion', '0'),
(55, 56, '1071-03', 'Regular', '2025-01-01', '2025-12-31', '84', '8', '', 'Administrative', 'Financial Services', '18648.00', 0, 'Promotion', '0'),
(56, 72, '1071-04', 'Regular', '2025-03-12', '2025-12-31', '85', '8', '', 'Administrative', 'Clerical Services', '17429.00', 0, 'Original', '0'),
(57, 46, '1081-01', 'Regular', '2025-01-01', '2025-12-31', '78', '7', '', 'Supervisory', 'Financial Services', '86101.00', 0, 'Promotion', '0'),
(58, 74, '1081-07', 'Regular', '2024-06-18', '2025-12-31', '75', '7', '', 'Administrative', 'Financial Services', '34572.00', 0, 'Promotion', '0'),
(59, 91, '1081-06', 'Regular', '2024-11-04', '2025-12-31', '74', '7', '', 'Administrative', 'Financial Services', '25661.00', 0, 'Promotion', '0'),
(61, 7, '1081-03', 'Regular', '2023-02-01', '2025-12-31', '71', '7', '', 'Administrative', 'Financial Services', '18481.00', 0, 'Original', '0'),
(62, 99, '1081-04', 'Regular', '2025-03-12', '2025-12-31', '72', '7', '', 'Administrative', 'Financial Services', '18481.00', 0, 'Original', '0'),
(63, 1, '1081-05', 'Regular', '2025-01-02', '2025-12-31', '73', '7', '', 'Administrative', 'Financial Services', '14588.00', 0, 'Original', '0'),
(64, 25, '1091-01', 'Regular', '2025-01-01', '2025-12-31', '49', '5', '', 'Supervisory', 'Financial Services', '84719.00', 0, 'Promotion', '0'),
(65, 57, '1091-03', 'Regular', '2024-11-04', '2025-12-31', '51', '5', '', 'Administrative', 'Financial Services', '34572.00', 0, 'Promotion', '0'),
(66, 44, '1091-10', 'Regular', '2024-12-03', '2025-12-31', '58', '5', '', 'Administrative', 'Financial Services', '31891.00', 0, 'Promotion', '0'),
(67, 28, '1091-04', 'Regular', '2025-01-01', '2025-12-31', '52', '5', '', 'Administrative', 'Financial Services', '25661.00', 0, 'Promotion', '0'),
(68, 93, '1091-13', 'Regular', '2025-01-02', '2025-12-31', '61', '5', '', 'Development', 'ICT Services', '25661.00', 0, 'Promotion', '0'),
(71, 22, '1091-09', 'Regular', '2025-01-01', '2025-12-31', '57', '5', '', 'Administrative', 'Financial Services', '20164.00', 0, 'Original', '0'),
(72, 16, '1091-06', 'Regular', '2025-01-01', '2025-12-31', '54', '5', '', 'Administrative', 'Financial Services', '19997.00', 0, 'Original', '0'),
(73, 68, '1091-07', 'Regular', '2025-01-01', '2025-12-31', '55', '5', '', 'Administrative', 'Financial Services', '19997.00', 0, 'Original', '0'),
(74, 24, '1091-11', 'Regular', '2025-01-01', '2025-12-31', '59', '5', '', 'Administrative', 'Financial Services', '19158.00', 0, 'Original', '0'),
(75, 112, '1091-12', 'Regular', '2025-01-02', '2025-12-31', '60', '5', '', 'Administrative', 'Financial Services', '18481.00', 0, 'Original', '0'),
(76, 4, '1101-01', 'Regular', '2025-03-12', '2025-12-31', '62', '6', '', 'Supervisory', 'Technical Services', '84719.00', 0, 'Promotion', '0'),
(77, 37, '1101-07', 'Regular', '2025-01-01', '2025-12-31', '68', '6', '', 'Administrative', 'Technical Services', '25916.00', 0, 'Promotion', '0'),
(78, 85, '1101-02', 'Regular', '2025-01-01', '2025-12-31', '63', '6', '', 'Administrative', 'Clerical Services', '25661.00', 0, 'Promotion', '0'),
(79, 50, '1101-03', 'Regular', '2025-01-01', '2025-12-31', '64', '6', '', 'Administrative', 'Clerical Services', '20164.00', 0, 'Promotion', '0'),
(80, 102, '1101-05', 'Regular', '2025-01-02', '2025-12-31', '66', '6', '', 'Administrative', 'Clerical Services', '14588.00', 0, 'Original', '0'),
(86, 109, '7611-03', 'Regular', '2025-01-21', '2025-12-31', '154', '15', '', 'Administrative', 'Others', '18481.00', 0, 'Original', '0'),
(89, 34, '8711-10', 'Regular', '2025-01-01', '2025-01-31', '148', '14', '', 'Administrative', 'Technical Services', '38245.00', 0, 'Resigned', '0'),
(98, 36, '8751-01', 'Regular', '2025-08-26', '2025-12-31', '92', '10', '', 'Supervisory', 'Technical Services', '84719.00', 0, 'Promotion', '0'),
(100, 45, '8751-05', 'Regular', '2025-01-21', '2025-12-31', '96', '10', '', 'Development', 'Technical Services', '37454.00', 0, 'Promotion', '0'),
(101, 97, '8751-02', 'Regular', '2025-03-12', '2025-12-31', '93', '10', '', 'Development', 'Technical Services', '27635.00', 0, 'Original', '0'),
(102, 90, '8751-04', 'Regular', '2025-01-01', '2025-12-31', '95', '10', '', 'Development', 'Technical Services', '16089.00', 0, 'Retired', '0'),
(103, 75, '8751-03', 'Regular', '2025-01-01', '2025-12-31', '94', '10', '', 'Development', 'Technical Services', '15391.00', 0, 'Original', '0'),
(104, 35, '8811-01', 'Regular', '2025-01-01', '2025-12-31', '159', '16', '', 'Administrative', 'Others', '16556.00', 0, 'Original', '0'),
(105, 30, '8811-16', 'Regular', '2025-01-01', '2025-12-31', '162', '10', '', 'Utility', 'Technical Services', '16556.00', 0, 'Original', '0'),
(106, 116, '8811-14', 'Regular', '2025-01-02', '2025-12-31', '160', '13', '', 'Utility', 'Others', '12177.00', 0, 'Original', '0'),
(107, 117, '1011-17', 'Casual', '2025-07-01', '2025-01-31', '16', '1', '', 'Office Staff', 'Clerical Services', '12177.00', 0, 'Original', '0'),
(110, 133, '1011-20', 'Casual', '2025-07-01', '2025-12-31', '20', '1', '', 'Office Staff', 'Clerical Services', '12177.00', 0, 'Original', '0'),
(111, 127, '1011-19', 'Casual', '2025-07-01', '2025-12-31', '19', '1', '', 'Office Staff', 'Others', '12177.00', 0, 'Original', '0'),
(112, 125, '1011-18', 'Casual', '2025-07-01', '2025-12-31', '17', '1', '', 'Office Staff', 'Clerical Services', '12177.00', 0, 'Original', '0'),
(114, 135, '1016-05', 'Casual', '2025-07-01', '2025-12-31', '29', '2', '', 'Office Staff', 'Clerical Services', '12177.00', 0, 'Original', '0'),
(118, 10, '2026-01-1011-06', 'Regular', '2026-01-05', '0000-00-00', '6', '1', '', 'Supervisory', 'Others', '46649.00', 0, '2ND TRANCHE - BBM', '1'),
(119, 64, '2026-01-1011-10', 'Regular', '2026-01-05', '0000-00-00', '8', '1', '', 'Administrative', 'Others', '36187.00', 0, '2ND TRANCHE - BBM', '1'),
(120, 120, '2026-01-1011-5', 'Regular', '2026-01-05', '2026-01-31', '5', '1', '', 'Administrative', 'Others', '36187.00', 0, '2ND TRANCHE - BBM', '0'),
(121, 67, '2026-01-1011-08', 'Regular', '2026-01-01', '0000-00-00', '18', '1', '', 'Administrative', 'Others', '27022.00', 0, '2ND TRANCHE - BBM', '1'),
(122, 5, '2026-01-1011-07', 'Regular', '2026-01-01', '0000-00-00', '7', '1', '', 'Administrative', 'Others', '19478.00', 0, '2ND TRANCHE - BBM', '1'),
(123, 84, '2026-01-1011-15', 'Regular', '2026-01-01', '2025-12-31', '14', '1', '', 'Utility', 'Others', '15150.00', 0, '2ND TRANCHE - BBM', '1'),
(124, 51, '2026-01-1011-12', 'Regular', '2026-01-01', '2026-12-31', '11', '1', '', 'Administrative', 'Others', '15150.00', 0, '2ND TRANCHE - BBM', '1'),
(125, 78, '2026-01-1011-13', 'Regular', '2026-01-01', '0000-00-00', '12', '6', '', 'Administrative', 'Clerical Services', '15150.00', 0, '2ND TRANCHE - BBM', '1'),
(126, 43, '2026-01-1011-11', 'Regular', '2026-01-01', '0000-00-00', '10', '1', '', 'Administrative', 'Clerical Services', '15150.00', 0, '2ND TRANCHE - BBM', '1'),
(127, 88, '2026-01-1011-14', 'Regular', '2026-01-01', '0000-00-00', '13', '11', '', 'Operations', 'Health Services', '15150.00', 0, '2ND TRANCHE - BBM', '1'),
(128, 69, '2026-01-1011-4', 'Regular', '2026-01-01', '0000-00-00', '4', '1', '', 'Administrative', 'Clerical Services', '12748.00', 0, '2ND TRANCHE - BBM', '1'),
(129, 111, '2026-01-1011-03', 'Regular', '2026-01-01', '0000-00-00', '3', '1', '', 'Administrative', 'Clerical Services', '12655.00', 0, '2ND TRANCHE - BBM', '1'),
(130, 126, '2026-01-1031-1', 'Regular', '2026-01-01', '0000-00-00', '126', '13', '', 'Administrative', 'Others', '88367.00', 0, '2ND TRANCHE - BBM', '1'),
(131, 80, '2026-01-1031-05', 'Regular', '2026-01-01', '0000-00-00', '130', '5', '', 'Administrative', 'Others', '33646.00', 0, '2ND TRANCHE - BBM', '1'),
(132, 12, '2026-01-1031-02', 'Regular', '2026-01-01', '0000-00-00', '127', '13', '', 'Administrative', 'Others', '27022.00', 0, '2ND TRANCHE - BBM', '1'),
(133, 115, '2026-01-1031-12', 'Regular', '2026-01-01', '0000-00-00', '137', '10', '', 'Administrative', 'Clerical Services', '16079.00', 0, '2ND TRANCHE - BBM', '1'),
(134, 107, '2026-01-1031-07', 'Regular', '2026-01-01', '0000-00-00', '132', '13', '', 'Administrative', 'Clerical Services', '17188.00', 0, '2ND TRANCHE - BBM', '1'),
(135, 106, '2026-01-1031-09', 'Regular', '2026-01-01', '0000-00-00', '134', '9', '', 'Administrative', 'Clerical Services', '14267.00', 0, '2ND TRANCHE - BBM', '1'),
(136, 96, '2026-01-1031-06', 'Regular', '2026-01-01', '0000-00-00', '131', '13', '', 'Administrative', 'Clerical Services', '15150.00', 0, '2ND TRANCHE - BBM', '1'),
(137, 26, '2026-01-1031-10', 'Regular', '2026-01-01', '0000-00-00', '135', '10', '', 'Utility', 'Manual Labour', '14696.00', 0, '2ND TRANCHE - BBM', '1'),
(138, 11, '2026-01-1031-04', 'Regular', '2026-01-01', '0000-00-00', '129', '13', '', 'Administrative', 'Clerical Services', '15262.00', 0, '2ND TRANCHE - BBM', '1'),
(139, 23, '2026-01-1031-17', 'Regular', '2026-01-01', '0000-00-00', '138', '13', '', 'Supervisory', 'Clerical Services', '36544.00', 0, '2ND TRANCHE - BBM', '1'),
(140, 8, '2026-01-1031-03', 'Regular', '2026-01-01', '0000-00-00', '128', '9', '', 'Administrative', 'Clerical Services', '19303.00', 0, '2ND TRANCHE - BBM', '1'),
(141, 35, '2026-01-8811-01', 'Regular', '2026-01-01', '0000-00-00', '159', '16', '', 'Supervisory', 'Clerical Services', '17315.00', 0, '2ND TRANCHE - BBM', '1'),
(142, 116, '2026-01-8811-14', 'Regular', '2026-01-01', '0000-00-00', '160', '13', '', 'Utility', 'Clerical Services', '12655.00', 0, '2ND TRANCHE - BBM', '1'),
(143, 30, '2026-01-8811-16', 'Regular', '2026-01-01', '0000-00-00', '162', '10', '', 'Utility', 'Clerical Services', '17188.00', 0, '2ND TRANCHE - BBM', '1'),
(144, 36, '2026-01-8751-01', 'Regular', '2026-01-01', '0000-00-00', '92', '10', '', 'Supervisory', 'Others', '88367.00', 0, '2ND TRANCHE - BBM', '1'),
(146, 97, '2026-01-8751-02', 'Regular', '2026-01-01', '0000-00-00', '93', '10', '', 'Administrative', 'Technical Services', '29021.00', 0, '2ND TRANCHE - BBM', '1'),
(147, 45, '2026-01-8751-05', 'Regular', '2026-01-01', '0000-00-00', '96', '10', '', 'Administrative', 'Technical Services', '39204.00', 0, '2ND TRANCHE - BBM', '1'),
(148, 75, '2026-01-8751-03', 'Regular', '2026-01-01', '0000-00-00', '94', '10', '', 'Office Staff', 'Technical Services', '15952.00', 0, '2ND TRANCHE - BBM', '1'),
(149, 46, '2026-01-1081-1', 'Regular', '2026-01-01', '0000-00-00', '78', '7', '', 'Supervisory', 'Financial Services', '89749.00', 0, '2ND TRANCHE - BBM', '1'),
(151, 74, '2026-01-1081-7', 'Regular', '2026-01-01', '0000-00-00', '75', '7', '', 'Administrative', 'Financial Services', '36187.00', 0, '2ND TRANCHE - BBM', '1'),
(153, 91, '2026-01-1081-6', 'Regular', '2026-01-01', '0000-00-00', '74', '7', '', 'Administrative', 'Financial Services', '27022.00', 0, '2ND TRANCHE - BBM', '1'),
(155, 53, '2026-01-1081-02', 'Regular', '2026-01-01', '0000-00-00', '70', '7', '', 'Administrative', 'Financial Services', '20903.00', 0, '2ND TRANCHE - BBM', '1'),
(157, 1, '2026-01-1081-05', 'Regular', '2026-01-01', '0000-00-00', '73', '7', '', 'Administrative', 'Clerical Services', '15150.00', 0, '2ND TRANCHE - BBM', '1'),
(159, 4, '2026-01-1101-1', 'Regular', '2026-01-01', '0000-00-00', '62', '6', '', 'Supervisory', 'Clerical Services', '88367.00', 0, '2ND TRANCHE - BBM', '1'),
(160, 85, '2026-01-1101-02', 'Regular', '2026-01-01', '0000-00-00', '63', '6', '', 'Administrative', 'Clerical Services', '27022.00', 0, '2ND TRANCHE - BBM', '1'),
(161, 37, '2026-01-1101-7', 'Regular', '2026-01-01', '0000-00-00', '68', '6', '', 'Administrative', 'Clerical Services', '27277.00', 0, '2ND TRANCHE - BBM', '1'),
(162, 50, '2026-01-1101-3', 'Regular', '2026-01-01', '0000-00-00', '64', '6', '', 'Administrative', 'Clerical Services', '21070.00', 0, '2ND TRANCHE - BBM', '1'),
(163, 102, '2026-01-1101-05', 'Regular', '2026-01-01', '0000-00-00', '66', '6', '', 'Administrative', 'Clerical Services', '15150.00', 0, '2ND TRANCHE - BBM', '1'),
(164, 25, '2026-01-1091-1', 'Regular', '2026-01-01', '0000-00-00', '49', '5', '', 'Supervisory', 'Financial Services', '88367.00', 0, '2ND TRANCHE - BBM', '1'),
(165, 57, '2026-01-1091-3', 'Regular', '2026-01-01', '0000-00-00', '51', '5', '', 'Administrative', 'Clerical Services', '36187.00', 0, '2ND TRANCHE - BBM', '1'),
(166, 22, '2026-01-1091-09', 'Regular', '2026-01-01', '0000-00-00', '57', '5', '', 'Administrative', 'Clerical Services', '21070.00', 0, '2ND TRANCHE - BBM', '1'),
(168, 59, '2026-01-1091-08', 'Regular', '2026-01-01', '0000-00-00', '56', '5', '', 'Administrative', 'Clerical Services', '21070.00', 0, '2ND TRANCHE - BBM', '1'),
(169, 16, '2026-01-1091-06', 'Regular', '2026-01-01', '0000-00-00', '54', '5', '', 'Administrative', 'Financial Services', '20903.00', 0, '2ND TRANCHE - BBM', '1'),
(170, 68, '2026-01-1091-07', 'Regular', '2026-01-01', '0000-00-00', '55', '5', '', 'Administrative', 'Clerical Services', '20903.00', 0, '2ND TRANCHE - BBM', '1'),
(172, 47, '2026-01-1091-05', 'Regular', '2026-01-01', '0000-00-00', '53', '5', '', 'Administrative', 'Clerical Services', '22102.00', 0, '2ND TRANCHE - BBM', '1'),
(173, 44, '2026-01-1091-10', 'Regular', '2026-01-01', '0000-00-00', '58', '5', '', 'Administrative', 'Clerical Services', '33322.00', 0, '2ND TRANCHE - BBM', '1'),
(174, 28, '2026-01-1091-04', 'Regular', '2026-01-01', '0000-00-00', '52', '5', '', 'Administrative', 'Clerical Services', '27022.00', 0, '2ND TRANCHE - BBM', '1'),
(175, 24, '2026-01-1091-11', 'Regular', '2026-01-01', '0000-00-00', '59', '5', '', 'Administrative', 'Clerical Services', '20011.00', 0, '2ND TRANCHE - BBM', '1'),
(177, 6, '2026-01-1071-1', 'Regular', '2026-01-01', '0000-00-00', '81', '8', '', 'Supervisory', 'Financial Services', '91155.00', 0, '2ND TRANCHE - BBM', '1'),
(178, 31, '2026-01-1071-05', 'Regular', '2026-01-01', '0000-00-00', '86', '8', '', 'Administrative', 'Clerical Services', '36187.00', 0, '2ND TRANCHE - BBM', '1'),
(179, 56, '2026-01-1071-03', 'Regular', '2026-01-01', '0000-00-00', '84', '8', '', 'Administrative', 'Clerical Services', '19478.00', 0, '2ND TRANCHE - BBM', '1'),
(180, 72, '2026-01-1071-4', 'Regular', '2026-01-01', '0000-00-00', '85', '8', '', 'Administrative', 'Clerical Services', '18099.00', 0, '2ND TRANCHE - BBM', '1'),
(181, 40, '2026-01-1071-02', 'Regular', '2026-01-01', '0000-00-00', '82', '8', '', 'Administrative', 'Clerical Services', '27022.00', 0, '2ND TRANCHE - BBM', '1'),
(182, 55, '2026-01-1041-1', 'Regular', '2026-01-01', '0000-00-00', '87', '9', '', 'Supervisory', 'Financial Services', '98488.00', 0, '2ND TRANCHE - BBM', '1'),
(183, 19, '2026-01-1041-4', 'Regular', '2026-01-01', '0000-00-00', '90', '9', '', 'Administrative', 'Clerical Services', '36544.00', 0, '2ND TRANCHE - BBM', '1'),
(184, 32, '2026-01-1041-5', 'Regular', '2026-01-01', '0000-00-00', '91', '9', '', 'Administrative', 'Clerical Services', '36544.00', 0, '2ND TRANCHE - BBM', '1'),
(185, 39, '2026-01-1041-2', 'Regular', '2026-01-01', '0000-00-00', '88', '9', '', 'Administrative', 'Financial Services', '20903.00', 0, '2ND TRANCHE - BBM', '1'),
(186, 13, '2026-01-1041-3', 'Regular', '2026-01-01', '0000-00-00', '89', '9', '', 'Administrative', 'ICT Services', '19303.00', 0, '2ND TRANCHE - BBM', '1'),
(187, 87, '2026-01-1051-1', 'Regular', '2026-01-01', '2026-01-31', '122', '12', '', 'Supervisory', 'Clerical Services', '88367.00', 0, '2ND TRANCHE - BBM', '0'),
(188, 29, '2026-01-1051-2', 'Regular', '2026-01-01', '0000-00-00', '123', '12', '', 'Administrative', 'Clerical Services', '33974.00', 0, '2ND TRANCHE - BBM', '1'),
(189, 134, '2026-01-1051-3', 'Regular', '2026-01-01', '0000-00-00', '124', '12', '', 'Administrative', 'Clerical Services', '15150.00', 0, '2ND TRANCHE - BBM', '1'),
(190, 42, '2026-01-1051-4', 'Regular', '2025-01-01', '0000-00-00', '125', '12', '', 'Administrative', 'Clerical Services', '19303.00', 0, '2ND TRANCHE - BBM', '1'),
(191, 20, '2026-01-1022-1', 'Regular', '2026-01-01', '0000-00-00', '42', '4', '', 'Supervisory', 'Financial Services', '88367.00', 0, '2ND TRANCHE - BBM', '1'),
(192, 86, '2026-01-1022-2', 'Regular', '2026-01-01', '0000-00-00', '43', '4', '', 'Administrative', 'Clerical Services', '23027.00', 0, '2ND TRANCHE - BBM', '1'),
(194, 17, '2026-01-1022-4', 'Regular', '2026-01-01', '0000-00-00', '45', '4', '', 'Administrative', 'Clerical Services', '17061.00', 0, '2ND TRANCHE - BBM', '1'),
(195, 54, '2026-01-1022-6', 'Regular', '2026-01-01', '0000-00-00', '47', '4', '', 'Administrative', 'Clerical Services', '30979.00', 0, '2ND TRANCHE - BBM', '1'),
(196, 63, '2026-01-1022-7', 'Regular', '2026-01-01', '0000-00-00', '48', '4', '', 'Administrative', 'Clerical Services', '33646.00', 0, '2ND TRANCHE - BBM', '1'),
(197, 33, '2026-01-7611-1', 'Regular', '2026-01-01', '0000-00-00', '152', '15', '', 'Supervisory', 'Financial Services', '89749.00', 0, '2ND TRANCHE - BBM', '1'),
(198, 110, '2026-01-7611-2', 'Regular', '2026-01-01', '0000-00-00', '153', '15', '', 'Administrative', 'Financial Services', '27022.00', 0, '2ND TRANCHE - BBM', '1'),
(199, 14, '2026-01-7611-4', 'Regular', '2026-01-01', '0000-00-00', '155', '15', '', 'Administrative', 'Financial Services', '20011.00', 0, '2ND TRANCHE - BBM', '1'),
(201, 3, '2026-01-7611-5', 'Regular', '2026-01-01', '0000-00-00', '156', '15', '', 'Administrative', 'Financial Services', '17188.00', 0, '2ND TRANCHE - BBM', '1'),
(202, 82, '2026-01-7611-6', 'Regular', '2026-01-01', '0000-00-00', '157', '15', '', 'Administrative', 'Financial Services', '36187.00', 0, '2ND TRANCHE - BBM', '1'),
(203, 101, '2026-01-7611-7', 'Regular', '2026-01-01', '0000-00-00', '158', '15', '', 'Administrative', 'Financial Services', '23027.00', 0, '2ND TRANCHE - BBM', '1'),
(204, 131, '2026-01-8711-1', 'Regular', '2026-01-01', '0000-00-00', '139', '14', '', 'Supervisory', 'Financial Services', '88367.00', 0, '2ND TRANCHE - BBM', '1'),
(205, 65, '2026-01-8711-7', 'Regular', '2026-01-01', '0000-00-00', '145', '14', '', 'Administrative', 'Clerical Services', '23027.00', 0, '2ND TRANCHE - BBM', '1'),
(206, 103, '2026-01-8711-5', 'Regular', '2026-01-01', '2026-01-31', '143', '14', '', 'Administrative', 'Financial Services', '23027.00', 0, '2ND TRANCHE - BBM', '0'),
(207, 98, '2026-01-8711-8', 'Regular', '2026-01-01', '0000-00-00', '146', '14', '', 'Administrative', 'Janitorial Services', '14479.00', 0, '2ND TRANCHE - BBM', '1'),
(208, 104, '2026-01-8711-4', 'Regular', '2026-01-01', '0000-00-00', '142', '14', '', 'Administrative', 'Financial Services', '23027.00', 0, '2ND TRANCHE - BBM', '1'),
(209, 113, '2026-01-8711-3', 'Regular', '2026-01-01', '0000-00-00', '141', '14', '', 'Administrative', 'Financial Services', '23027.00', 0, '2ND TRANCHE - BBM', '1'),
(210, 105, '2026-01-8711-2', 'Regular', '2026-01-01', '0000-00-00', '140', '14', '', 'Administrative', 'Financial Services', '23027.00', 0, '2ND TRANCHE - BBM', '1'),
(212, 2, '2026-01-8711-11', 'Regular', '2026-01-01', '0000-00-00', '149', '14', '', 'Administrative', 'Clerical Services', '36187.00', 0, '2ND TRANCHE - BBM', '1'),
(213, 49, '2026-01-8711-12', 'Regular', '2026-01-01', '0000-00-00', '150', '14', '', 'Administrative', 'Clerical Services', '36187.00', 0, '2ND TRANCHE - BBM', '1'),
(214, 62, '2026-01-1021-1', 'Regular', '2026-01-01', '0000-00-00', '31', '3', '', 'Supervisory', 'Others', '91155.00', 0, '2ND TRANCHE - BBM', '1'),
(215, 130, '2026-01-1021-2', 'Regular', '2026-01-01', '0000-00-00', '32', '3', '', 'Supervisory', 'Others', '88367.00', 0, '2ND TRANCHE - BBM', '1'),
(216, 129, '2026-01-1021-3', 'Regular', '2026-01-01', '0000-00-00', '33', '3', '', 'Supervisory', 'Financial Services', '88367.00', 0, '2ND TRANCHE - BBM', '1'),
(217, 73, '2026-01-1021-4', 'Regular', '2026-01-01', '0000-00-00', '34', '3', '', 'Administrative', 'Financial Services', '89749.00', 0, '2ND TRANCHE - BBM', '1'),
(218, 121, '2026-01-1021-5', 'Regular', '2026-01-01', '0000-00-00', '35', '3', '', 'Administrative', 'Financial Services', '88367.00', 0, '2ND TRANCHE - BBM', '1'),
(219, 123, '2026-01-1021-6', 'Regular', '2026-01-01', '0000-00-00', '36', '3', '', 'Administrative', 'Financial Services', '88367.00', 0, '2ND TRANCHE - BBM', '1'),
(220, 119, '2026-01-1021-7', 'Regular', '2026-01-01', '0000-00-00', '37', '3', '', 'Administrative', 'Financial Services', '88367.00', 0, '2ND TRANCHE - BBM', '1'),
(221, 122, '2026-01-1021-8', 'Regular', '2026-01-01', '0000-00-00', '38', '3', '', 'Administrative', 'Financial Services', '88367.00', 0, '2ND TRANCHE - BBM', '1'),
(222, 118, '2026-01-1021-9', 'Regular', '2026-01-01', '0000-00-00', '39', '3', '', 'Administrative', 'Financial Services', '88367.00', 0, '2ND TRANCHE - BBM', '1'),
(223, 70, '2026-01-1016-1', 'Regular', '2025-01-01', '0000-00-00', '25', '2', '', 'Supervisory', 'Financial Services', '100554.00', 0, '2ND TRANCHE - BBM', '1'),
(224, 128, '2026-01-1016-2', 'Regular', '2026-01-01', '0000-00-00', '28', '2', '', 'Administrative', 'Others', '15150.00', 0, '2ND TRANCHE - BBM', '1'),
(229, 108, '2026-01-4411-1', 'Regular', '2026-01-01', '0000-00-00', '98', '11', '', 'Supervisory', 'Health Services', '98185.00', 0, '2ND TRANCHE - BBM', '1'),
(230, 71, '2026-01-4411-2', 'Regular', '2026-01-01', '0000-00-00', '99', '11', '', 'Administrative', 'Health Services', '47727.00', 0, '2ND TRANCHE - BBM', '1'),
(231, 52, '2026-01-4411-3', 'Regular', '2026-01-01', '0000-00-00', '100', '11', '', 'Administrative', 'Health Services', '35049.00', 0, '2ND TRANCHE - BBM', '1'),
(232, 79, '2026-01-4411-5', 'Regular', '2026-01-01', '0000-00-00', '102', '11', '', 'Administrative', 'Health Services', '30597.00', 0, '2ND TRANCHE - BBM', '1'),
(233, 89, '2026-01-4411-6', 'Regular', '2026-01-01', '0000-00-00', '103', '11', '', 'Administrative', 'Clerical Services', '32099.00', 0, '2ND TRANCHE - BBM', '1'),
(234, 60, '2026-01-4411-7', 'Regular', '2026-01-01', '0000-00-00', '104', '11', '', 'Administrative', 'Health Services', '30597.00', 0, '2ND TRANCHE - BBM', '1'),
(239, 18, '2026-01-4411-4', 'Regular', '2026-01-01', '0000-00-00', '101', '11', '', 'Administrative', 'Health Services', '34733.00', 0, '2ND TRANCHE - BBM', '1'),
(241, 48, '2026-01-4411-24', 'Regular', '2026-01-01', '0000-00-00', '121', '11', '', 'Administrative', 'Health Services', '30024.00', 0, '2ND TRANCHE - BBM', '1'),
(242, 21, '2026-01-4411-15', 'Regular', '2026-01-01', '0000-00-00', '112', '11', '', 'Administrative', 'Health Services', '19526.00', 0, '2ND TRANCHE - BBM', '1'),
(243, 38, '2026-01-4411-18', 'Regular', '2026-01-01', '0000-00-00', '115', '11', '', 'Administrative', 'Health Services', '40604.00', 0, '2ND TRANCHE - BBM', '1'),
(244, 58, '2026-01-4411-22', 'Regular', '2026-01-01', '0000-00-00', '119', '11', '', 'Administrative', 'Health Services', '30597.00', 0, '2ND TRANCHE - BBM', '1'),
(248, 100, '2026-01-4411-17', 'Regular', '2026-01-01', '0000-00-00', '114', '11', '', 'Administrative', 'Health Services', '16833.00', 0, '2ND TRANCHE - BBM', '1'),
(249, 61, '2026-01-4411-23', 'Regular', '2026-01-01', '0000-00-00', '120', '11', '', 'Administrative', 'Health Services', '43996.00', 0, '2ND TRANCHE - BBM', '1'),
(250, 92, '2026-01-4411-21', 'Regular', '2026-01-01', '0000-00-00', '118', '11', '', 'Administrative', 'Health Services', '25586.00', 0, '2ND TRANCHE - BBM', '1'),
(251, 66, '2026-01-4411-16', 'Regular', '2026-01-01', '0000-00-00', '113', '11', '', 'Administrative', 'Health Services', '18957.00', 0, '2ND TRANCHE - BBM', '1'),
(252, 94, '2026-1011-01', 'Regular', '2026-01-01', '0000-00-00', '1', '1', '', 'Supervisory', 'Others', '128397.00', 0, '2ND TRANCHE - BBM', '1'),
(253, 124, '2026-1011-02', 'Regular', '2026-01-01', '0000-00-00', '2', '1', '', 'Administrative', 'Clerical Services', '36187.00', 0, '2ND TRANCHE - BBM', '1'),
(254, 120, '2026-02-1011-5', 'Regular', '2026-02-01', '0000-00-00', '5', '1', '', 'Administrative', 'Clerical Services', '36544.00', 0, 'Step Increment', '1'),
(256, 87, '2026-02-1051-1', 'Regular', '2026-02-01', '0000-00-00', '122', '12', '', 'Supervisory', 'Clerical Services', '89749.00', 0, 'Step Increment', '1'),
(257, 95, '2026-01-1022-03', 'Regular', '2026-01-01', '0000-00-00', '44', '4', '', 'Administrative', 'Clerical Services', '19303.00', 0, 'Promotion', '1'),
(258, 99, '2026-01-1081-04', 'Regular', '2026-01-01', '0000-00-00', '72', '7', '', 'Administrative', 'Clerical Services', '19303.00', 0, '2ND TRANCHE - BBM', '1'),
(259, 93, '2026-01-1091-13', 'Regular', '2026-01-01', '0000-00-00', '61', '5', '', 'Administrative', 'ICT Services', '27022.00', 0, 'Promotion', '1'),
(260, 112, '2026-01-1091-12', 'Regular', '2026-01-01', '0000-00-00', '60', '5', '', 'Administrative', 'Clerical Services', '19303.00', 0, '2ND TRANCHE - BBM', '1'),
(261, 103, '2026-02-8711-5', 'Regular', '2026-02-01', '0000-00-00', '143', '14', '', 'Operations', 'Technical Services', '23211.00', 0, 'Step Increment', '1'),
(262, 117, '2026-01-1011-C1', 'Casual', '2026-01-01', '0000-00-00', '16', '1', '', 'Office Staff', 'Clerical Services', '12655.00', 0, '2ND TRANCHE - BBM', '1'),
(263, 125, '2026-01-1011-C2', 'Casual', '2026-01-01', '0000-00-00', '17', '1', '', 'Office Staff', 'Clerical Services', '12655.00', 0, '2ND TRANCHE - BBM', '1'),
(264, 127, '2026-01-1011-C3', 'Casual', '2026-01-01', '0000-00-00', '19', '1', '', 'Office Staff', 'Clerical Services', '12655.00', 0, '2ND TRANCHE - BBM', '1'),
(265, 133, '2026-01-1011-C4', 'Casual', '2026-01-01', '0000-00-00', '20', '1', '', 'Office Staff', 'Clerical Services', '12655.00', 0, '2ND TRANCHE - BBM', '1'),
(266, 135, '2026-01-1016-C1', 'Casual', '2026-01-01', '0000-00-00', '29', '2', '', 'Office Staff', 'Clerical Services', '12655.00', 0, '2ND TRANCHE - BBM', '1'),
(267, 114, '2026-01-1016-C2', 'Casual', '2026-01-01', '0000-00-00', '30', '2', '', 'Office Staff', 'Clerical Services', '12655.00', 0, '2ND TRANCHE - BBM', '1'),
(268, 41, '2026-01-4411-8', 'Regular', '2026-01-01', '0000-00-00', '105', '11', '', 'Operations', 'Health Services', '30024.00', 0, '2ND TRANCHE - BBM', '1'),
(269, 27, '2026-01-4411-9', 'Regular', '2026-01-01', '0000-00-00', '106', '11', '', 'Operations', 'Health Services', '30597.00', 0, '2ND TRANCHE - BBM', '1'),
(270, 15, '2026-01-4411-10', 'Regular', '2026-01-01', '0000-00-00', '107', '11', '', 'Operations', 'Health Services', '31486.00', 0, '2ND TRANCHE - BBM', '1'),
(271, 83, '2026-01-4411-11', 'Regular', '2026-01-01', '0000-00-00', '108', '11', '', 'Operations', 'Health Services', '30308.00', 0, '2ND TRANCHE - BBM', '1'),
(272, 77, '2026-01-4411-12', 'Regular', '2026-01-01', '0000-00-00', '109', '11', '', 'Operations', 'Health Services', '30597.00', 0, '2ND TRANCHE - BBM', '1'),
(273, 9, '2026-01-4411-14', 'Regular', '2026-01-01', '0000-00-00', '111', '11', '', 'Operations', 'Health Services', '31486.00', 0, '2ND TRANCHE - BBM', '1'),
(274, 81, '2026-01-4411-20', 'Regular', '2026-01-01', '0000-00-00', '117', '11', '', 'Operations', 'Health Services', '16088.00', 0, '2ND TRANCHE - BBM', '1'),
(275, 109, '2026-01-7611-03', 'Regular', '2026-01-01', '0000-00-00', '154', '15', '', 'Administrative', 'Others', '19303.00', 0, '2ND TRANCHE - BBM', '1'),
(276, 7, '2026-01-1081-3', 'Regular', '2026-01-01', '2026-01-31', '71', '7', '', 'Administrative', 'Clerical Services', '19303.00', 0, '2ND TRANCHE - BBM', '0'),
(278, 7, '2026-02-1081-3', 'Regular', '2026-02-01', '0000-00-00', '71', '7', '', 'Administrative', 'Clerical Services', '19478.00', 0, 'Step Increment', '1');

-- --------------------------------------------------------

--
-- Table structure for table `employee_govshares`
--

CREATE TABLE `employee_govshares` (
  `employee_govshare_id` int(11) NOT NULL,
  `employee_id` int(11) NOT NULL,
  `govshare_id` int(11) NOT NULL,
  `govshare_amount` decimal(10,2) NOT NULL,
  `employee_rate` decimal(10,2) NOT NULL,
  `effective_start` date NOT NULL,
  `effective_end` date DEFAULT NULL,
  `created_at` timestamp NOT NULL DEFAULT current_timestamp()
) ENGINE=InnoDB DEFAULT CHARSET=utf8mb4;

--
-- Dumping data for table `employee_govshares`
--

INSERT INTO `employee_govshares` (`employee_govshare_id`, `employee_id`, `govshare_id`, `govshare_amount`, `employee_rate`, `effective_start`, `effective_end`, `created_at`) VALUES
(1, 94, 8, '100.00', '128397.00', '2026-03-02', NULL, '2026-03-01 20:09:16'),
(2, 94, 1, '15407.64', '128397.00', '2026-03-02', NULL, '2026-03-01 20:09:16'),
(3, 94, 5, '200.00', '128397.00', '2026-03-02', NULL, '2026-03-01 20:09:16'),
(4, 94, 7, '2500.00', '128397.00', '2026-03-02', NULL, '2026-03-01 20:09:16'),
(5, 10, 8, '100.00', '46649.00', '2026-03-02', NULL, '2026-03-01 20:09:49'),
(6, 10, 1, '5597.88', '46649.00', '2026-03-02', NULL, '2026-03-01 20:09:49'),
(7, 10, 5, '200.00', '46649.00', '2026-03-02', NULL, '2026-03-01 20:09:49'),
(8, 10, 7, '1166.23', '46649.00', '2026-03-02', NULL, '2026-03-01 20:09:49'),
(9, 124, 8, '100.00', '36187.00', '2026-03-02', NULL, '2026-03-01 20:10:16'),
(10, 124, 1, '4342.44', '36187.00', '2026-03-02', NULL, '2026-03-01 20:10:16'),
(11, 124, 5, '200.00', '36187.00', '2026-03-02', NULL, '2026-03-01 20:10:16'),
(12, 124, 7, '904.68', '36187.00', '2026-03-02', NULL, '2026-03-01 20:10:16'),
(13, 64, 8, '100.00', '36187.00', '2026-03-02', NULL, '2026-03-01 20:35:43'),
(14, 64, 1, '4342.44', '36187.00', '2026-03-02', NULL, '2026-03-01 20:35:43'),
(15, 64, 5, '200.00', '36187.00', '2026-03-02', NULL, '2026-03-01 20:35:43'),
(16, 64, 7, '904.68', '36187.00', '2026-03-02', NULL, '2026-03-01 20:35:43'),
(17, 120, 8, '100.00', '36544.00', '2026-03-02', NULL, '2026-03-01 20:36:13'),
(18, 120, 1, '4385.28', '36544.00', '2026-03-02', NULL, '2026-03-01 20:36:13'),
(19, 120, 5, '200.00', '36544.00', '2026-03-02', NULL, '2026-03-01 20:36:13'),
(20, 120, 7, '913.60', '36544.00', '2026-03-02', NULL, '2026-03-01 20:36:13'),
(21, 67, 8, '100.00', '27022.00', '2026-03-02', NULL, '2026-03-01 20:36:46'),
(22, 67, 1, '3242.64', '27022.00', '2026-03-02', NULL, '2026-03-01 20:36:46'),
(23, 67, 5, '200.00', '27022.00', '2026-03-02', NULL, '2026-03-01 20:36:46'),
(24, 67, 7, '675.55', '27022.00', '2026-03-02', NULL, '2026-03-01 20:36:46'),
(25, 5, 8, '100.00', '19478.00', '2026-03-02', NULL, '2026-03-01 20:37:15'),
(26, 5, 1, '2337.36', '19478.00', '2026-03-02', NULL, '2026-03-01 20:37:15'),
(27, 5, 5, '200.00', '19478.00', '2026-03-02', NULL, '2026-03-01 20:37:15'),
(28, 5, 7, '486.95', '19478.00', '2026-03-02', NULL, '2026-03-01 20:37:15'),
(29, 84, 8, '100.00', '15150.00', '2026-03-02', NULL, '2026-03-01 20:37:34'),
(30, 84, 1, '1818.00', '15150.00', '2026-03-02', NULL, '2026-03-01 20:37:34'),
(31, 84, 5, '200.00', '15150.00', '2026-03-02', NULL, '2026-03-01 20:37:34'),
(32, 84, 7, '378.75', '15150.00', '2026-03-02', NULL, '2026-03-01 20:37:34'),
(33, 51, 8, '100.00', '15150.00', '2026-03-02', NULL, '2026-03-01 20:37:53'),
(34, 51, 1, '1818.00', '15150.00', '2026-03-02', NULL, '2026-03-01 20:37:53'),
(35, 51, 5, '200.00', '15150.00', '2026-03-02', NULL, '2026-03-01 20:37:53'),
(36, 51, 7, '378.75', '15150.00', '2026-03-02', NULL, '2026-03-01 20:37:53'),
(37, 78, 8, '100.00', '15150.00', '2026-03-02', NULL, '2026-03-01 20:38:18'),
(38, 78, 1, '1818.00', '15150.00', '2026-03-02', NULL, '2026-03-01 20:38:18'),
(39, 78, 5, '200.00', '15150.00', '2026-03-02', NULL, '2026-03-01 20:38:18'),
(40, 78, 7, '378.75', '15150.00', '2026-03-02', NULL, '2026-03-01 20:38:18'),
(41, 43, 8, '100.00', '15150.00', '2026-03-02', NULL, '2026-03-01 20:38:39'),
(42, 43, 1, '1818.00', '15150.00', '2026-03-02', NULL, '2026-03-01 20:38:39'),
(43, 43, 5, '200.00', '15150.00', '2026-03-02', NULL, '2026-03-01 20:38:39'),
(44, 43, 7, '378.75', '15150.00', '2026-03-02', NULL, '2026-03-01 20:38:39'),
(45, 88, 8, '100.00', '15150.00', '2026-03-02', NULL, '2026-03-01 20:39:16'),
(46, 88, 1, '1818.00', '15150.00', '2026-03-02', NULL, '2026-03-01 20:39:16'),
(47, 88, 5, '200.00', '15150.00', '2026-03-02', NULL, '2026-03-01 20:39:16'),
(48, 88, 7, '378.75', '15150.00', '2026-03-02', NULL, '2026-03-01 20:39:16'),
(49, 69, 8, '100.00', '12748.00', '2026-03-02', NULL, '2026-03-01 20:39:37'),
(50, 69, 1, '1529.76', '12748.00', '2026-03-02', NULL, '2026-03-01 20:39:37'),
(51, 69, 5, '200.00', '12748.00', '2026-03-02', NULL, '2026-03-01 20:39:37'),
(52, 69, 7, '318.70', '12748.00', '2026-03-02', NULL, '2026-03-01 20:39:37'),
(53, 111, 8, '100.00', '12655.00', '2026-03-02', NULL, '2026-03-01 20:39:56'),
(54, 111, 1, '1518.60', '12655.00', '2026-03-02', NULL, '2026-03-01 20:39:56'),
(55, 111, 5, '200.00', '12655.00', '2026-03-02', NULL, '2026-03-01 20:39:56'),
(56, 111, 7, '316.38', '12655.00', '2026-03-02', NULL, '2026-03-01 20:39:56'),
(57, 126, 1, '10604.04', '88367.00', '2026-03-02', NULL, '2026-03-01 21:26:41'),
(58, 126, 8, '100.00', '88367.00', '2026-03-02', NULL, '2026-03-01 21:26:41'),
(59, 126, 5, '200.00', '88367.00', '2026-03-02', NULL, '2026-03-01 21:26:41'),
(60, 126, 7, '2209.18', '88367.00', '2026-03-02', NULL, '2026-03-01 21:26:41'),
(61, 23, 1, '4385.28', '36544.00', '2026-03-02', NULL, '2026-03-01 21:27:14'),
(62, 23, 8, '100.00', '36544.00', '2026-03-02', NULL, '2026-03-01 21:27:14'),
(63, 23, 5, '200.00', '36544.00', '2026-03-02', NULL, '2026-03-01 21:27:14'),
(64, 23, 7, '913.60', '36544.00', '2026-03-02', NULL, '2026-03-01 21:27:14'),
(65, 80, 1, '4037.52', '33646.00', '2026-03-02', NULL, '2026-03-01 21:27:40'),
(66, 80, 8, '100.00', '33646.00', '2026-03-02', NULL, '2026-03-01 21:27:40'),
(67, 80, 5, '200.00', '33646.00', '2026-03-02', NULL, '2026-03-01 21:27:40'),
(68, 80, 7, '841.15', '33646.00', '2026-03-02', NULL, '2026-03-01 21:27:40'),
(69, 12, 1, '3242.64', '27022.00', '2026-03-02', NULL, '2026-03-01 21:28:08'),
(70, 12, 8, '100.00', '27022.00', '2026-03-02', NULL, '2026-03-01 21:28:08'),
(71, 12, 5, '200.00', '27022.00', '2026-03-02', NULL, '2026-03-01 21:28:08'),
(72, 12, 7, '675.55', '27022.00', '2026-03-02', NULL, '2026-03-01 21:28:08'),
(73, 8, 1, '2316.36', '19303.00', '2026-03-02', NULL, '2026-03-01 21:28:48'),
(74, 8, 8, '100.00', '19303.00', '2026-03-02', NULL, '2026-03-01 21:28:48'),
(75, 8, 5, '200.00', '19303.00', '2026-03-02', NULL, '2026-03-01 21:28:48'),
(76, 8, 7, '482.58', '19303.00', '2026-03-02', NULL, '2026-03-01 21:28:48'),
(77, 107, 1, '2062.56', '17188.00', '2026-03-02', NULL, '2026-03-01 21:29:19'),
(78, 107, 8, '100.00', '17188.00', '2026-03-02', NULL, '2026-03-01 21:29:19'),
(79, 107, 5, '200.00', '17188.00', '2026-03-02', NULL, '2026-03-01 21:29:19'),
(80, 107, 7, '429.70', '17188.00', '2026-03-02', NULL, '2026-03-01 21:29:19'),
(81, 115, 1, '1929.48', '16079.00', '2026-03-02', NULL, '2026-03-01 21:29:39'),
(82, 115, 8, '100.00', '16079.00', '2026-03-02', NULL, '2026-03-01 21:29:39'),
(83, 115, 5, '200.00', '16079.00', '2026-03-02', NULL, '2026-03-01 21:29:39'),
(84, 115, 7, '401.98', '16079.00', '2026-03-02', NULL, '2026-03-01 21:29:39'),
(85, 11, 1, '1831.44', '15262.00', '2026-03-02', NULL, '2026-03-01 21:30:02'),
(86, 11, 8, '100.00', '15262.00', '2026-03-02', NULL, '2026-03-01 21:30:02'),
(87, 11, 5, '200.00', '15262.00', '2026-03-02', NULL, '2026-03-01 21:30:02'),
(88, 11, 7, '381.55', '15262.00', '2026-03-02', NULL, '2026-03-01 21:30:02'),
(89, 96, 1, '1818.00', '15150.00', '2026-03-02', NULL, '2026-03-01 21:30:22'),
(90, 96, 8, '100.00', '15150.00', '2026-03-02', NULL, '2026-03-01 21:30:22'),
(91, 96, 5, '200.00', '15150.00', '2026-03-02', NULL, '2026-03-01 21:30:22'),
(92, 96, 7, '378.75', '15150.00', '2026-03-02', NULL, '2026-03-01 21:30:22'),
(93, 26, 1, '1763.52', '14696.00', '2026-03-02', NULL, '2026-03-01 21:30:51'),
(94, 26, 8, '100.00', '14696.00', '2026-03-02', NULL, '2026-03-01 21:30:51'),
(95, 26, 5, '200.00', '14696.00', '2026-03-02', NULL, '2026-03-01 21:30:51'),
(96, 26, 7, '367.40', '14696.00', '2026-03-02', NULL, '2026-03-01 21:30:51'),
(97, 106, 1, '1712.04', '14267.00', '2026-03-02', NULL, '2026-03-01 21:31:11'),
(98, 106, 8, '100.00', '14267.00', '2026-03-02', NULL, '2026-03-01 21:31:11'),
(99, 106, 5, '200.00', '14267.00', '2026-03-02', NULL, '2026-03-01 21:31:11'),
(100, 106, 7, '356.68', '14267.00', '2026-03-02', NULL, '2026-03-01 21:31:11'),
(101, 70, 1, '12066.48', '100554.00', '2026-03-02', NULL, '2026-03-01 21:50:06'),
(102, 70, 8, '100.00', '100554.00', '2026-03-02', NULL, '2026-03-01 21:50:06'),
(103, 70, 5, '200.00', '100554.00', '2026-03-02', NULL, '2026-03-01 21:50:06'),
(104, 70, 7, '2500.00', '100554.00', '2026-03-02', NULL, '2026-03-01 21:50:06'),
(105, 128, 1, '1818.00', '15150.00', '2026-03-02', NULL, '2026-03-01 21:50:33'),
(106, 128, 8, '100.00', '15150.00', '2026-03-02', NULL, '2026-03-01 21:50:33'),
(107, 128, 5, '200.00', '15150.00', '2026-03-02', NULL, '2026-03-01 21:50:33'),
(108, 128, 7, '378.75', '15150.00', '2026-03-02', NULL, '2026-03-01 21:50:33'),
(109, 62, 1, '10938.60', '91155.00', '2026-03-02', NULL, '2026-03-01 22:44:04'),
(110, 62, 8, '100.00', '91155.00', '2026-03-02', NULL, '2026-03-01 22:44:04'),
(111, 62, 5, '200.00', '91155.00', '2026-03-02', NULL, '2026-03-01 22:44:04'),
(112, 62, 7, '2278.88', '91155.00', '2026-03-02', NULL, '2026-03-01 22:44:04'),
(113, 130, 8, '100.00', '88367.00', '2026-03-02', NULL, '2026-03-01 22:44:32'),
(114, 130, 1, '10604.04', '88367.00', '2026-03-02', NULL, '2026-03-01 22:44:32'),
(115, 130, 5, '200.00', '88367.00', '2026-03-02', NULL, '2026-03-01 22:44:32'),
(116, 130, 7, '2209.18', '88367.00', '2026-03-02', NULL, '2026-03-01 22:44:32'),
(117, 129, 8, '100.00', '88367.00', '2026-03-02', NULL, '2026-03-01 22:44:56'),
(118, 129, 1, '10604.04', '88367.00', '2026-03-02', NULL, '2026-03-01 22:44:56'),
(119, 129, 5, '200.00', '88367.00', '2026-03-02', NULL, '2026-03-01 22:44:56'),
(120, 129, 7, '2209.18', '88367.00', '2026-03-02', NULL, '2026-03-01 22:44:56'),
(121, 73, 8, '100.00', '89749.00', '2026-03-02', NULL, '2026-03-01 22:45:34'),
(122, 73, 1, '10769.88', '89749.00', '2026-03-02', NULL, '2026-03-01 22:45:34'),
(123, 73, 5, '200.00', '89749.00', '2026-03-02', NULL, '2026-03-01 22:45:34'),
(124, 73, 7, '2243.73', '89749.00', '2026-03-02', NULL, '2026-03-01 22:45:34'),
(125, 121, 8, '0.00', '88367.00', '2026-03-02', NULL, '2026-03-01 22:46:09'),
(126, 121, 1, '0.00', '88367.00', '2026-03-02', NULL, '2026-03-01 22:46:09'),
(127, 121, 5, '0.00', '88367.00', '2026-03-02', NULL, '2026-03-01 22:46:09'),
(128, 121, 7, '2209.18', '88367.00', '2026-03-02', NULL, '2026-03-01 22:46:09'),
(129, 123, 8, '100.00', '88367.00', '2026-03-02', NULL, '2026-03-01 22:46:32'),
(130, 123, 1, '10604.04', '88367.00', '2026-03-02', NULL, '2026-03-01 22:46:32'),
(131, 123, 5, '200.00', '88367.00', '2026-03-02', NULL, '2026-03-01 22:46:32'),
(132, 123, 7, '2209.18', '88367.00', '2026-03-02', NULL, '2026-03-01 22:46:32'),
(133, 119, 8, '0.00', '88367.00', '2026-03-02', NULL, '2026-03-01 22:47:03'),
(134, 119, 1, '0.00', '88367.00', '2026-03-02', NULL, '2026-03-01 22:47:03'),
(135, 119, 5, '0.00', '88367.00', '2026-03-02', NULL, '2026-03-01 22:47:03'),
(136, 119, 7, '2209.18', '88367.00', '2026-03-02', NULL, '2026-03-01 22:47:03'),
(137, 122, 8, '0.00', '88367.00', '2026-03-02', NULL, '2026-03-01 22:47:27'),
(138, 122, 1, '0.00', '88367.00', '2026-03-02', NULL, '2026-03-01 22:47:27'),
(139, 122, 5, '0.00', '88367.00', '2026-03-02', NULL, '2026-03-01 22:47:27'),
(140, 122, 7, '2209.18', '88367.00', '2026-03-02', NULL, '2026-03-01 22:47:27'),
(141, 118, 8, '0.00', '88367.00', '2026-03-02', NULL, '2026-03-01 22:47:48'),
(142, 118, 1, '0.00', '88367.00', '2026-03-02', NULL, '2026-03-01 22:47:48'),
(143, 118, 5, '0.00', '88367.00', '2026-03-02', NULL, '2026-03-01 22:47:48'),
(144, 118, 7, '2209.18', '88367.00', '2026-03-02', NULL, '2026-03-01 22:47:48'),
(145, 20, 8, '100.00', '88367.00', '2026-03-02', NULL, '2026-03-02 01:06:13'),
(146, 20, 1, '10604.04', '88367.00', '2026-03-02', NULL, '2026-03-02 01:06:13'),
(147, 20, 5, '200.00', '88367.00', '2026-03-02', NULL, '2026-03-02 01:06:13'),
(148, 20, 7, '2209.18', '88367.00', '2026-03-02', NULL, '2026-03-02 01:06:13'),
(149, 63, 8, '100.00', '33646.00', '2026-03-02', NULL, '2026-03-02 01:06:32'),
(150, 63, 1, '4037.52', '33646.00', '2026-03-02', NULL, '2026-03-02 01:06:32'),
(151, 63, 5, '200.00', '33646.00', '2026-03-02', NULL, '2026-03-02 01:06:32'),
(152, 63, 7, '841.15', '33646.00', '2026-03-02', NULL, '2026-03-02 01:06:32'),
(153, 54, 8, '100.00', '30979.00', '2026-03-02', NULL, '2026-03-02 01:06:50'),
(154, 54, 1, '3717.48', '30979.00', '2026-03-02', NULL, '2026-03-02 01:06:50'),
(155, 54, 5, '200.00', '30979.00', '2026-03-02', NULL, '2026-03-02 01:06:50'),
(156, 54, 7, '774.48', '30979.00', '2026-03-02', NULL, '2026-03-02 01:06:50'),
(157, 86, 8, '100.00', '23027.00', '2026-03-02', NULL, '2026-03-02 01:07:14'),
(158, 86, 1, '2763.24', '23027.00', '2026-03-02', NULL, '2026-03-02 01:07:14'),
(159, 86, 5, '200.00', '23027.00', '2026-03-02', NULL, '2026-03-02 01:07:14'),
(160, 86, 7, '575.68', '23027.00', '2026-03-02', NULL, '2026-03-02 01:07:14'),
(161, 95, 8, '100.00', '19303.00', '2026-03-02', NULL, '2026-03-02 01:34:00'),
(162, 95, 1, '2316.36', '19303.00', '2026-03-02', NULL, '2026-03-02 01:34:00'),
(163, 95, 5, '200.00', '19303.00', '2026-03-02', NULL, '2026-03-02 01:34:00'),
(164, 95, 7, '482.58', '19303.00', '2026-03-02', NULL, '2026-03-02 01:34:00'),
(165, 17, 8, '100.00', '17061.00', '2026-03-02', NULL, '2026-03-02 01:34:21'),
(166, 17, 1, '2047.32', '17061.00', '2026-03-02', NULL, '2026-03-02 01:34:21'),
(167, 17, 5, '200.00', '17061.00', '2026-03-02', NULL, '2026-03-02 01:34:21'),
(168, 17, 7, '426.53', '17061.00', '2026-03-02', NULL, '2026-03-02 01:34:21'),
(169, 55, 8, '100.00', '98488.00', '2026-03-02', NULL, '2026-03-02 01:34:45'),
(170, 55, 1, '11818.56', '98488.00', '2026-03-02', NULL, '2026-03-02 01:34:45'),
(171, 55, 5, '200.00', '98488.00', '2026-03-02', NULL, '2026-03-02 01:34:45'),
(172, 55, 7, '2462.20', '98488.00', '2026-03-02', NULL, '2026-03-02 01:34:45'),
(173, 19, 8, '100.00', '36544.00', '2026-03-02', NULL, '2026-03-02 01:35:03'),
(174, 19, 1, '4385.28', '36544.00', '2026-03-02', NULL, '2026-03-02 01:35:03'),
(175, 19, 5, '200.00', '36544.00', '2026-03-02', NULL, '2026-03-02 01:35:03'),
(176, 19, 7, '913.60', '36544.00', '2026-03-02', NULL, '2026-03-02 01:35:03'),
(177, 32, 8, '100.00', '36544.00', '2026-03-02', NULL, '2026-03-02 01:35:29'),
(178, 32, 1, '4385.28', '36544.00', '2026-03-02', NULL, '2026-03-02 01:35:29'),
(179, 32, 5, '200.00', '36544.00', '2026-03-02', NULL, '2026-03-02 01:35:29'),
(180, 32, 7, '913.60', '36544.00', '2026-03-02', NULL, '2026-03-02 01:35:29'),
(181, 39, 8, '100.00', '20903.00', '2026-03-02', NULL, '2026-03-02 01:35:56'),
(182, 39, 1, '2508.36', '20903.00', '2026-03-02', NULL, '2026-03-02 01:35:56'),
(183, 39, 5, '200.00', '20903.00', '2026-03-02', NULL, '2026-03-02 01:35:56'),
(184, 39, 7, '522.58', '20903.00', '2026-03-02', NULL, '2026-03-02 01:35:56'),
(185, 13, 8, '100.00', '19303.00', '2026-03-02', NULL, '2026-03-02 01:36:19'),
(186, 13, 1, '2316.36', '19303.00', '2026-03-02', NULL, '2026-03-02 01:36:19'),
(187, 13, 5, '200.00', '19303.00', '2026-03-02', NULL, '2026-03-02 01:36:19'),
(188, 13, 7, '482.58', '19303.00', '2026-03-02', NULL, '2026-03-02 01:36:19'),
(189, 87, 8, '100.00', '89749.00', '2026-03-02', NULL, '2026-03-02 01:36:51'),
(190, 87, 1, '10769.88', '89749.00', '2026-03-02', NULL, '2026-03-02 01:36:51'),
(191, 87, 5, '200.00', '89749.00', '2026-03-02', NULL, '2026-03-02 01:36:51'),
(192, 87, 7, '2243.73', '89749.00', '2026-03-02', NULL, '2026-03-02 01:36:51'),
(193, 29, 8, '100.00', '33974.00', '2026-03-02', NULL, '2026-03-02 01:37:11'),
(194, 29, 1, '4076.88', '33974.00', '2026-03-02', NULL, '2026-03-02 01:37:11'),
(195, 29, 5, '200.00', '33974.00', '2026-03-02', NULL, '2026-03-02 01:37:11'),
(196, 29, 7, '849.35', '33974.00', '2026-03-02', NULL, '2026-03-02 01:37:11'),
(197, 42, 8, '100.00', '19303.00', '2026-03-02', NULL, '2026-03-02 01:37:28'),
(198, 42, 1, '2316.36', '19303.00', '2026-03-02', NULL, '2026-03-02 01:37:28'),
(199, 42, 5, '200.00', '19303.00', '2026-03-02', NULL, '2026-03-02 01:37:28'),
(200, 42, 7, '482.58', '19303.00', '2026-03-02', NULL, '2026-03-02 01:37:28'),
(201, 134, 8, '100.00', '15150.00', '2026-03-02', NULL, '2026-03-02 01:37:49'),
(202, 134, 1, '1818.00', '15150.00', '2026-03-02', NULL, '2026-03-02 01:37:49'),
(203, 134, 5, '200.00', '15150.00', '2026-03-02', NULL, '2026-03-02 01:37:49'),
(204, 134, 7, '378.75', '15150.00', '2026-03-02', NULL, '2026-03-02 01:37:49'),
(205, 6, 8, '100.00', '91155.00', '2026-03-02', NULL, '2026-03-02 01:38:12'),
(206, 6, 1, '10938.60', '91155.00', '2026-03-02', NULL, '2026-03-02 01:38:12'),
(207, 6, 5, '200.00', '91155.00', '2026-03-02', NULL, '2026-03-02 01:38:12'),
(208, 6, 7, '2278.88', '91155.00', '2026-03-02', NULL, '2026-03-02 01:38:12'),
(209, 31, 8, '100.00', '36187.00', '2026-03-02', NULL, '2026-03-02 01:38:35'),
(210, 31, 1, '4342.44', '36187.00', '2026-03-02', NULL, '2026-03-02 01:38:35'),
(211, 31, 5, '200.00', '36187.00', '2026-03-02', NULL, '2026-03-02 01:38:35'),
(212, 31, 7, '904.68', '36187.00', '2026-03-02', NULL, '2026-03-02 01:38:35'),
(213, 40, 8, '100.00', '27022.00', '2026-03-02', NULL, '2026-03-02 01:38:54'),
(214, 40, 1, '3242.64', '27022.00', '2026-03-02', NULL, '2026-03-02 01:38:54'),
(215, 40, 5, '200.00', '27022.00', '2026-03-02', NULL, '2026-03-02 01:38:54'),
(216, 40, 7, '675.55', '27022.00', '2026-03-02', NULL, '2026-03-02 01:38:54'),
(217, 56, 8, '100.00', '19478.00', '2026-03-02', NULL, '2026-03-02 01:39:12'),
(218, 56, 1, '2337.36', '19478.00', '2026-03-02', NULL, '2026-03-02 01:39:12'),
(219, 56, 5, '200.00', '19478.00', '2026-03-02', NULL, '2026-03-02 01:39:12'),
(220, 56, 7, '486.95', '19478.00', '2026-03-02', NULL, '2026-03-02 01:39:12'),
(221, 72, 8, '100.00', '18099.00', '2026-03-02', NULL, '2026-03-02 01:39:30'),
(222, 72, 1, '2171.88', '18099.00', '2026-03-02', NULL, '2026-03-02 01:39:30'),
(223, 72, 5, '200.00', '18099.00', '2026-03-02', NULL, '2026-03-02 01:39:30'),
(224, 72, 7, '452.48', '18099.00', '2026-03-02', NULL, '2026-03-02 01:39:30'),
(225, 46, 1, '10769.88', '89749.00', '2026-03-02', NULL, '2026-03-02 04:41:25'),
(226, 46, 8, '100.00', '89749.00', '2026-03-02', NULL, '2026-03-02 04:41:25'),
(227, 46, 5, '200.00', '89749.00', '2026-03-02', NULL, '2026-03-02 04:41:25'),
(228, 46, 7, '2243.73', '89749.00', '2026-03-02', NULL, '2026-03-02 04:41:25'),
(229, 74, 1, '4342.44', '36187.00', '2026-03-02', NULL, '2026-03-02 04:42:23'),
(230, 74, 8, '100.00', '36187.00', '2026-03-02', NULL, '2026-03-02 04:42:23'),
(231, 74, 5, '200.00', '36187.00', '2026-03-02', NULL, '2026-03-02 04:42:23'),
(232, 74, 7, '904.68', '36187.00', '2026-03-02', NULL, '2026-03-02 04:42:23'),
(233, 91, 1, '3242.64', '27022.00', '2026-03-02', NULL, '2026-03-02 04:42:40'),
(234, 91, 8, '100.00', '27022.00', '2026-03-02', NULL, '2026-03-02 04:42:40'),
(235, 91, 5, '200.00', '27022.00', '2026-03-02', NULL, '2026-03-02 04:42:40'),
(236, 91, 7, '675.55', '27022.00', '2026-03-02', NULL, '2026-03-02 04:42:40'),
(237, 53, 1, '2508.36', '20903.00', '2026-03-02', NULL, '2026-03-02 04:42:58'),
(238, 53, 8, '100.00', '20903.00', '2026-03-02', NULL, '2026-03-02 04:42:58'),
(239, 53, 5, '200.00', '20903.00', '2026-03-02', NULL, '2026-03-02 04:42:58'),
(240, 53, 7, '522.58', '20903.00', '2026-03-02', NULL, '2026-03-02 04:42:58'),
(241, 7, 1, '2337.36', '19478.00', '2026-03-02', NULL, '2026-03-02 04:43:18'),
(242, 7, 8, '100.00', '19478.00', '2026-03-02', NULL, '2026-03-02 04:43:18'),
(243, 7, 5, '200.00', '19478.00', '2026-03-02', NULL, '2026-03-02 04:43:18'),
(244, 7, 7, '486.95', '19478.00', '2026-03-02', NULL, '2026-03-02 04:43:18'),
(245, 99, 1, '2316.36', '19303.00', '2026-03-02', NULL, '2026-03-02 04:43:43'),
(246, 99, 8, '100.00', '19303.00', '2026-03-02', NULL, '2026-03-02 04:43:43'),
(247, 99, 5, '200.00', '19303.00', '2026-03-02', NULL, '2026-03-02 04:43:43'),
(248, 99, 7, '482.58', '19303.00', '2026-03-02', NULL, '2026-03-02 04:43:43'),
(249, 1, 1, '1818.00', '15150.00', '2026-03-02', '2026-03-02', '2026-03-02 04:44:01'),
(250, 1, 8, '100.00', '15150.00', '2026-03-02', '2026-03-02', '2026-03-02 04:44:01'),
(251, 1, 5, '200.00', '15150.00', '2026-03-02', '2026-03-02', '2026-03-02 04:44:01'),
(252, 1, 7, '378.75', '15150.00', '2026-03-02', '2026-03-02', '2026-03-02 04:44:01'),
(253, 25, 1, '10604.04', '88367.00', '2026-03-02', NULL, '2026-03-02 05:56:18'),
(254, 25, 8, '100.00', '88367.00', '2026-03-02', NULL, '2026-03-02 05:56:18'),
(255, 25, 5, '200.00', '88367.00', '2026-03-02', NULL, '2026-03-02 05:56:18'),
(256, 25, 7, '2209.18', '88367.00', '2026-03-02', NULL, '2026-03-02 05:56:18'),
(257, 57, 1, '4342.44', '36187.00', '2026-03-02', NULL, '2026-03-02 05:56:37'),
(258, 57, 8, '100.00', '36187.00', '2026-03-02', NULL, '2026-03-02 05:56:37'),
(259, 57, 5, '200.00', '36187.00', '2026-03-02', NULL, '2026-03-02 05:56:37'),
(260, 57, 7, '904.68', '36187.00', '2026-03-02', NULL, '2026-03-02 05:56:37'),
(261, 44, 1, '3998.64', '33322.00', '2026-03-02', NULL, '2026-03-02 05:56:56'),
(262, 44, 8, '100.00', '33322.00', '2026-03-02', NULL, '2026-03-02 05:56:56'),
(263, 44, 5, '200.00', '33322.00', '2026-03-02', NULL, '2026-03-02 05:56:56'),
(264, 44, 7, '833.05', '33322.00', '2026-03-02', NULL, '2026-03-02 05:56:56'),
(265, 28, 1, '3242.64', '27022.00', '2026-03-02', NULL, '2026-03-02 05:57:15'),
(266, 28, 8, '100.00', '27022.00', '2026-03-02', NULL, '2026-03-02 05:57:15'),
(267, 28, 5, '200.00', '27022.00', '2026-03-02', NULL, '2026-03-02 05:57:15'),
(268, 28, 7, '675.55', '27022.00', '2026-03-02', NULL, '2026-03-02 05:57:15'),
(269, 93, 1, '3242.64', '27022.00', '2026-03-02', NULL, '2026-03-02 05:57:36'),
(270, 93, 8, '100.00', '27022.00', '2026-03-02', NULL, '2026-03-02 05:57:36'),
(271, 93, 5, '200.00', '27022.00', '2026-03-02', NULL, '2026-03-02 05:57:36'),
(272, 93, 7, '675.55', '27022.00', '2026-03-02', NULL, '2026-03-02 05:57:36'),
(273, 47, 1, '2652.24', '22102.00', '2026-03-02', NULL, '2026-03-02 05:57:59'),
(274, 47, 8, '100.00', '22102.00', '2026-03-02', NULL, '2026-03-02 05:57:59'),
(275, 47, 5, '200.00', '22102.00', '2026-03-02', NULL, '2026-03-02 05:57:59'),
(276, 47, 7, '552.55', '22102.00', '2026-03-02', NULL, '2026-03-02 05:57:59'),
(277, 59, 1, '2528.40', '21070.00', '2026-03-02', NULL, '2026-03-02 05:58:17'),
(278, 59, 8, '100.00', '21070.00', '2026-03-02', NULL, '2026-03-02 05:58:17'),
(279, 59, 5, '200.00', '21070.00', '2026-03-02', NULL, '2026-03-02 05:58:17'),
(280, 59, 7, '526.75', '21070.00', '2026-03-02', NULL, '2026-03-02 05:58:17'),
(281, 22, 1, '2528.40', '21070.00', '2026-03-02', NULL, '2026-03-02 05:58:35'),
(282, 22, 8, '100.00', '21070.00', '2026-03-02', NULL, '2026-03-02 05:58:35'),
(283, 22, 5, '200.00', '21070.00', '2026-03-02', NULL, '2026-03-02 05:58:35'),
(284, 22, 7, '526.75', '21070.00', '2026-03-02', NULL, '2026-03-02 05:58:35'),
(285, 68, 1, '2508.36', '20903.00', '2026-03-02', NULL, '2026-03-02 05:58:51'),
(286, 68, 8, '100.00', '20903.00', '2026-03-02', NULL, '2026-03-02 05:58:51'),
(287, 68, 5, '200.00', '20903.00', '2026-03-02', NULL, '2026-03-02 05:58:51'),
(288, 68, 7, '522.58', '20903.00', '2026-03-02', NULL, '2026-03-02 05:58:51'),
(289, 24, 1, '2401.32', '20011.00', '2026-03-02', NULL, '2026-03-02 05:59:09'),
(290, 24, 8, '100.00', '20011.00', '2026-03-02', NULL, '2026-03-02 05:59:09'),
(291, 24, 5, '200.00', '20011.00', '2026-03-02', NULL, '2026-03-02 05:59:09'),
(292, 24, 7, '500.28', '20011.00', '2026-03-02', NULL, '2026-03-02 05:59:09'),
(293, 112, 1, '2316.36', '19303.00', '2026-03-02', NULL, '2026-03-02 05:59:30'),
(294, 112, 8, '100.00', '19303.00', '2026-03-02', NULL, '2026-03-02 05:59:30'),
(295, 112, 5, '200.00', '19303.00', '2026-03-02', NULL, '2026-03-02 05:59:30'),
(296, 112, 7, '482.58', '19303.00', '2026-03-02', NULL, '2026-03-02 05:59:30'),
(297, 131, 8, '100.00', '88367.00', '2026-03-03', NULL, '2026-03-03 01:38:27'),
(298, 131, 1, '10604.04', '88367.00', '2026-03-03', NULL, '2026-03-03 01:38:27'),
(299, 131, 5, '200.00', '88367.00', '2026-03-03', NULL, '2026-03-03 01:38:27'),
(300, 131, 7, '2209.18', '88367.00', '2026-03-03', NULL, '2026-03-03 01:38:27'),
(301, 49, 8, '100.00', '36187.00', '2026-03-03', NULL, '2026-03-03 01:43:02'),
(302, 49, 1, '4342.44', '36187.00', '2026-03-03', NULL, '2026-03-03 01:43:02'),
(303, 49, 5, '200.00', '36187.00', '2026-03-03', NULL, '2026-03-03 01:43:02'),
(304, 49, 7, '904.68', '36187.00', '2026-03-03', NULL, '2026-03-03 01:43:02'),
(305, 2, 8, '100.00', '36187.00', '2026-03-03', NULL, '2026-03-03 01:43:22'),
(306, 2, 1, '4342.44', '36187.00', '2026-03-03', NULL, '2026-03-03 01:43:22'),
(307, 2, 5, '200.00', '36187.00', '2026-03-03', NULL, '2026-03-03 01:43:22'),
(308, 2, 7, '904.68', '36187.00', '2026-03-03', NULL, '2026-03-03 01:43:22'),
(309, 105, 8, '100.00', '23027.00', '2026-03-03', NULL, '2026-03-03 01:43:42'),
(310, 105, 1, '2763.24', '23027.00', '2026-03-03', NULL, '2026-03-03 01:43:42'),
(311, 105, 5, '200.00', '23027.00', '2026-03-03', NULL, '2026-03-03 01:43:42'),
(312, 105, 7, '575.68', '23027.00', '2026-03-03', NULL, '2026-03-03 01:43:42'),
(313, 113, 8, '100.00', '23027.00', '2026-03-03', NULL, '2026-03-03 01:44:01'),
(314, 113, 1, '2763.24', '23027.00', '2026-03-03', NULL, '2026-03-03 01:44:01'),
(315, 113, 5, '200.00', '23027.00', '2026-03-03', NULL, '2026-03-03 01:44:01'),
(316, 113, 7, '575.68', '23027.00', '2026-03-03', NULL, '2026-03-03 01:44:01'),
(317, 103, 8, '100.00', '23211.00', '2026-03-03', NULL, '2026-03-03 01:44:20'),
(318, 103, 1, '2785.32', '23211.00', '2026-03-03', NULL, '2026-03-03 01:44:20'),
(319, 103, 5, '200.00', '23211.00', '2026-03-03', NULL, '2026-03-03 01:44:20'),
(320, 103, 7, '580.28', '23211.00', '2026-03-03', NULL, '2026-03-03 01:44:20'),
(321, 104, 8, '100.00', '23027.00', '2026-03-03', NULL, '2026-03-03 01:44:41'),
(322, 104, 1, '2763.24', '23027.00', '2026-03-03', NULL, '2026-03-03 01:44:41'),
(323, 104, 5, '200.00', '23027.00', '2026-03-03', NULL, '2026-03-03 01:44:41'),
(324, 104, 7, '575.68', '23027.00', '2026-03-03', NULL, '2026-03-03 01:44:41'),
(325, 65, 8, '100.00', '23027.00', '2026-03-03', NULL, '2026-03-03 01:44:59'),
(326, 65, 1, '2763.24', '23027.00', '2026-03-03', NULL, '2026-03-03 01:44:59'),
(327, 65, 5, '200.00', '23027.00', '2026-03-03', NULL, '2026-03-03 01:44:59'),
(328, 65, 7, '575.68', '23027.00', '2026-03-03', NULL, '2026-03-03 01:44:59'),
(329, 98, 8, '100.00', '14479.00', '2026-03-03', NULL, '2026-03-03 01:45:18'),
(330, 98, 1, '1737.48', '14479.00', '2026-03-03', NULL, '2026-03-03 01:45:18'),
(331, 98, 5, '200.00', '14479.00', '2026-03-03', NULL, '2026-03-03 01:45:18'),
(332, 98, 7, '361.98', '14479.00', '2026-03-03', NULL, '2026-03-03 01:45:18'),
(333, 1, 8, '100.00', '15150.00', '2026-03-03', '2026-03-02', '2026-03-03 01:51:17'),
(334, 1, 1, '1818.00', '15150.00', '2026-03-03', '2026-03-02', '2026-03-03 01:51:17'),
(335, 1, 5, '200.00', '15150.00', '2026-03-03', '2026-03-02', '2026-03-03 01:51:17'),
(336, 1, 7, '378.70', '15150.00', '2026-03-03', '2026-03-02', '2026-03-03 01:51:17'),
(337, 1, 8, '100.00', '15150.00', '2026-03-03', NULL, '2026-03-03 01:51:27'),
(338, 1, 1, '1818.00', '15150.00', '2026-03-03', NULL, '2026-03-03 01:51:27'),
(339, 1, 5, '200.00', '15150.00', '2026-03-03', NULL, '2026-03-03 01:51:27'),
(340, 1, 7, '378.75', '15150.00', '2026-03-03', NULL, '2026-03-03 01:51:27'),
(341, 36, 8, '100.00', '88367.00', '2026-03-03', NULL, '2026-03-03 02:08:45'),
(342, 36, 1, '10604.04', '88367.00', '2026-03-03', NULL, '2026-03-03 02:08:45'),
(343, 36, 5, '200.00', '88367.00', '2026-03-03', NULL, '2026-03-03 02:08:45'),
(344, 36, 7, '2209.18', '88367.00', '2026-03-03', NULL, '2026-03-03 02:08:45'),
(345, 45, 8, '100.00', '39204.00', '2026-03-03', NULL, '2026-03-03 02:10:24'),
(346, 45, 1, '4704.48', '39204.00', '2026-03-03', NULL, '2026-03-03 02:10:24'),
(347, 45, 5, '200.00', '39204.00', '2026-03-03', NULL, '2026-03-03 02:10:24'),
(348, 45, 7, '980.10', '39204.00', '2026-03-03', NULL, '2026-03-03 02:10:24'),
(349, 97, 8, '100.00', '29021.00', '2026-03-03', NULL, '2026-03-03 02:10:51'),
(350, 97, 1, '3482.52', '29021.00', '2026-03-03', NULL, '2026-03-03 02:10:51'),
(351, 97, 5, '200.00', '29021.00', '2026-03-03', NULL, '2026-03-03 02:10:51'),
(352, 97, 7, '725.53', '29021.00', '2026-03-03', NULL, '2026-03-03 02:10:51'),
(353, 35, 8, '100.00', '17315.00', '2026-03-03', NULL, '2026-03-03 02:23:21'),
(354, 35, 1, '2077.80', '17315.00', '2026-03-03', NULL, '2026-03-03 02:23:21'),
(355, 35, 5, '200.00', '17315.00', '2026-03-03', NULL, '2026-03-03 02:23:21'),
(356, 35, 7, '432.88', '17315.00', '2026-03-03', NULL, '2026-03-03 02:23:21'),
(357, 30, 8, '100.00', '17188.00', '2026-03-03', NULL, '2026-03-03 02:23:39'),
(358, 30, 1, '2062.56', '17188.00', '2026-03-03', NULL, '2026-03-03 02:23:39'),
(359, 30, 5, '200.00', '17188.00', '2026-03-03', NULL, '2026-03-03 02:23:39'),
(360, 30, 7, '429.70', '17188.00', '2026-03-03', NULL, '2026-03-03 02:23:39'),
(361, 116, 8, '100.00', '12655.00', '2026-03-03', NULL, '2026-03-03 02:23:58'),
(362, 116, 1, '1518.60', '12655.00', '2026-03-03', NULL, '2026-03-03 02:23:58'),
(363, 116, 5, '200.00', '12655.00', '2026-03-03', NULL, '2026-03-03 02:23:58'),
(364, 116, 7, '316.38', '12655.00', '2026-03-03', NULL, '2026-03-03 02:23:58'),
(365, 117, 8, '100.00', '12655.00', '2026-03-03', NULL, '2026-03-03 02:38:39'),
(366, 117, 1, '1518.60', '12655.00', '2026-03-03', NULL, '2026-03-03 02:38:39'),
(367, 117, 5, '200.00', '12655.00', '2026-03-03', NULL, '2026-03-03 02:38:39'),
(368, 117, 7, '316.38', '12655.00', '2026-03-03', NULL, '2026-03-03 02:38:39'),
(369, 125, 8, '100.00', '12655.00', '2026-03-03', NULL, '2026-03-03 02:38:59'),
(370, 125, 1, '1518.60', '12655.00', '2026-03-03', NULL, '2026-03-03 02:38:59'),
(371, 125, 5, '200.00', '12655.00', '2026-03-03', NULL, '2026-03-03 02:38:59'),
(372, 125, 7, '316.38', '12655.00', '2026-03-03', NULL, '2026-03-03 02:38:59'),
(373, 127, 8, '100.00', '12655.00', '2026-03-03', NULL, '2026-03-03 02:42:17'),
(374, 127, 1, '1518.60', '12655.00', '2026-03-03', NULL, '2026-03-03 02:42:17'),
(375, 127, 5, '200.00', '12655.00', '2026-03-03', NULL, '2026-03-03 02:42:17'),
(376, 127, 7, '316.38', '12655.00', '2026-03-03', NULL, '2026-03-03 02:42:17'),
(377, 133, 8, '100.00', '12655.00', '2026-03-03', NULL, '2026-03-03 02:47:12'),
(378, 133, 1, '1518.60', '12655.00', '2026-03-03', NULL, '2026-03-03 02:47:12'),
(379, 133, 5, '200.00', '12655.00', '2026-03-03', NULL, '2026-03-03 02:47:12'),
(380, 133, 7, '316.38', '12655.00', '2026-03-03', NULL, '2026-03-03 02:47:12'),
(381, 135, 8, '100.00', '12655.00', '2026-03-03', NULL, '2026-03-03 02:51:23'),
(382, 135, 1, '1518.60', '12655.00', '2026-03-03', NULL, '2026-03-03 02:51:23'),
(383, 135, 5, '200.00', '12655.00', '2026-03-03', NULL, '2026-03-03 02:51:23'),
(384, 135, 7, '316.38', '12655.00', '2026-03-03', NULL, '2026-03-03 02:51:23'),
(385, 114, 8, '100.00', '12655.00', '2026-03-03', NULL, '2026-03-03 02:55:20'),
(386, 114, 1, '1518.60', '12655.00', '2026-03-03', NULL, '2026-03-03 02:55:20'),
(387, 114, 5, '200.00', '12655.00', '2026-03-03', NULL, '2026-03-03 02:55:20'),
(388, 114, 7, '316.38', '12655.00', '2026-03-03', NULL, '2026-03-03 02:55:20'),
(389, 108, 8, '100.00', '98185.00', '2026-03-03', NULL, '2026-03-03 04:04:51'),
(390, 108, 1, '11782.20', '98185.00', '2026-03-03', NULL, '2026-03-03 04:04:51'),
(391, 108, 5, '200.00', '98185.00', '2026-03-03', NULL, '2026-03-03 04:04:51'),
(392, 108, 7, '2454.63', '98185.00', '2026-03-03', NULL, '2026-03-03 04:04:51'),
(393, 71, 8, '100.00', '47727.00', '2026-03-03', NULL, '2026-03-03 04:05:11'),
(394, 71, 1, '5727.24', '47727.00', '2026-03-03', NULL, '2026-03-03 04:05:11'),
(395, 71, 5, '200.00', '47727.00', '2026-03-03', NULL, '2026-03-03 04:05:11'),
(396, 71, 7, '1193.18', '47727.00', '2026-03-03', NULL, '2026-03-03 04:05:11'),
(397, 61, 8, '100.00', '43996.00', '2026-03-03', NULL, '2026-03-03 04:05:29'),
(398, 61, 1, '5279.52', '43996.00', '2026-03-03', NULL, '2026-03-03 04:05:29'),
(399, 61, 5, '200.00', '43996.00', '2026-03-03', NULL, '2026-03-03 04:05:29'),
(400, 61, 7, '1099.90', '43996.00', '2026-03-03', NULL, '2026-03-03 04:05:29'),
(401, 38, 8, '100.00', '40604.00', '2026-03-03', NULL, '2026-03-03 04:33:13'),
(402, 38, 1, '4872.48', '40604.00', '2026-03-03', NULL, '2026-03-03 04:33:13'),
(403, 38, 5, '200.00', '40604.00', '2026-03-03', NULL, '2026-03-03 04:33:13'),
(404, 38, 7, '1015.10', '40604.00', '2026-03-03', NULL, '2026-03-03 04:33:13'),
(405, 52, 8, '100.00', '35049.00', '2026-03-03', NULL, '2026-03-03 04:33:31'),
(406, 52, 1, '4205.88', '35049.00', '2026-03-03', NULL, '2026-03-03 04:33:31'),
(407, 52, 5, '200.00', '35049.00', '2026-03-03', NULL, '2026-03-03 04:33:31'),
(408, 52, 7, '876.23', '35049.00', '2026-03-03', NULL, '2026-03-03 04:33:31'),
(409, 18, 8, '100.00', '34733.00', '2026-03-03', NULL, '2026-03-03 04:33:50'),
(410, 18, 1, '4167.96', '34733.00', '2026-03-03', NULL, '2026-03-03 04:33:50'),
(411, 18, 5, '200.00', '34733.00', '2026-03-03', NULL, '2026-03-03 04:33:50'),
(412, 18, 7, '868.33', '34733.00', '2026-03-03', NULL, '2026-03-03 04:33:50'),
(413, 89, 8, '100.00', '32099.00', '2026-03-03', NULL, '2026-03-03 04:34:07'),
(414, 89, 1, '3851.88', '32099.00', '2026-03-03', NULL, '2026-03-03 04:34:07'),
(415, 89, 5, '200.00', '32099.00', '2026-03-03', NULL, '2026-03-03 04:34:07'),
(416, 89, 7, '802.48', '32099.00', '2026-03-03', NULL, '2026-03-03 04:34:07'),
(417, 15, 8, '100.00', '31486.00', '2026-03-03', NULL, '2026-03-03 04:34:25'),
(418, 15, 1, '3778.32', '31486.00', '2026-03-03', NULL, '2026-03-03 04:34:25'),
(419, 15, 5, '200.00', '31486.00', '2026-03-03', NULL, '2026-03-03 04:34:25'),
(420, 15, 7, '787.15', '31486.00', '2026-03-03', NULL, '2026-03-03 04:34:25'),
(421, 9, 8, '100.00', '31486.00', '2026-03-03', NULL, '2026-03-03 04:34:37'),
(422, 9, 1, '3778.32', '31486.00', '2026-03-03', NULL, '2026-03-03 04:34:37'),
(423, 9, 5, '200.00', '31486.00', '2026-03-03', NULL, '2026-03-03 04:34:37'),
(424, 9, 7, '787.15', '31486.00', '2026-03-03', NULL, '2026-03-03 04:34:37'),
(425, 60, 8, '100.00', '30597.00', '2026-03-03', NULL, '2026-03-03 04:34:52'),
(426, 60, 1, '3671.64', '30597.00', '2026-03-03', NULL, '2026-03-03 04:34:52'),
(427, 60, 5, '200.00', '30597.00', '2026-03-03', NULL, '2026-03-03 04:34:52'),
(428, 60, 7, '764.93', '30597.00', '2026-03-03', NULL, '2026-03-03 04:34:52'),
(429, 79, 8, '100.00', '30597.00', '2026-03-03', NULL, '2026-03-03 04:35:05'),
(430, 79, 1, '3671.64', '30597.00', '2026-03-03', NULL, '2026-03-03 04:35:05'),
(431, 79, 5, '200.00', '30597.00', '2026-03-03', NULL, '2026-03-03 04:35:05'),
(432, 79, 7, '764.93', '30597.00', '2026-03-03', NULL, '2026-03-03 04:35:05'),
(433, 27, 8, '100.00', '30597.00', '2026-03-03', NULL, '2026-03-03 04:35:26'),
(434, 27, 1, '3671.64', '30597.00', '2026-03-03', NULL, '2026-03-03 04:35:26'),
(435, 27, 5, '200.00', '30597.00', '2026-03-03', NULL, '2026-03-03 04:35:26'),
(436, 27, 7, '764.93', '30597.00', '2026-03-03', NULL, '2026-03-03 04:35:26'),
(437, 77, 8, '100.00', '30597.00', '2026-03-03', NULL, '2026-03-03 04:36:27'),
(438, 77, 1, '3671.64', '30597.00', '2026-03-03', NULL, '2026-03-03 04:36:27'),
(439, 77, 5, '200.00', '30597.00', '2026-03-03', NULL, '2026-03-03 04:36:27'),
(440, 77, 7, '764.93', '30597.00', '2026-03-03', NULL, '2026-03-03 04:36:27'),
(441, 58, 8, '100.00', '30597.00', '2026-03-03', NULL, '2026-03-03 04:37:37'),
(442, 58, 1, '3671.64', '30597.00', '2026-03-03', NULL, '2026-03-03 04:37:37'),
(443, 58, 5, '200.00', '30597.00', '2026-03-03', NULL, '2026-03-03 04:37:37'),
(444, 58, 7, '764.93', '30597.00', '2026-03-03', NULL, '2026-03-03 04:37:37'),
(445, 83, 8, '100.00', '30308.00', '2026-03-03', NULL, '2026-03-03 04:37:55'),
(446, 83, 1, '3636.96', '30308.00', '2026-03-03', NULL, '2026-03-03 04:37:55'),
(447, 83, 5, '200.00', '30308.00', '2026-03-03', NULL, '2026-03-03 04:37:55'),
(448, 83, 7, '757.70', '30308.00', '2026-03-03', NULL, '2026-03-03 04:37:55'),
(449, 41, 8, '100.00', '30024.00', '2026-03-03', NULL, '2026-03-03 04:38:14'),
(450, 41, 1, '3602.88', '30024.00', '2026-03-03', NULL, '2026-03-03 04:38:14'),
(451, 41, 5, '200.00', '30024.00', '2026-03-03', NULL, '2026-03-03 04:38:14'),
(452, 41, 7, '750.60', '30024.00', '2026-03-03', NULL, '2026-03-03 04:38:14'),
(453, 48, 8, '100.00', '30024.00', '2026-03-03', NULL, '2026-03-03 04:38:35'),
(454, 48, 1, '3602.88', '30024.00', '2026-03-03', NULL, '2026-03-03 04:38:35'),
(455, 48, 5, '200.00', '30024.00', '2026-03-03', NULL, '2026-03-03 04:38:35'),
(456, 48, 7, '750.60', '30024.00', '2026-03-03', NULL, '2026-03-03 04:38:35'),
(457, 92, 8, '100.00', '25586.00', '2026-03-03', NULL, '2026-03-03 04:38:50'),
(458, 92, 1, '3070.32', '25586.00', '2026-03-03', NULL, '2026-03-03 04:38:50'),
(459, 92, 5, '200.00', '25586.00', '2026-03-03', NULL, '2026-03-03 04:38:50'),
(460, 92, 7, '639.65', '25586.00', '2026-03-03', NULL, '2026-03-03 04:38:50'),
(461, 21, 8, '100.00', '19526.00', '2026-03-03', NULL, '2026-03-03 04:39:12'),
(462, 21, 1, '2343.12', '19526.00', '2026-03-03', NULL, '2026-03-03 04:39:12'),
(463, 21, 5, '200.00', '19526.00', '2026-03-03', NULL, '2026-03-03 04:39:12'),
(464, 21, 7, '488.15', '19526.00', '2026-03-03', NULL, '2026-03-03 04:39:12'),
(465, 66, 8, '100.00', '18957.00', '2026-03-03', NULL, '2026-03-03 04:39:28'),
(466, 66, 1, '2274.84', '18957.00', '2026-03-03', NULL, '2026-03-03 04:39:28'),
(467, 66, 5, '200.00', '18957.00', '2026-03-03', NULL, '2026-03-03 04:39:28'),
(468, 66, 7, '473.93', '18957.00', '2026-03-03', NULL, '2026-03-03 04:39:28'),
(469, 100, 8, '100.00', '16833.00', '2026-03-03', NULL, '2026-03-03 04:39:45'),
(470, 100, 1, '2019.96', '16833.00', '2026-03-03', NULL, '2026-03-03 04:39:45'),
(471, 100, 5, '200.00', '16833.00', '2026-03-03', NULL, '2026-03-03 04:39:45'),
(472, 100, 7, '420.83', '16833.00', '2026-03-03', NULL, '2026-03-03 04:39:45'),
(473, 81, 8, '100.00', '16088.00', '2026-03-03', NULL, '2026-03-03 04:39:59'),
(474, 81, 1, '1930.56', '16088.00', '2026-03-03', NULL, '2026-03-03 04:39:59'),
(475, 81, 5, '200.00', '16088.00', '2026-03-03', NULL, '2026-03-03 04:39:59'),
(476, 81, 7, '402.20', '16088.00', '2026-03-03', NULL, '2026-03-03 04:39:59'),
(477, 33, 8, '100.00', '89749.00', '2026-03-03', NULL, '2026-03-03 05:03:07'),
(478, 33, 1, '10769.88', '89749.00', '2026-03-03', NULL, '2026-03-03 05:03:07'),
(479, 33, 5, '200.00', '89749.00', '2026-03-03', NULL, '2026-03-03 05:03:07'),
(480, 33, 7, '2243.73', '89749.00', '2026-03-03', NULL, '2026-03-03 05:03:07'),
(481, 82, 8, '100.00', '36187.00', '2026-03-03', NULL, '2026-03-03 05:03:28'),
(482, 82, 1, '4342.44', '36187.00', '2026-03-03', NULL, '2026-03-03 05:03:28'),
(483, 82, 5, '200.00', '36187.00', '2026-03-03', NULL, '2026-03-03 05:03:28'),
(484, 82, 7, '904.68', '36187.00', '2026-03-03', NULL, '2026-03-03 05:03:28'),
(485, 110, 8, '100.00', '27022.00', '2026-03-03', NULL, '2026-03-03 05:03:45'),
(486, 110, 1, '3242.64', '27022.00', '2026-03-03', NULL, '2026-03-03 05:03:45'),
(487, 110, 5, '200.00', '27022.00', '2026-03-03', NULL, '2026-03-03 05:03:45'),
(488, 110, 7, '675.55', '27022.00', '2026-03-03', NULL, '2026-03-03 05:03:45'),
(489, 101, 8, '100.00', '23027.00', '2026-03-03', NULL, '2026-03-03 05:04:00'),
(490, 101, 1, '2763.24', '23027.00', '2026-03-03', NULL, '2026-03-03 05:04:00'),
(491, 101, 5, '200.00', '23027.00', '2026-03-03', NULL, '2026-03-03 05:04:00'),
(492, 101, 7, '575.68', '23027.00', '2026-03-03', NULL, '2026-03-03 05:04:00'),
(493, 14, 1, '2401.32', '20011.00', '2026-03-03', NULL, '2026-03-03 05:04:16'),
(494, 14, 8, '100.00', '20011.00', '2026-03-03', NULL, '2026-03-03 05:04:16'),
(495, 14, 5, '200.00', '20011.00', '2026-03-03', NULL, '2026-03-03 05:04:16'),
(496, 14, 7, '500.28', '20011.00', '2026-03-03', NULL, '2026-03-03 05:04:16'),
(497, 109, 8, '100.00', '19303.00', '2026-03-03', NULL, '2026-03-03 05:04:31'),
(498, 109, 1, '2316.36', '19303.00', '2026-03-03', NULL, '2026-03-03 05:04:31'),
(499, 109, 5, '200.00', '19303.00', '2026-03-03', NULL, '2026-03-03 05:04:31'),
(500, 109, 7, '482.58', '19303.00', '2026-03-03', NULL, '2026-03-03 05:04:31'),
(501, 3, 8, '100.00', '17188.00', '2026-03-03', NULL, '2026-03-03 05:04:46'),
(502, 3, 1, '2062.56', '17188.00', '2026-03-03', NULL, '2026-03-03 05:04:46'),
(503, 3, 5, '200.00', '17188.00', '2026-03-03', NULL, '2026-03-03 05:04:46'),
(504, 3, 7, '429.70', '17188.00', '2026-03-03', NULL, '2026-03-03 05:04:46'),
(505, 132, 1, '1971.60', '16430.00', '2026-03-05', NULL, '2026-03-05 02:58:54'),
(506, 132, 8, '100.00', '16430.00', '2026-03-05', NULL, '2026-03-05 02:58:54'),
(507, 132, 5, '200.00', '16430.00', '2026-03-05', NULL, '2026-03-05 02:58:54'),
(508, 132, 7, '410.75', '16430.00', '2026-03-05', NULL, '2026-03-05 02:58:54'),
(509, 4, 1, '10604.04', '88367.00', '2026-03-05', NULL, '2026-03-05 07:42:22'),
(510, 4, 8, '100.00', '88367.00', '2026-03-05', NULL, '2026-03-05 07:42:22'),
(511, 4, 5, '200.00', '88367.00', '2026-03-05', NULL, '2026-03-05 07:42:22'),
(512, 4, 7, '2209.18', '88367.00', '2026-03-05', NULL, '2026-03-05 07:42:22'),
(513, 37, 8, '100.00', '27277.00', '2026-03-05', NULL, '2026-03-05 07:42:46'),
(514, 37, 1, '3273.24', '27277.00', '2026-03-05', NULL, '2026-03-05 07:42:46'),
(515, 37, 5, '200.00', '27277.00', '2026-03-05', NULL, '2026-03-05 07:42:46'),
(516, 37, 7, '681.93', '27277.00', '2026-03-05', NULL, '2026-03-05 07:42:46'),
(517, 85, 8, '100.00', '27022.00', '2026-03-05', NULL, '2026-03-05 07:43:07'),
(518, 85, 1, '3242.64', '27022.00', '2026-03-05', NULL, '2026-03-05 07:43:07'),
(519, 85, 5, '200.00', '27022.00', '2026-03-05', NULL, '2026-03-05 07:43:07'),
(520, 85, 7, '675.55', '27022.00', '2026-03-05', NULL, '2026-03-05 07:43:07'),
(521, 50, 8, '100.00', '21070.00', '2026-03-05', NULL, '2026-03-05 07:43:41'),
(522, 50, 1, '2528.40', '21070.00', '2026-03-05', NULL, '2026-03-05 07:43:41'),
(523, 50, 5, '200.00', '21070.00', '2026-03-05', NULL, '2026-03-05 07:43:41'),
(524, 50, 7, '526.75', '21070.00', '2026-03-05', NULL, '2026-03-05 07:43:41'),
(525, 102, 8, '100.00', '15150.00', '2026-03-05', NULL, '2026-03-05 07:44:00'),
(526, 102, 1, '1818.00', '15150.00', '2026-03-05', NULL, '2026-03-05 07:44:00'),
(527, 102, 5, '200.00', '15150.00', '2026-03-05', NULL, '2026-03-05 07:44:00'),
(528, 102, 7, '378.75', '15150.00', '2026-03-05', NULL, '2026-03-05 07:44:00');

-- --------------------------------------------------------

--
-- Table structure for table `employee_leave_balances`
--

CREATE TABLE `employee_leave_balances` (
  `emp_leave_bal_id` int(11) NOT NULL,
  `employee_id` int(11) NOT NULL,
  `leave_type_id` int(11) NOT NULL,
  `year` int(11) NOT NULL,
  `allotted` int(11) DEFAULT 0,
  `used` int(11) DEFAULT 0,
  `remaining` int(11) DEFAULT 0,
  `accumulated` int(11) DEFAULT 0,
  `created_at` timestamp NOT NULL DEFAULT current_timestamp(),
  `updated_at` timestamp NOT NULL DEFAULT current_timestamp() ON UPDATE current_timestamp(),
  `carried` decimal(6,2) NOT NULL DEFAULT 0.00
) ENGINE=InnoDB DEFAULT CHARSET=utf8mb4;

--
-- Dumping data for table `employee_leave_balances`
--

INSERT INTO `employee_leave_balances` (`emp_leave_bal_id`, `employee_id`, `leave_type_id`, `year`, `allotted`, `used`, `remaining`, `accumulated`, `created_at`, `updated_at`, `carried`) VALUES
(1, 7, 1, 2025, 20, 0, 20, 0, '2025-10-03 07:32:52', '2025-10-03 07:32:52', '0.00'),
(2, 7, 2, 2025, 3, 0, 3, 0, '2025-10-03 07:32:52', '2025-10-03 07:32:52', '0.00'),
(3, 7, 7, 2025, 5, 0, 5, 0, '2025-10-03 07:32:52', '2025-10-03 07:32:52', '0.00'),
(4, 7, 8, 2025, 0, 0, 0, 0, '2025-10-03 07:32:52', '2025-10-03 07:32:52', '0.00'),
(5, 7, 9, 2025, 0, 0, 0, 0, '2025-10-03 08:25:23', '2025-10-03 08:25:23', '0.00'),
(6, 7, 10, 2025, 120, 0, 120, 0, '2025-10-03 08:25:23', '2025-10-03 08:25:23', '0.00'),
(7, 14, 1, 2025, 20, 0, 20, 0, '2025-10-06 01:24:47', '2025-10-06 01:24:47', '0.00'),
(8, 14, 2, 2025, 3, 0, 3, 0, '2025-10-06 01:24:47', '2025-10-06 01:24:47', '0.00'),
(9, 14, 7, 2025, 5, 0, 5, 0, '2025-10-06 01:24:47', '2025-10-06 01:24:47', '0.00'),
(10, 14, 8, 2025, 0, 0, 0, 0, '2025-10-06 01:24:47', '2025-10-06 01:24:47', '0.00'),
(11, 14, 9, 2025, 0, 0, 0, 0, '2025-10-06 01:24:47', '2025-10-06 01:24:47', '0.00'),
(12, 14, 10, 2025, 120, 0, 120, 0, '2025-10-06 01:24:47', '2025-10-06 01:24:47', '0.00'),
(13, 11, 1, 2025, 0, 0, 0, 0, '2025-10-07 04:05:51', '2025-10-07 04:05:51', '0.00'),
(14, 11, 2, 2025, 3, 0, 3, 0, '2025-10-07 04:05:51', '2025-10-07 04:05:51', '0.00'),
(15, 11, 7, 2025, 5, 0, 5, 0, '2025-10-07 04:05:51', '2025-10-07 04:05:51', '0.00'),
(16, 11, 8, 2025, 0, 0, 0, 0, '2025-10-07 04:05:51', '2025-10-07 04:05:51', '0.00'),
(17, 11, 9, 2025, 5, 0, 5, 0, '2025-10-07 04:05:51', '2025-10-07 04:05:51', '0.00'),
(18, 11, 10, 2025, 180, 0, 180, 0, '2025-10-07 04:05:51', '2025-10-07 04:05:51', '0.00'),
(19, 3, 1, 2025, 0, 0, 0, 0, '2025-10-07 08:25:44', '2025-10-07 08:25:44', '0.00'),
(20, 3, 2, 2025, 3, 0, 3, 0, '2025-10-07 08:25:44', '2025-10-07 08:25:44', '0.00'),
(21, 3, 7, 2025, 5, 3, 2, 0, '2025-10-07 08:25:44', '2025-10-09 02:11:06', '0.00'),
(22, 3, 8, 2025, 0, 0, 0, 0, '2025-10-07 08:25:44', '2025-10-07 08:25:44', '0.00'),
(23, 3, 9, 2025, 5, 0, 5, 0, '2025-10-07 08:25:44', '2025-10-07 08:25:44', '0.00'),
(24, 3, 10, 2025, 180, 0, 180, 0, '2025-10-07 08:25:44', '2025-10-07 08:25:44', '0.00'),
(25, 7, 11, 2025, 7, 0, 7, 0, '2025-10-07 08:51:14', '2025-10-07 08:51:14', '0.00'),
(26, 3, 11, 2025, 7, 0, 7, 0, '2025-10-07 08:51:30', '2025-10-07 08:51:30', '0.00');

-- --------------------------------------------------------

--
-- Table structure for table `employee_leave_transactions`
--

CREATE TABLE `employee_leave_transactions` (
  `emp_lv_trans_id` int(11) NOT NULL,
  `employee_id` int(11) NOT NULL,
  `leave_type_id` int(11) NOT NULL,
  `year` int(11) NOT NULL,
  `txn_date` date NOT NULL,
  `txn_type` enum('accrual','carryover','use','adjustment','reset') NOT NULL,
  `amount` decimal(6,2) NOT NULL,
  `reference` varchar(255) DEFAULT NULL,
  `created_by` int(11) DEFAULT NULL,
  `created_at` timestamp NOT NULL DEFAULT current_timestamp()
) ENGINE=InnoDB DEFAULT CHARSET=utf8mb4;

-- --------------------------------------------------------

--
-- Table structure for table `employee_photos`
--

CREATE TABLE `employee_photos` (
  `photo_id` int(11) NOT NULL,
  `employee_id` int(11) NOT NULL,
  `photo_path` varchar(255) NOT NULL COMMENT 'Relative path to the photo file',
  `file_size` int(11) NOT NULL COMMENT 'File size in bytes',
  `upload_date` datetime DEFAULT current_timestamp() ON UPDATE current_timestamp(),
  `created_at` timestamp NOT NULL DEFAULT current_timestamp(),
  `updated_at` timestamp NOT NULL DEFAULT current_timestamp() ON UPDATE current_timestamp()
) ENGINE=InnoDB DEFAULT CHARSET=utf8mb4;

-- --------------------------------------------------------

--
-- Table structure for table `empsalaries_tbl`
--

CREATE TABLE `empsalaries_tbl` (
  `empSalaryID` int(11) NOT NULL,
  `monthly_rate` decimal(20,2) NOT NULL,
  `employee_id` int(11) NOT NULL,
  `dateEffective` date NOT NULL,
  `salaryParticulars` varchar(50) NOT NULL,
  `salaryDescription` varchar(100) NOT NULL,
  `salaryStatus` varchar(20) NOT NULL COMMENT 'current,non_current'
) ENGINE=InnoDB DEFAULT CHARSET=utf8mb4;

-- --------------------------------------------------------

--
-- Table structure for table `gaa_audit_log`
--

CREATE TABLE `gaa_audit_log` (
  `log_id` int(11) NOT NULL,
  `payroll_entry_id` int(11) NOT NULL,
  `employee_id` int(11) NOT NULL,
  `action` enum('VALIDATED','BLOCKED','WARNED','APPROVED','OVERRIDE_APPROVED') NOT NULL,
  `computed_net_pay` decimal(12,2) NOT NULL,
  `threshold_amount` decimal(12,2) NOT NULL DEFAULT 5000.00,
  `shortfall_amount` decimal(12,2) DEFAULT 0.00,
  `performed_by` int(11) NOT NULL,
  `performed_at` datetime NOT NULL DEFAULT current_timestamp(),
  `validation_point` enum('deduction_entry','payroll_save','batch_approval') DEFAULT 'payroll_save',
  `remarks` longtext DEFAULT NULL
) ENGINE=InnoDB DEFAULT CHARSET=utf8mb4;

-- --------------------------------------------------------

--
-- Table structure for table `gaa_validation_audit`
--

CREATE TABLE `gaa_validation_audit` (
  `gaa_audit_id` int(11) NOT NULL,
  `payroll_entry_id` int(11) NOT NULL,
  `employee_id` int(11) NOT NULL,
  `validation_stage` enum('DEDUCTION_ENTRY','PAYROLL_SAVE','BATCH_APPROVAL') NOT NULL,
  `net_pay` decimal(12,2) NOT NULL,
  `threshold_amount` decimal(12,2) NOT NULL DEFAULT 5000.00,
  `shortfall_amount` decimal(12,2) DEFAULT 0.00,
  `gross_amount` decimal(12,2) DEFAULT 0.00,
  `total_deductions_amount` decimal(12,2) DEFAULT 0.00,
  `validation_result` enum('PASS','FAIL','WARNING') NOT NULL,
  `validated_by` int(11) DEFAULT NULL,
  `validated_date` datetime NOT NULL DEFAULT current_timestamp(),
  `notes` longtext DEFAULT NULL
) ENGINE=InnoDB DEFAULT CHARSET=utf8mb4;

--
-- Dumping data for table `gaa_validation_audit`
--

INSERT INTO `gaa_validation_audit` (`gaa_audit_id`, `payroll_entry_id`, `employee_id`, `validation_stage`, `net_pay`, `threshold_amount`, `shortfall_amount`, `gross_amount`, `total_deductions_amount`, `validation_result`, `validated_by`, `validated_date`, `notes`) VALUES
(23, 109, 94, 'PAYROLL_SAVE', '101141.27', '5000.00', '0.00', '139397.00', '38255.73', 'PASS', 10, '2026-03-10 12:33:50', 'Payroll saved successfully'),
(24, 110, 10, 'PAYROLL_SAVE', '29330.62', '5000.00', '0.00', '48649.00', '19318.38', 'PASS', 10, '2026-03-10 12:33:50', 'Payroll saved successfully'),
(25, 111, 120, 'PAYROLL_SAVE', '23339.58', '5000.00', '0.00', '38544.00', '15204.42', 'PASS', 10, '2026-03-10 12:33:50', 'Payroll saved successfully'),
(26, 112, 64, 'PAYROLL_SAVE', '27128.55', '5000.00', '0.00', '38187.00', '11058.45', 'PASS', 10, '2026-03-10 12:33:50', 'Payroll saved successfully'),
(27, 113, 124, 'PAYROLL_SAVE', '29960.30', '5000.00', '0.00', '38187.00', '8226.70', 'PASS', 10, '2026-03-10 12:33:50', 'Payroll saved successfully'),
(28, 114, 67, 'PAYROLL_SAVE', '22720.05', '5000.00', '0.00', '29022.00', '6301.95', 'PASS', 10, '2026-03-10 12:33:50', 'Payroll saved successfully'),
(29, 115, 5, 'PAYROLL_SAVE', '17973.25', '5000.00', '0.00', '21478.00', '3504.75', 'PASS', 10, '2026-03-10 12:33:50', 'Payroll saved successfully'),
(30, 116, 78, 'PAYROLL_SAVE', '11469.58', '5000.00', '0.00', '17150.00', '5680.42', 'PASS', 10, '2026-03-10 12:33:50', 'Payroll saved successfully'),
(31, 117, 43, 'PAYROLL_SAVE', '10043.66', '5000.00', '0.00', '17150.00', '7106.34', 'PASS', 10, '2026-03-10 12:33:50', 'Payroll saved successfully'),
(32, 118, 88, 'PAYROLL_SAVE', '5759.78', '5000.00', '0.00', '20180.00', '14420.22', 'PASS', 10, '2026-03-10 12:33:50', 'Payroll saved successfully'),
(33, 119, 84, 'PAYROLL_SAVE', '6752.24', '5000.00', '0.00', '17150.00', '10397.76', 'PASS', 10, '2026-03-10 12:33:50', 'Payroll saved successfully'),
(34, 120, 51, 'PAYROLL_SAVE', '9461.54', '5000.00', '0.00', '17150.00', '7688.46', 'PASS', 10, '2026-03-10 12:33:50', 'Payroll saved successfully'),
(35, 121, 69, 'PAYROLL_SAVE', '5911.36', '5000.00', '0.00', '14748.00', '8836.64', 'PASS', 10, '2026-03-10 12:33:50', 'Payroll saved successfully'),
(36, 122, 111, 'PAYROLL_SAVE', '8041.71', '5000.00', '0.00', '14655.00', '6613.29', 'PASS', 10, '2026-03-10 12:33:50', 'Payroll saved successfully'),
(37, 123, 33, 'PAYROLL_SAVE', '66459.42', '5000.00', '0.00', '122208.84', '55749.42', 'PASS', 10, '2026-03-10 17:36:52', 'Payroll saved successfully'),
(38, 124, 82, 'PAYROLL_SAVE', '20198.31', '5000.00', '0.00', '44776.92', '24578.61', 'PASS', 10, '2026-03-10 17:36:52', 'Payroll saved successfully'),
(39, 125, 110, 'PAYROLL_SAVE', '28127.22', '5000.00', '0.00', '34145.52', '6018.30', 'PASS', 10, '2026-03-10 17:36:52', 'Payroll saved successfully'),
(40, 126, 101, 'PAYROLL_SAVE', '25512.95', '5000.00', '0.00', '28711.32', '3198.37', 'PASS', 10, '2026-03-10 17:36:52', 'Payroll saved successfully'),
(41, 127, 109, 'PAYROLL_SAVE', '21465.58', '5000.00', '0.00', '24198.45', '2732.87', 'PASS', 10, '2026-03-10 17:36:52', 'Payroll saved successfully'),
(42, 128, 14, 'PAYROLL_SAVE', '5100.00', '5000.00', '0.00', '25512.93', '20412.93', 'PASS', 10, '2026-03-10 17:36:52', 'Payroll saved successfully'),
(43, 129, 3, 'PAYROLL_SAVE', '5908.64', '5000.00', '0.00', '22453.72', '16545.08', 'PASS', 10, '2026-03-10 17:36:52', 'Payroll saved successfully'),
(64, 150, 108, 'PAYROLL_SAVE', '86728.53', '5000.00', '0.00', '125371.65', '38643.12', 'PASS', 10, '2026-03-11 14:16:24', 'Payroll saved successfully'),
(65, 151, 71, 'PAYROLL_SAVE', '18539.54', '5000.00', '0.00', '58929.23', '40389.69', 'PASS', 10, '2026-03-11 14:16:24', 'Payroll saved successfully'),
(66, 152, 61, 'PAYROLL_SAVE', '13552.37', '5000.00', '0.00', '56945.10', '43392.73', 'PASS', 10, '2026-03-11 14:16:24', 'Payroll saved successfully'),
(67, 153, 38, 'PAYROLL_SAVE', '34403.09', '5000.00', '0.00', '53347.45', '18944.36', 'PASS', 10, '2026-03-11 14:16:24', 'Payroll saved successfully'),
(68, 154, 18, 'PAYROLL_SAVE', '11098.12', '5000.00', '0.00', '46566.25', '35468.13', 'PASS', 10, '2026-03-11 14:16:24', 'Payroll saved successfully'),
(69, 155, 52, 'PAYROLL_SAVE', '25530.11', '5000.00', '0.00', '46473.14', '20943.03', 'PASS', 10, '2026-03-11 14:16:24', 'Payroll saved successfully'),
(70, 156, 89, 'PAYROLL_SAVE', '17230.46', '5000.00', '0.00', '43273.75', '26043.29', 'PASS', 10, '2026-03-11 14:16:24', 'Payroll saved successfully'),
(71, 157, 15, 'PAYROLL_SAVE', '15158.85', '5000.00', '0.00', '42507.50', '27348.65', 'PASS', 10, '2026-03-11 14:16:24', 'Payroll saved successfully'),
(72, 158, 60, 'PAYROLL_SAVE', '11254.98', '5000.00', '0.00', '41396.25', '30141.27', 'PASS', 10, '2026-03-11 14:16:24', 'Payroll saved successfully'),
(73, 159, 83, 'PAYROLL_SAVE', '9707.03', '5000.00', '0.00', '40606.15', '30899.12', 'PASS', 10, '2026-03-11 14:16:24', 'Payroll saved successfully'),
(74, 160, 77, 'PAYROLL_SAVE', '8029.80', '5000.00', '0.00', '39882.63', '31852.83', 'PASS', 10, '2026-03-11 14:16:24', 'Payroll saved successfully'),
(75, 161, 48, 'PAYROLL_SAVE', '11617.21', '5000.00', '0.00', '40042.05', '28424.84', 'PASS', 10, '2026-03-11 14:16:24', 'Payroll saved successfully'),
(76, 162, 9, 'PAYROLL_SAVE', '12958.96', '5000.00', '0.00', '42507.50', '29548.54', 'PASS', 10, '2026-03-11 14:16:24', 'Payroll saved successfully'),
(77, 163, 41, 'PAYROLL_SAVE', '11732.11', '5000.00', '0.00', '39667.79', '27935.68', 'PASS', 10, '2026-03-11 14:16:24', 'Payroll saved successfully'),
(78, 164, 79, 'PAYROLL_SAVE', '12214.91', '5000.00', '0.00', '41396.25', '29181.34', 'PASS', 10, '2026-03-11 14:16:24', 'Payroll saved successfully'),
(79, 165, 27, 'PAYROLL_SAVE', '12352.21', '5000.00', '0.00', '41396.25', '29044.04', 'PASS', 10, '2026-03-11 14:16:24', 'Payroll saved successfully'),
(80, 166, 58, 'PAYROLL_SAVE', '33439.32', '5000.00', '0.00', '39233.94', '5794.62', 'PASS', 10, '2026-03-11 14:16:24', 'Payroll saved successfully'),
(81, 167, 92, 'PAYROLL_SAVE', '29434.60', '5000.00', '0.00', '34392.85', '4958.25', 'PASS', 10, '2026-03-11 14:16:24', 'Payroll saved successfully'),
(82, 168, 66, 'PAYROLL_SAVE', '8400.62', '5000.00', '0.00', '26272.33', '17871.71', 'PASS', 10, '2026-03-11 14:16:24', 'Payroll saved successfully'),
(83, 169, 21, 'PAYROLL_SAVE', '9774.66', '5000.00', '0.00', '26675.28', '16900.62', 'PASS', 10, '2026-03-11 14:16:24', 'Payroll saved successfully'),
(84, 170, 100, 'PAYROLL_SAVE', '21506.72', '5000.00', '0.00', '23930.84', '2424.12', 'PASS', 10, '2026-03-11 14:16:24', 'Payroll saved successfully'),
(85, 171, 81, 'PAYROLL_SAVE', '9393.14', '5000.00', '0.00', '23260.00', '13866.86', 'PASS', 10, '2026-03-11 14:16:24', 'Payroll saved successfully'),
(86, 172, 20, 'PAYROLL_SAVE', '18906.34', '5000.00', '0.00', '105667.00', '86760.66', 'PASS', 10, '2026-03-11 14:17:15', 'Payroll saved successfully'),
(87, 173, 63, 'PAYROLL_SAVE', '8735.98', '5000.00', '0.00', '35646.00', '26910.02', 'PASS', 10, '2026-03-11 14:17:15', 'Payroll saved successfully'),
(88, 174, 54, 'PAYROLL_SAVE', '12636.85', '5000.00', '0.00', '32979.00', '20342.15', 'PASS', 10, '2026-03-11 14:17:15', 'Payroll saved successfully'),
(89, 175, 86, 'PAYROLL_SAVE', '21828.63', '5000.00', '0.00', '25027.00', '3198.37', 'PASS', 10, '2026-03-11 14:17:15', 'Payroll saved successfully'),
(90, 176, 95, 'PAYROLL_SAVE', '8067.43', '5000.00', '0.00', '21303.00', '13235.57', 'PASS', 10, '2026-03-11 14:17:15', 'Payroll saved successfully'),
(91, 177, 17, 'PAYROLL_SAVE', '15108.38', '5000.00', '0.00', '19061.00', '3952.62', 'PASS', 10, '2026-03-11 14:17:15', 'Payroll saved successfully'),
(92, 178, 36, 'PAYROLL_SAVE', '61785.31', '5000.00', '0.00', '105667.00', '43881.69', 'PASS', 10, '2026-03-11 14:17:35', 'Payroll saved successfully'),
(93, 179, 45, 'PAYROLL_SAVE', '21410.07', '5000.00', '0.00', '41204.00', '19793.93', 'PASS', 10, '2026-03-11 14:17:35', 'Payroll saved successfully'),
(94, 180, 97, 'PAYROLL_SAVE', '26423.38', '5000.00', '0.00', '31021.00', '4597.62', 'PASS', 10, '2026-03-11 14:17:35', 'Payroll saved successfully'),
(95, 1, 46, 'PAYROLL_SAVE', '71718.28', '5000.00', '0.00', '107049.00', '35330.72', 'PASS', 10, '2026-03-11 14:52:16', 'Payroll saved successfully'),
(96, 2, 74, 'PAYROLL_SAVE', '23688.83', '5000.00', '0.00', '38187.00', '14498.17', 'PASS', 10, '2026-03-11 14:52:16', 'Payroll saved successfully'),
(97, 3, 91, 'PAYROLL_SAVE', '11979.66', '5000.00', '0.00', '29022.00', '17042.34', 'PASS', 10, '2026-03-11 14:52:16', 'Payroll saved successfully'),
(98, 4, 53, 'PAYROLL_SAVE', '6490.92', '5000.00', '0.00', '22903.00', '16412.08', 'PASS', 10, '2026-03-11 14:52:16', 'Payroll saved successfully'),
(99, 6, 7, 'PAYROLL_SAVE', '16364.95', '5000.00', '0.00', '21478.00', '5113.05', 'PASS', 10, '2026-03-11 14:52:16', 'Payroll saved successfully'),
(100, 5, 99, 'PAYROLL_SAVE', '18570.13', '5000.00', '0.00', '21303.00', '2732.87', 'PASS', 10, '2026-03-11 14:52:16', 'Payroll saved successfully'),
(101, 7, 1, 'PAYROLL_SAVE', '14936.25', '5000.00', '0.00', '17150.00', '2213.75', 'PASS', 10, '2026-03-11 14:52:16', 'Payroll saved successfully'),
(113, 192, 126, 'PAYROLL_SAVE', '82004.80', '5000.00', '0.00', '105667.00', '23662.20', 'PASS', 10, '2026-03-11 15:40:57', 'Payroll saved successfully'),
(114, 193, 23, 'PAYROLL_SAVE', '13724.02', '5000.00', '0.00', '38544.00', '24819.98', 'PASS', 10, '2026-03-11 15:40:57', 'Payroll saved successfully'),
(115, 194, 80, 'PAYROLL_SAVE', '5981.74', '5000.00', '0.00', '35646.00', '29664.26', 'PASS', 10, '2026-03-11 15:40:57', 'Payroll saved successfully'),
(116, 195, 12, 'PAYROLL_SAVE', '14390.83', '5000.00', '0.00', '29022.00', '14631.17', 'PASS', 10, '2026-03-11 15:40:57', 'Payroll saved successfully'),
(117, 196, 8, 'PAYROLL_SAVE', '18570.13', '5000.00', '0.00', '21303.00', '2732.87', 'PASS', 10, '2026-03-11 15:40:57', 'Payroll saved successfully'),
(118, 197, 107, 'PAYROLL_SAVE', '7276.30', '5000.00', '0.00', '19188.00', '11911.70', 'PASS', 10, '2026-03-11 15:40:57', 'Payroll saved successfully'),
(119, 198, 115, 'PAYROLL_SAVE', '15749.13', '5000.00', '0.00', '18079.00', '2329.87', 'PASS', 10, '2026-03-11 15:40:57', 'Payroll saved successfully'),
(120, 199, 96, 'PAYROLL_SAVE', '12969.58', '5000.00', '0.00', '17150.00', '4180.42', 'PASS', 10, '2026-03-11 15:40:57', 'Payroll saved successfully'),
(121, 200, 11, 'PAYROLL_SAVE', '14284.25', '5000.00', '0.00', '17262.00', '2977.75', 'PASS', 10, '2026-03-11 15:40:57', 'Payroll saved successfully'),
(122, 201, 26, 'PAYROLL_SAVE', '14545.08', '5000.00', '0.00', '16696.00', '2150.92', 'PASS', 10, '2026-03-11 15:40:57', 'Payroll saved successfully'),
(123, 202, 106, 'PAYROLL_SAVE', '5021.60', '5000.00', '0.00', '16267.00', '11245.40', 'PASS', 10, '2026-03-11 15:40:57', 'Payroll saved successfully');

-- --------------------------------------------------------

--
-- Table structure for table `govshares`
--

CREATE TABLE `govshares` (
  `govshare_id` int(11) NOT NULL,
  `deduction_type_id` int(11) NOT NULL,
  `govshare_name` varchar(100) NOT NULL,
  `govshare_code` enum('L_R','HDMF','PHIC','ECC') NOT NULL,
  `govshare_acctcode` varchar(20) NOT NULL,
  `govshare_rate` decimal(5,2) NOT NULL,
  `is_percentage` tinyint(1) DEFAULT 1,
  `active` tinyint(1) DEFAULT 1,
  `created_at` timestamp NOT NULL DEFAULT current_timestamp()
) ENGINE=InnoDB DEFAULT CHARSET=utf8mb4;

--
-- Dumping data for table `govshares`
--

INSERT INTO `govshares` (`govshare_id`, `deduction_type_id`, `govshare_name`, `govshare_code`, `govshare_acctcode`, `govshare_rate`, `is_percentage`, `active`, `created_at`) VALUES
(1, 2, 'Life and Retirement Ins. Contributions', 'L_R', '50103010', '0.12', 1, 1, '2025-08-04 13:53:18'),
(5, 3, 'PAG-IBIG Contributions', 'HDMF', '50103020', '200.00', 0, 1, '2025-08-04 15:59:51'),
(7, 4, 'PhilHealth Contributions', 'PHIC', '50103030', '0.05', 1, 1, '2025-08-05 11:49:33'),
(8, 2, 'ECC Contributions', 'ECC', '50103040', '100.00', 0, 1, '2025-08-05 20:43:38');

-- --------------------------------------------------------

--
-- Table structure for table `leave_applications`
--

CREATE TABLE `leave_applications` (
  `leave_application_id` int(11) NOT NULL,
  `employee_id` int(11) NOT NULL,
  `leave_type_id` int(11) NOT NULL,
  `dates` longtext CHARACTER SET utf8mb4 COLLATE utf8mb4_bin NOT NULL CHECK (json_valid(`dates`)),
  `days` int(3) NOT NULL,
  `reason` varchar(100) NOT NULL,
  `attach_path` varchar(200) NOT NULL,
  `status` enum('Pending','Approved','Disapproved','') NOT NULL,
  `date_filed` date NOT NULL
) ENGINE=InnoDB DEFAULT CHARSET=utf8mb4;

--
-- Dumping data for table `leave_applications`
--

INSERT INTO `leave_applications` (`leave_application_id`, `employee_id`, `leave_type_id`, `dates`, `days`, `reason`, `attach_path`, `status`, `date_filed`) VALUES
(1, 3, 7, '[\"2025-10-13\",\"2025-10-14\",\"2025-10-31\"]', 0, 'Kapoy', '', 'Approved', '2025-10-09'),
(2, 3, 7, '[\"2025-11-01\",\"2025-11-02\",\"2025-11-03\"]', 0, 'fsfafa', '', 'Pending', '2025-10-09'),
(3, 91, 8, '[\"2026-03-30\"]', 0, 'Ubhon ko ana.', '', 'Pending', '2026-03-11');

-- --------------------------------------------------------

--
-- Table structure for table `leave_types`
--

CREATE TABLE `leave_types` (
  `leave_type_id` int(11) NOT NULL,
  `leave_code` varchar(10) NOT NULL,
  `leave_name` varchar(100) NOT NULL,
  `yearly_allotment` int(11) DEFAULT 0,
  `monthly_accrual` tinyint(1) DEFAULT 0,
  `is_accumulative` tinyint(1) DEFAULT 0,
  `max_accumulation` int(11) DEFAULT NULL,
  `gender_restriction` enum('all','male','female') DEFAULT 'all',
  `reset_policy` enum('reset','carry_over','none') DEFAULT 'reset',
  `requires_attachment` tinyint(1) DEFAULT 0,
  `active` tinyint(1) DEFAULT 1,
  `frequency_limit` varchar(50) DEFAULT NULL,
  `description` varchar(200) NOT NULL,
  `created_at` timestamp NOT NULL DEFAULT current_timestamp()
) ENGINE=InnoDB DEFAULT CHARSET=utf8mb4;

--
-- Dumping data for table `leave_types`
--

INSERT INTO `leave_types` (`leave_type_id`, `leave_code`, `leave_name`, `yearly_allotment`, `monthly_accrual`, `is_accumulative`, `max_accumulation`, `gender_restriction`, `reset_policy`, `requires_attachment`, `active`, `frequency_limit`, `description`, `created_at`) VALUES
(1, 'VL', 'Vacation Leave', 0, 1, 1, 0, 'all', 'carry_over', 0, 1, '', 'Earned 1 day per 24 days service (~1.25 days/month). Can be carried over; commutable (monetized) upon separation/retirement.', '2025-09-28 06:14:39'),
(2, 'SL', 'Special Leave', 3, 0, 0, 0, 'all', 'reset', 0, 1, '3', 'For Special occasions of employees.', '2025-09-28 07:33:09'),
(7, 'FL', 'Forced Leave', 5, 0, 0, 0, 'all', 'reset', 0, 1, '5 per year', '5 days per year. Must be used annually; forfeited if unused. Exemptions apply (e.g., if balance is <5 VL credits).', '2025-09-28 08:05:39'),
(8, 'SL', 'Sick Leave', 0, 1, 1, 0, 'all', 'carry_over', 0, 1, '', 'Earned 1 day per 24 days service (~1.25 days/month). Same accrual as VL; can be carried over; monetizable.', '2025-09-28 08:06:16'),
(9, 'CL', 'Calamity Leave', 5, 0, 0, 0, 'all', 'reset', 0, 1, '5', 'Up to 5 days per year. For natural calamities/disasters; resets annually.', '2025-10-03 08:23:36'),
(10, 'STDL', 'Study Leave', 180, 0, 0, 0, 'all', 'reset', 0, 1, '', 'Max 6 months (with pay). For master’s bar/board review or other approved study; not annual, granted once every 5 years.', '2025-10-03 08:25:13'),
(11, 'SPL', 'Solo Parent Leave', 7, 0, 0, 0, 'all', 'reset', 0, 1, '7', '7 days per year. Non-accumulative; resets every year.', '2025-10-07 08:50:59');

-- --------------------------------------------------------

--
-- Table structure for table `payroll_config`
--

CREATE TABLE `payroll_config` (
  `config_id` int(11) NOT NULL DEFAULT 1,
  `edit_cutoff_days` int(11) DEFAULT 7 COMMENT 'Days after creation to allow edits (if time-based)',
  `auto_finalize` tinyint(1) DEFAULT 1 COMMENT 'Auto-finalize payroll after cutoff',
  `require_approval` tinyint(1) DEFAULT 1 COMMENT 'Require manager approval before payment',
  `audit_trail_enabled` tinyint(1) DEFAULT 1 COMMENT 'Enable detailed audit trail logging',
  `max_edit_attempts` int(11) DEFAULT 5 COMMENT 'Maximum times a payroll can be edited',
  `updated_at` timestamp NOT NULL DEFAULT current_timestamp() ON UPDATE current_timestamp()
) ENGINE=InnoDB DEFAULT CHARSET=utf8mb4;

--
-- Dumping data for table `payroll_config`
--

INSERT INTO `payroll_config` (`config_id`, `edit_cutoff_days`, `auto_finalize`, `require_approval`, `audit_trail_enabled`, `max_edit_attempts`, `updated_at`) VALUES
(1, 7, 1, 1, 1, 5, '2026-03-05 02:02:13');

-- --------------------------------------------------------

--
-- Table structure for table `payroll_deductions`
--

CREATE TABLE `payroll_deductions` (
  `payroll_deduction_id` int(11) NOT NULL,
  `payroll_entry_id` int(11) NOT NULL,
  `deduction_component_id` int(11) NOT NULL,
  `payroll_deduct_amount` decimal(10,2) NOT NULL,
  `created_at` date NOT NULL
) ENGINE=InnoDB DEFAULT CHARSET=utf8mb4;

--
-- Dumping data for table `payroll_deductions`
--

INSERT INTO `payroll_deductions` (`payroll_deduction_id`, `payroll_entry_id`, `deduction_component_id`, `payroll_deduct_amount`, `created_at`) VALUES
(1, 1, 399, '13300.00', '2026-03-06'),
(2, 1, 395, '8077.41', '2026-03-06'),
(3, 1, 397, '300.00', '2026-03-06'),
(4, 1, 400, '1017.49', '2026-03-06'),
(5, 1, 398, '2243.72', '2026-03-06'),
(6, 1, 396, '10392.10', '2026-03-06'),
(7, 2, 406, '1600.00', '2026-03-06'),
(8, 2, 401, '3256.83', '2026-03-06'),
(9, 2, 403, '1000.00', '2026-03-06'),
(10, 2, 407, '750.00', '2026-03-06'),
(11, 2, 408, '520.00', '2026-03-06'),
(12, 2, 409, '2500.00', '2026-03-06'),
(13, 2, 405, '904.67', '2026-03-06'),
(14, 2, 402, '1966.67', '2026-03-06'),
(15, 2, 404, '2000.00', '2026-03-06'),
(16, 3, 840, '380.00', '2026-03-06'),
(17, 3, 841, '2431.98', '2026-03-06'),
(18, 3, 842, '300.00', '2026-03-06'),
(19, 3, 843, '2524.34', '2026-03-06'),
(20, 3, 844, '750.00', '2026-03-06'),
(21, 3, 845, '200.00', '2026-03-06'),
(22, 3, 846, '290.22', '2026-03-06'),
(23, 3, 847, '3366.67', '2026-03-06'),
(24, 3, 848, '675.55', '2026-03-06'),
(25, 3, 854, '812.06', '2026-03-06'),
(26, 3, 849, '1966.67', '2026-03-06'),
(27, 3, 850, '1257.81', '2026-03-06'),
(28, 3, 851, '1400.00', '2026-03-06'),
(29, 3, 852, '187.04', '2026-03-06'),
(30, 3, 853, '500.00', '2026-03-06'),
(31, 4, 1225, '1881.27', '2026-03-06'),
(32, 4, 1226, '300.00', '2026-03-06'),
(33, 4, 1227, '9642.77', '2026-03-06'),
(34, 4, 1228, '229.03', '2026-03-06'),
(35, 4, 1229, '522.57', '2026-03-06'),
(36, 4, 1230, '1966.67', '2026-03-06'),
(37, 4, 1231, '1369.77', '2026-03-06'),
(38, 4, 1232, '500.00', '2026-03-06'),
(39, 5, 1367, '1737.27', '2026-03-06'),
(40, 5, 1368, '300.00', '2026-03-06'),
(41, 5, 1369, '213.03', '2026-03-06'),
(42, 5, 1370, '482.57', '2026-03-06'),
(43, 6, 437, '1753.02', '2026-03-06'),
(44, 6, 439, '300.00', '2026-03-06'),
(45, 6, 441, '750.00', '2026-03-06'),
(46, 6, 442, '214.78', '2026-03-06'),
(47, 6, 440, '486.95', '2026-03-06'),
(48, 6, 438, '1608.30', '2026-03-06'),
(49, 7, 1371, '1363.50', '2026-03-06'),
(50, 7, 1372, '300.00', '2026-03-06'),
(51, 7, 1373, '171.50', '2026-03-06'),
(52, 7, 1374, '378.75', '2026-03-06'),
(53, 8, 364, '13700.00', '2026-03-06'),
(54, 8, 355, '8203.95', '2026-03-06'),
(55, 8, 360, '1450.00', '2026-03-06'),
(56, 8, 362, '4547.97', '2026-03-06'),
(57, 8, 367, '12309.92', '2026-03-06'),
(58, 8, 358, '500.00', '2026-03-06'),
(59, 8, 365, '931.55', '2026-03-06'),
(60, 8, 366, '2500.00', '2026-03-06'),
(61, 8, 363, '2278.87', '2026-03-06'),
(62, 8, 357, '1966.67', '2026-03-06'),
(63, 8, 359, '12118.40', '2026-03-06'),
(64, 8, 356, '2333.33', '2026-03-06'),
(65, 8, 361, '1000.00', '2026-03-06'),
(66, 9, 1470, '1650.00', '2026-03-06'),
(67, 9, 1471, '3256.83', '2026-03-06'),
(68, 9, 1472, '300.00', '2026-03-06'),
(69, 9, 1473, '1177.00', '2026-03-06'),
(70, 9, 1474, '381.87', '2026-03-06'),
(71, 9, 1475, '2500.00', '2026-03-06'),
(72, 9, 1476, '4817.22', '2026-03-06'),
(73, 9, 1477, '904.67', '2026-03-06'),
(74, 9, 1478, '2811.87', '2026-03-06'),
(75, 10, 1479, '500.00', '2026-03-06'),
(76, 10, 1480, '2431.98', '2026-03-06'),
(77, 10, 1481, '500.00', '2026-03-06'),
(78, 10, 1482, '750.00', '2026-03-06'),
(79, 10, 1483, '290.22', '2026-03-06'),
(80, 10, 1484, '675.55', '2026-03-06'),
(81, 10, 1485, '3000.00', '2026-03-06'),
(82, 11, 384, '1753.02', '2026-03-06'),
(83, 11, 385, '300.00', '2026-03-06'),
(84, 11, 387, '214.78', '2026-03-06'),
(85, 11, 388, '2500.00', '2026-03-06'),
(86, 11, 386, '486.95', '2026-03-06'),
(87, 12, 389, '1628.91', '2026-03-06'),
(88, 12, 390, '300.00', '2026-03-06'),
(89, 12, 393, '200.99', '2026-03-06'),
(90, 12, 394, '1000.00', '2026-03-06'),
(91, 12, 392, '452.47', '2026-03-06'),
(92, 12, 391, '1000.00', '2026-03-06'),
(93, 13, 331, '13300.00', '2026-03-06'),
(94, 13, 327, '8077.41', '2026-03-06'),
(95, 13, 329, '300.00', '2026-03-06'),
(96, 13, 332, '3000.00', '2026-03-06'),
(97, 13, 333, '917.49', '2026-03-06'),
(98, 13, 330, '2243.72', '2026-03-06'),
(99, 13, 328, '2678.52', '2026-03-06'),
(100, 14, 1394, '1300.00', '2026-03-06'),
(101, 14, 1395, '3057.66', '2026-03-06'),
(102, 14, 1396, '1300.00', '2026-03-06'),
(103, 14, 1397, '750.00', '2026-03-06'),
(104, 14, 1398, '100.00', '2026-03-06'),
(105, 14, 1399, '359.74', '2026-03-06'),
(106, 14, 1404, '1000.00', '2026-03-06'),
(107, 14, 1400, '9634.44', '2026-03-06'),
(108, 14, 1401, '849.35', '2026-03-06'),
(109, 14, 1402, '1966.67', '2026-03-06'),
(110, 14, 1403, '4304.31', '2026-03-06'),
(111, 15, 1440, '1737.27', '2026-03-06'),
(112, 15, 1447, '300.00', '2026-03-06'),
(113, 15, 1441, '750.00', '2026-03-06'),
(114, 15, 1442, '213.03', '2026-03-06'),
(115, 15, 1443, '1000.00', '2026-03-06'),
(116, 15, 1444, '482.57', '2026-03-06'),
(117, 15, 1445, '1966.67', '2026-03-06'),
(118, 15, 1446, '500.00', '2026-03-06'),
(119, 16, 1448, '1363.50', '2026-03-06'),
(120, 16, 1452, '300.00', '2026-03-06'),
(121, 16, 1449, '750.00', '2026-03-06'),
(122, 16, 1450, '171.50', '2026-03-06'),
(123, 16, 1451, '378.75', '2026-03-06'),
(124, 16, 1453, '1000.00', '2026-03-06'),
(125, 17, 1491, '15850.00', '2026-03-06'),
(126, 17, 1492, '8863.92', '2026-03-06'),
(127, 17, 1493, '300.00', '2026-03-06'),
(128, 17, 1494, '9718.25', '2026-03-06'),
(129, 17, 1495, '3000.00', '2026-03-06'),
(130, 17, 1496, '2921.55', '2026-03-06'),
(131, 17, 1497, '2462.20', '2026-03-06'),
(132, 17, 1498, '655.56', '2026-03-06'),
(133, 17, 1499, '1966.67', '2026-03-06'),
(134, 17, 1500, '25995.41', '2026-03-06'),
(135, 17, 1501, '2650.00', '2026-03-06'),
(136, 17, 1502, '1803.38', '2026-03-06'),
(137, 18, 303, '1650.00', '2026-03-06'),
(138, 18, 298, '3288.96', '2026-03-06'),
(139, 18, 300, '800.00', '2026-03-06'),
(140, 18, 304, '750.00', '2026-03-06'),
(141, 18, 305, '385.44', '2026-03-06'),
(142, 18, 299, '5973.36', '2026-03-06'),
(143, 18, 302, '913.60', '2026-03-06'),
(144, 18, 301, '2349.14', '2026-03-06'),
(145, 19, 311, '1650.00', '2026-03-06'),
(146, 19, 306, '3288.96', '2026-03-06'),
(147, 19, 309, '300.00', '2026-03-06'),
(148, 19, 312, '750.00', '2026-03-06'),
(149, 19, 313, '385.44', '2026-03-06'),
(150, 19, 314, '1916.67', '2026-03-06'),
(151, 19, 310, '913.60', '2026-03-06'),
(152, 19, 307, '655.56', '2026-03-06'),
(153, 19, 308, '1842.06', '2026-03-06'),
(154, 20, 315, '1881.27', '2026-03-06'),
(155, 20, 316, '800.00', '2026-03-06'),
(156, 20, 319, '10627.56', '2026-03-06'),
(157, 20, 318, '229.03', '2026-03-06'),
(158, 20, 317, '522.57', '2026-03-06'),
(159, 21, 320, '1737.27', '2026-03-06'),
(160, 21, 323, '300.00', '2026-03-06'),
(161, 21, 326, '9847.94', '2026-03-06'),
(162, 21, 325, '213.03', '2026-03-06'),
(163, 21, 324, '482.57', '2026-03-06'),
(164, 21, 322, '1966.67', '2026-03-06'),
(165, 21, 321, '952.64', '2026-03-06'),
(223, 28, 186, '16400.00', '2026-03-06'),
(224, 28, 183, '9049.86', '2026-03-06'),
(225, 28, 184, '300.00', '2026-03-06'),
(226, 28, 185, '2500.00', '2026-03-06'),
(227, 29, 1436, '1363.50', '2026-03-06'),
(228, 29, 1437, '300.00', '2026-03-06'),
(229, 29, 1439, '171.50', '2026-03-06'),
(230, 29, 1438, '378.75', '2026-03-06'),
(231, 30, 213, '13200.00', '2026-03-06'),
(232, 30, 210, '7953.03', '2026-03-06'),
(233, 30, 211, '300.00', '2026-03-06'),
(234, 30, 212, '2209.17', '2026-03-06'),
(235, 31, 215, '15250.00', '2026-03-06'),
(236, 31, 214, '2209.17', '2026-03-06'),
(237, 32, 193, '13900.00', '2026-03-06'),
(238, 32, 190, '8203.95', '2026-03-06'),
(239, 32, 191, '300.00', '2026-03-06'),
(240, 32, 192, '2278.87', '2026-03-06'),
(241, 33, 217, '15250.00', '2026-03-06'),
(242, 33, 216, '2209.17', '2026-03-06'),
(243, 34, 197, '13200.00', '2026-03-06'),
(244, 34, 194, '7953.03', '2026-03-06'),
(245, 34, 195, '300.00', '2026-03-06'),
(246, 34, 196, '2209.17', '2026-03-06'),
(247, 35, 219, '15250.00', '2026-03-06'),
(248, 35, 218, '2209.17', '2026-03-06'),
(249, 36, 201, '13200.00', '2026-03-06'),
(250, 36, 198, '7953.03', '2026-03-06'),
(251, 36, 199, '300.00', '2026-03-06'),
(252, 36, 202, '65054.15', '2026-03-06'),
(253, 36, 200, '2209.17', '2026-03-06'),
(254, 37, 206, '13550.00', '2026-03-06'),
(255, 37, 203, '8077.41', '2026-03-06'),
(256, 37, 204, '300.00', '2026-03-06'),
(257, 37, 205, '2243.72', '2026-03-06'),
(258, 38, 208, '15250.00', '2026-03-06'),
(259, 38, 209, '5120.00', '2026-03-06'),
(260, 38, 207, '2209.17', '2026-03-06'),
(261, 39, 535, '12950.00', '2026-03-06'),
(262, 39, 528, '7953.03', '2026-03-06'),
(263, 39, 531, '1000.00', '2026-03-06'),
(264, 39, 536, '903.67', '2026-03-06'),
(265, 39, 530, '6989.79', '2026-03-06'),
(266, 39, 534, '2209.17', '2026-03-06'),
(267, 39, 529, '1630.66', '2026-03-06'),
(268, 39, 533, '1591.36', '2026-03-06'),
(269, 39, 532, '1000.00', '2026-03-06'),
(270, 40, 568, '380.00', '2026-03-06'),
(271, 40, 569, '2431.98', '2026-03-06'),
(272, 40, 570, '300.00', '2026-03-06'),
(273, 40, 571, '750.00', '2026-03-06'),
(274, 40, 572, '290.22', '2026-03-06'),
(275, 40, 573, '675.55', '2026-03-06'),
(276, 40, 574, '1000.00', '2026-03-06'),
(277, 41, 559, '420.00', '2026-03-06'),
(278, 41, 560, '2454.93', '2026-03-06'),
(279, 41, 561, '500.00', '2026-03-06'),
(280, 41, 562, '4383.35', '2026-03-06'),
(281, 41, 563, '760.00', '2026-03-06'),
(282, 41, 564, '292.77', '2026-03-06'),
(283, 41, 565, '681.92', '2026-03-06'),
(284, 41, 566, '1966.67', '2026-03-06'),
(285, 41, 567, '1000.00', '2026-03-06'),
(286, 42, 551, '1896.30', '2026-03-06'),
(287, 42, 554, '300.00', '2026-03-06'),
(288, 42, 556, '6154.96', '2026-03-06'),
(289, 42, 552, '100.00', '2026-03-06'),
(290, 42, 557, '230.70', '2026-03-06'),
(291, 42, 558, '1500.00', '2026-03-06'),
(292, 42, 555, '526.75', '2026-03-06'),
(293, 42, 553, '2288.41', '2026-03-06'),
(294, 43, 575, '1363.50', '2026-03-06'),
(295, 43, 579, '300.00', '2026-03-06'),
(296, 43, 581, '5417.30', '2026-03-06'),
(297, 43, 582, '171.50', '2026-03-06'),
(298, 43, 580, '378.75', '2026-03-06'),
(299, 43, 576, '1966.67', '2026-03-06'),
(300, 43, 577, '620.04', '2026-03-06'),
(301, 43, 578, '950.00', '2026-03-06'),
(324, 47, 658, '1558.35', '2026-03-06'),
(325, 47, 660, '300.00', '2026-03-06'),
(326, 47, 662, '193.15', '2026-03-06'),
(327, 47, 661, '432.87', '2026-03-06'),
(328, 47, 659, '6897.15', '2026-03-06'),
(329, 48, 663, '1546.92', '2026-03-06'),
(330, 48, 665, '300.00', '2026-03-06'),
(331, 48, 669, '750.00', '2026-03-06'),
(332, 48, 667, '191.88', '2026-03-06'),
(333, 48, 668, '1500.00', '2026-03-06'),
(334, 48, 666, '429.70', '2026-03-06'),
(335, 48, 664, '2119.75', '2026-03-06'),
(336, 49, 670, '1138.95', '2026-03-06'),
(337, 49, 671, '253.10', '2026-03-06'),
(338, 49, 673, '146.55', '2026-03-06'),
(339, 49, 672, '316.37', '2026-03-06'),
(340, 50, 674, '1138.95', '2026-03-06'),
(341, 50, 675, '253.10', '2026-03-06'),
(342, 50, 677, '146.55', '2026-03-06'),
(343, 50, 676, '316.37', '2026-03-06'),
(344, 51, 903, '1138.95', '2026-03-06'),
(345, 51, 904, '253.10', '2026-03-06'),
(346, 51, 905, '67.15', '2026-03-06'),
(347, 51, 906, '146.55', '2026-03-06'),
(348, 51, 907, '316.37', '2026-03-06'),
(349, 51, 908, '1433.32', '2026-03-06'),
(350, 51, 909, '1400.00', '2026-03-06'),
(351, 52, 683, '1138.95', '2026-03-06'),
(352, 52, 684, '253.10', '2026-03-06'),
(353, 52, 686, '146.55', '2026-03-06'),
(354, 52, 685, '316.37', '2026-03-06'),
(355, 53, 687, '1138.95', '2026-03-06'),
(356, 53, 688, '253.10', '2026-03-06'),
(357, 53, 690, '146.55', '2026-03-06'),
(358, 53, 689, '316.37', '2026-03-06'),
(359, 54, 691, '1138.95', '2026-03-06'),
(360, 54, 692, '253.10', '2026-03-06'),
(361, 54, 694, '750.00', '2026-03-06'),
(362, 54, 695, '146.55', '2026-03-06'),
(363, 54, 693, '316.37', '2026-03-06'),
(364, 55, 1380, '1138.95', '2026-03-06'),
(365, 55, 1381, '253.10', '2026-03-06'),
(366, 55, 1382, '750.00', '2026-03-06'),
(367, 55, 1383, '146.55', '2026-03-06'),
(368, 55, 1386, '1000.00', '2026-03-06'),
(369, 55, 1384, '316.37', '2026-03-06'),
(370, 55, 1385, '2821.86', '2026-03-06'),
(371, 56, 452, '12950.00', '2026-03-06'),
(372, 56, 448, '7953.03', '2026-03-06'),
(373, 56, 450, '500.00', '2026-03-06'),
(374, 56, 453, '750.00', '2026-03-06'),
(375, 56, 449, '300.00', '2026-03-06'),
(376, 56, 454, '903.67', '2026-03-06'),
(377, 56, 451, '2209.17', '2026-03-06'),
(378, 57, 1454, '2000.00', '2026-03-06'),
(379, 57, 1455, '3256.83', '2026-03-06'),
(380, 57, 1456, '300.00', '2026-03-06'),
(381, 57, 1457, '1060.00', '2026-03-06'),
(382, 57, 1458, '381.87', '2026-03-06'),
(383, 57, 1459, '904.67', '2026-03-06'),
(384, 57, 1460, '1000.00', '2026-03-06'),
(385, 58, 465, '1210.00', '2026-03-06'),
(386, 58, 461, '2998.98', '2026-03-06'),
(387, 58, 462, '1300.00', '2026-03-06'),
(388, 58, 466, '353.22', '2026-03-06'),
(389, 58, 464, '833.05', '2026-03-06'),
(390, 58, 463, '500.00', '2026-03-06'),
(391, 59, 1461, '600.00', '2026-03-06'),
(392, 59, 1462, '2431.98', '2026-03-06'),
(393, 59, 1463, '300.00', '2026-03-06'),
(394, 59, 1464, '1861.10', '2026-03-06'),
(395, 59, 1465, '290.22', '2026-03-06'),
(396, 59, 1466, '675.55', '2026-03-06'),
(397, 59, 1467, '1966.67', '2026-03-06'),
(398, 59, 1468, '1257.81', '2026-03-06'),
(399, 59, 1469, '500.00', '2026-03-06'),
(400, 60, 486, '380.00', '2026-03-06'),
(401, 60, 483, '2431.98', '2026-03-06'),
(402, 60, 484, '300.00', '2026-03-06'),
(403, 60, 487, '290.22', '2026-03-06'),
(404, 60, 485, '675.55', '2026-03-06'),
(405, 61, 503, '1896.30', '2026-03-06'),
(406, 61, 504, '300.00', '2026-03-06'),
(407, 61, 510, '8822.11', '2026-03-06'),
(408, 61, 507, '750.00', '2026-03-06'),
(409, 61, 508, '230.70', '2026-03-06'),
(410, 61, 509, '1277.78', '2026-03-06'),
(411, 61, 506, '526.75', '2026-03-06'),
(412, 61, 505, '500.00', '2026-03-06'),
(413, 62, 498, '1896.30', '2026-03-06'),
(414, 62, 499, '300.00', '2026-03-06'),
(415, 62, 502, '10155.68', '2026-03-06'),
(416, 62, 501, '230.70', '2026-03-06'),
(417, 62, 500, '526.75', '2026-03-06'),
(418, 63, 511, '1881.27', '2026-03-06'),
(419, 63, 512, '300.00', '2026-03-06'),
(420, 63, 514, '229.03', '2026-03-06'),
(421, 63, 513, '522.57', '2026-03-06'),
(422, 64, 488, '1989.18', '2026-03-06'),
(423, 64, 492, '300.00', '2026-03-06'),
(424, 64, 495, '241.02', '2026-03-06'),
(425, 64, 496, '1500.00', '2026-03-06'),
(426, 64, 490, '5833.66', '2026-03-06'),
(427, 64, 493, '552.55', '2026-03-06'),
(428, 64, 494, '1500.00', '2026-03-06'),
(429, 64, 497, '1966.67', '2026-03-06'),
(430, 64, 491, '2935.34', '2026-03-06'),
(431, 64, 489, '700.00', '2026-03-06'),
(432, 65, 1486, '1800.99', '2026-03-06'),
(433, 65, 1487, '900.00', '2026-03-06'),
(434, 65, 1488, '223.18', '2026-03-06'),
(435, 65, 1489, '500.27', '2026-03-06'),
(436, 65, 1490, '3150.34', '2026-03-06'),
(437, 66, 936, '1737.27', '2026-03-06'),
(438, 66, 937, '300.00', '2026-03-06'),
(439, 66, 938, '1125.14', '2026-03-06'),
(440, 66, 939, '4450.52', '2026-03-06'),
(441, 66, 940, '750.00', '2026-03-06'),
(442, 66, 941, '213.03', '2026-03-06'),
(443, 66, 942, '482.57', '2026-03-06'),
(444, 66, 943, '1227.78', '2026-03-06'),
(445, 67, 586, '13200.00', '2026-03-06'),
(446, 67, 583, '7953.03', '2026-03-06'),
(447, 67, 584, '300.00', '2026-03-06'),
(448, 67, 585, '2209.17', '2026-03-06'),
(449, 68, 599, '1600.00', '2026-03-06'),
(450, 68, 595, '3256.83', '2026-03-06'),
(451, 68, 597, '300.00', '2026-03-06'),
(452, 68, 601, '381.87', '2026-03-06'),
(453, 68, 602, '2750.00', '2026-03-06'),
(454, 68, 598, '904.67', '2026-03-06'),
(455, 68, 600, '1966.67', '2026-03-06'),
(456, 68, 596, '4652.91', '2026-03-06'),
(457, 69, 1546, '1600.00', '2026-03-06'),
(458, 69, 1547, '3256.83', '2026-03-06'),
(459, 69, 1548, '300.00', '2026-03-06'),
(460, 69, 1549, '100.00', '2026-03-06'),
(461, 69, 1550, '381.87', '2026-03-06'),
(462, 69, 1551, '904.67', '2026-03-06'),
(463, 69, 1552, '4787.59', '2026-03-06'),
(464, 70, 622, '2072.43', '2026-03-06'),
(465, 70, 623, '300.00', '2026-03-06'),
(466, 70, 625, '250.27', '2026-03-06'),
(467, 70, 624, '575.67', '2026-03-06'),
(468, 71, 612, '2088.99', '2026-03-06'),
(469, 71, 614, '300.00', '2026-03-06'),
(470, 71, 616, '252.11', '2026-03-06'),
(471, 71, 617, '1916.67', '2026-03-06'),
(472, 71, 615, '580.27', '2026-03-06'),
(473, 71, 613, '4652.91', '2026-03-06'),
(474, 72, 618, '2072.43', '2026-03-06'),
(475, 72, 619, '300.00', '2026-03-06'),
(476, 72, 621, '250.27', '2026-03-06'),
(477, 72, 620, '575.67', '2026-03-06'),
(478, 73, 608, '2072.43', '2026-03-06'),
(479, 73, 609, '300.00', '2026-03-06'),
(480, 73, 611, '250.27', '2026-03-06'),
(481, 73, 610, '575.67', '2026-03-06'),
(482, 74, 1375, '2072.43', '2026-03-06'),
(483, 74, 1376, '300.00', '2026-03-06'),
(484, 74, 1377, '250.27', '2026-03-06'),
(485, 74, 1378, '575.67', '2026-03-06'),
(486, 74, 1379, '1500.00', '2026-03-06'),
(487, 75, 1405, '1303.11', '2026-03-06'),
(488, 75, 1406, '289.58', '2026-03-06'),
(489, 75, 1407, '1170.47', '2026-03-06'),
(490, 75, 1408, '500.00', '2026-03-06'),
(491, 75, 1409, '164.79', '2026-03-06'),
(492, 75, 1410, '1600.00', '2026-03-06'),
(493, 75, 1411, '361.97', '2026-03-06'),
(494, 75, 1412, '861.73', '2026-03-06'),
(495, 75, 1413, '1966.67', '2026-03-06'),
(496, 75, 1414, '1857.70', '2026-03-06'),
(497, 75, 1415, '1166.67', '2026-03-06'),
(793, 109, 16, '23900.00', '2026-03-10'),
(794, 109, 13, '11555.73', '2026-03-10'),
(795, 109, 14, '300.00', '2026-03-10'),
(796, 109, 15, '2500.00', '2026-03-10'),
(797, 110, 20, '3420.00', '2026-03-10'),
(798, 110, 17, '4198.41', '2026-03-10'),
(799, 110, 18, '300.00', '2026-03-10'),
(800, 110, 22, '9747.26', '2026-03-10'),
(801, 110, 21, '486.49', '2026-03-10'),
(802, 110, 19, '1166.22', '2026-03-10'),
(803, 111, 769, '1650.00', '2026-03-10'),
(804, 111, 770, '3288.96', '2026-03-10'),
(805, 111, 771, '300.00', '2026-03-10'),
(806, 111, 772, '500.00', '2026-03-10'),
(807, 111, 773, '385.44', '2026-03-10'),
(808, 111, 774, '913.60', '2026-03-10'),
(809, 111, 775, '655.56', '2026-03-10'),
(810, 111, 776, '1966.67', '2026-03-10'),
(811, 111, 777, '4144.19', '2026-03-10'),
(812, 111, 778, '1400.00', '2026-03-10'),
(813, 112, 33, '1600.00', '2026-03-10'),
(814, 112, 28, '3256.83', '2026-03-10'),
(815, 112, 31, '300.00', '2026-03-10'),
(816, 112, 34, '381.87', '2026-03-10'),
(817, 112, 32, '904.67', '2026-03-10'),
(818, 112, 30, '1966.67', '2026-03-10'),
(819, 112, 29, '2648.41', '2026-03-10'),
(820, 113, 897, '1600.00', '2026-03-10'),
(821, 113, 898, '3256.83', '2026-03-10'),
(822, 113, 899, '300.00', '2026-03-10'),
(823, 113, 900, '381.87', '2026-03-10'),
(824, 113, 901, '904.67', '2026-03-10'),
(825, 113, 902, '1783.33', '2026-03-10'),
(826, 114, 1606, '380.00', '2026-03-10'),
(827, 114, 1607, '2431.98', '2026-03-10'),
(828, 114, 1608, '500.00', '2026-03-10'),
(829, 114, 1609, '750.00', '2026-03-10'),
(830, 114, 1610, '290.22', '2026-03-10'),
(831, 114, 1611, '675.55', '2026-03-10'),
(832, 114, 1612, '774.20', '2026-03-10'),
(833, 114, 1613, '500.00', '2026-03-10'),
(834, 115, 52, '1753.02', '2026-03-10'),
(835, 115, 53, '300.00', '2026-03-10'),
(836, 115, 55, '750.00', '2026-03-10'),
(837, 115, 56, '214.78', '2026-03-10'),
(838, 115, 54, '486.95', '2026-03-10'),
(839, 116, 70, '1363.50', '2026-03-10'),
(840, 116, 72, '300.00', '2026-03-10'),
(841, 116, 75, '171.50', '2026-03-10'),
(842, 116, 74, '1500.00', '2026-03-10'),
(843, 116, 73, '378.75', '2026-03-10'),
(844, 116, 71, '1966.67', '2026-03-10'),
(845, 117, 1598, '1363.50', '2026-03-10'),
(846, 117, 1599, '300.00', '2026-03-10'),
(847, 117, 1600, '750.00', '2026-03-10'),
(848, 117, 1601, '100.00', '2026-03-10'),
(849, 117, 1602, '171.50', '2026-03-10'),
(850, 117, 1605, '500.00', '2026-03-10'),
(851, 117, 1603, '3542.59', '2026-03-10'),
(852, 117, 1604, '378.75', '2026-03-10'),
(853, 118, 1341, '1363.50', '2026-03-10'),
(854, 118, 1342, '300.00', '2026-03-10'),
(855, 118, 1343, '3119.01', '2026-03-10'),
(856, 118, 1344, '171.50', '2026-03-10'),
(857, 118, 1345, '2500.00', '2026-03-10'),
(858, 118, 1346, '378.75', '2026-03-10'),
(859, 118, 1350, '1311.12', '2026-03-10'),
(860, 118, 1347, '1966.67', '2026-03-10'),
(861, 118, 1348, '1443.00', '2026-03-10'),
(862, 118, 1349, '1866.67', '2026-03-10'),
(863, 119, 57, '1363.50', '2026-03-10'),
(864, 119, 60, '300.00', '2026-03-10'),
(865, 119, 62, '171.50', '2026-03-10'),
(866, 119, 63, '1500.00', '2026-03-10'),
(867, 119, 58, '4717.34', '2026-03-10'),
(868, 119, 61, '378.75', '2026-03-10'),
(869, 119, 59, '1966.67', '2026-03-10'),
(870, 120, 64, '1363.50', '2026-03-10'),
(871, 120, 65, '300.00', '2026-03-10'),
(872, 120, 68, '4724.71', '2026-03-10'),
(873, 120, 67, '750.00', '2026-03-10'),
(874, 120, 69, '171.50', '2026-03-10'),
(875, 120, 66, '378.75', '2026-03-10'),
(876, 121, 1297, '1147.32', '2026-03-10'),
(877, 121, 1298, '254.96', '2026-03-10'),
(878, 121, 1299, '819.62', '2026-03-10'),
(879, 121, 1300, '147.48', '2026-03-10'),
(880, 121, 1301, '318.70', '2026-03-10'),
(881, 121, 1305, '1311.12', '2026-03-10'),
(882, 121, 1302, '1966.67', '2026-03-10'),
(883, 121, 1303, '1470.77', '2026-03-10'),
(884, 121, 1304, '1400.00', '2026-03-10'),
(885, 122, 1429, '1138.95', '2026-03-10'),
(886, 122, 1430, '253.10', '2026-03-10'),
(887, 122, 1431, '750.00', '2026-03-10'),
(888, 122, 1432, '146.55', '2026-03-10'),
(889, 122, 1433, '1500.00', '2026-03-10'),
(890, 122, 1434, '316.37', '2026-03-10'),
(891, 122, 1435, '2508.32', '2026-03-10'),
(892, 123, 1614, '17800.00', '2026-03-10'),
(893, 123, 1615, '8077.41', '2026-03-10'),
(894, 123, 1616, '300.00', '2026-03-10'),
(895, 123, 1617, '7222.46', '2026-03-10'),
(896, 123, 1618, '917.49', '2026-03-10'),
(897, 123, 1619, '2243.72', '2026-03-10'),
(898, 123, 1620, '5450.43', '2026-03-10'),
(899, 123, 1621, '13737.91', '2026-03-10'),
(900, 124, 1622, '2650.00', '2026-03-10'),
(901, 124, 1623, '3256.83', '2026-03-10'),
(902, 124, 1624, '300.00', '2026-03-10'),
(903, 124, 1625, '1242.94', '2026-03-10'),
(904, 124, 1626, '12184.77', '2026-03-10'),
(905, 124, 1627, '381.87', '2026-03-10'),
(906, 124, 1628, '904.67', '2026-03-10'),
(907, 124, 1629, '2257.53', '2026-03-10'),
(908, 124, 1630, '1400.00', '2026-03-10'),
(909, 125, 1631, '750.00', '2026-03-10'),
(910, 125, 1632, '2431.98', '2026-03-10'),
(911, 125, 1633, '300.00', '2026-03-10'),
(912, 125, 1634, '290.22', '2026-03-10'),
(913, 125, 1635, '675.55', '2026-03-10'),
(914, 125, 1636, '1570.55', '2026-03-10'),
(915, 126, 1637, '2072.43', '2026-03-10'),
(916, 126, 1638, '300.00', '2026-03-10'),
(917, 126, 1639, '250.27', '2026-03-10'),
(918, 126, 1640, '575.67', '2026-03-10'),
(919, 127, 1641, '1737.27', '2026-03-10'),
(920, 127, 1642, '300.00', '2026-03-10'),
(921, 127, 1643, '213.03', '2026-03-10'),
(922, 127, 1644, '482.57', '2026-03-10'),
(923, 128, 1656, '1800.99', '2026-03-10'),
(924, 128, 1657, '300.00', '2026-03-10'),
(925, 128, 1658, '5074.99', '2026-03-10'),
(926, 128, 1659, '1912.72', '2026-03-10'),
(927, 128, 1660, '220.11', '2026-03-10'),
(928, 128, 1667, '2130.94', '2026-03-10'),
(929, 128, 1661, '2047.32', '2026-03-10'),
(930, 128, 1662, '500.27', '2026-03-10'),
(931, 128, 1663, '1966.67', '2026-03-10'),
(932, 128, 1664, '2653.20', '2026-03-10'),
(933, 128, 1665, '1166.67', '2026-03-10'),
(934, 128, 1666, '639.05', '2026-03-10'),
(935, 129, 1645, '1546.92', '2026-03-10'),
(936, 129, 1646, '300.00', '2026-03-10'),
(937, 129, 1647, '624.93', '2026-03-10'),
(938, 129, 1648, '7350.86', '2026-03-10'),
(939, 129, 1649, '100.00', '2026-03-10'),
(940, 129, 1650, '191.88', '2026-03-10'),
(941, 129, 1651, '1500.00', '2026-03-10'),
(942, 129, 1652, '429.70', '2026-03-10'),
(943, 129, 1653, '1966.67', '2026-03-10'),
(944, 129, 1654, '1134.12', '2026-03-10'),
(945, 129, 1655, '1400.00', '2026-03-10'),
(946, 150, 735, '18500.00', '2026-03-11'),
(947, 150, 731, '8836.65', '2026-03-11'),
(948, 150, 732, '300.00', '2026-03-11'),
(949, 150, 736, '2550.00', '2026-03-11'),
(950, 150, 737, '1001.85', '2026-03-11'),
(951, 150, 734, '2454.62', '2026-03-11'),
(952, 150, 733, '5000.00', '2026-03-11'),
(953, 151, 743, '6000.00', '2026-03-11'),
(954, 151, 738, '4295.43', '2026-03-11'),
(955, 151, 741, '300.00', '2026-03-11'),
(956, 151, 745, '20516.53', '2026-03-11'),
(957, 151, 744, '497.27', '2026-03-11'),
(958, 151, 742, '1193.17', '2026-03-11'),
(959, 151, 739, '812.06', '2026-03-11'),
(960, 151, 740, '6775.23', '2026-03-11'),
(961, 152, 1258, '5050.00', '2026-03-11'),
(962, 152, 1259, '3959.64', '2026-03-11'),
(963, 152, 1260, '300.00', '2026-03-11'),
(964, 152, 1261, '7350.86', '2026-03-11'),
(965, 152, 1262, '500.00', '2026-03-11'),
(966, 152, 1263, '459.96', '2026-03-11'),
(967, 152, 1264, '2500.00', '2026-03-11'),
(968, 152, 1265, '1099.90', '2026-03-11'),
(969, 152, 1270, '1311.12', '2026-03-11'),
(970, 152, 1266, '1966.67', '2026-03-11'),
(971, 152, 1267, '6551.51', '2026-03-11'),
(972, 152, 1268, '2333.33', '2026-03-11'),
(973, 152, 1269, '10009.74', '2026-03-11'),
(974, 153, 819, '4150.00', '2026-03-11'),
(975, 153, 813, '3654.36', '2026-03-11'),
(976, 153, 816, '300.00', '2026-03-11'),
(977, 153, 817, '3275.34', '2026-03-11'),
(978, 153, 820, '426.04', '2026-03-11'),
(979, 153, 818, '1015.10', '2026-03-11'),
(980, 153, 814, '655.56', '2026-03-11'),
(981, 153, 815, '5467.96', '2026-03-11'),
(982, 154, 1176, '2650.00', '2026-03-11'),
(983, 154, 1177, '3125.97', '2026-03-11'),
(984, 154, 1178, '300.00', '2026-03-11'),
(985, 154, 1179, '2516.95', '2026-03-11'),
(986, 154, 1180, '13335.75', '2026-03-11'),
(987, 154, 1181, '500.00', '2026-03-11'),
(988, 154, 1182, '367.33', '2026-03-11'),
(989, 154, 1183, '2500.00', '2026-03-11'),
(990, 154, 1184, '868.32', '2026-03-11'),
(991, 154, 1185, '1311.12', '2026-03-11'),
(992, 154, 1186, '1966.67', '2026-03-11'),
(993, 154, 1187, '3692.69', '2026-03-11'),
(994, 154, 1188, '2333.33', '2026-03-11'),
(995, 155, 1214, '2710.00', '2026-03-11'),
(996, 155, 1215, '3154.41', '2026-03-11'),
(997, 155, 1216, '300.00', '2026-03-11'),
(998, 155, 1217, '2251.03', '2026-03-11'),
(999, 155, 1218, '500.00', '2026-03-11'),
(1000, 155, 1219, '370.49', '2026-03-11'),
(1001, 155, 1220, '876.22', '2026-03-11'),
(1002, 155, 1224, '1311.12', '2026-03-11'),
(1003, 155, 1221, '1966.67', '2026-03-11'),
(1004, 155, 1222, '5169.76', '2026-03-11'),
(1005, 155, 1223, '2333.33', '2026-03-11'),
(1006, 156, 1357, '1950.00', '2026-03-11'),
(1007, 156, 1358, '2888.91', '2026-03-11'),
(1008, 156, 1359, '300.00', '2026-03-11'),
(1009, 156, 1360, '1901.26', '2026-03-11'),
(1010, 156, 1361, '12184.77', '2026-03-11'),
(1011, 156, 1362, '340.99', '2026-03-11'),
(1012, 156, 1363, '2500.00', '2026-03-11'),
(1013, 156, 1364, '802.47', '2026-03-11'),
(1014, 156, 1366, '841.56', '2026-03-11'),
(1015, 156, 1365, '2333.33', '2026-03-11'),
(1016, 157, 720, '1820.00', '2026-03-11'),
(1017, 157, 712, '2833.74', '2026-03-11'),
(1018, 157, 717, '300.00', '2026-03-11'),
(1019, 157, 718, '4376.51', '2026-03-11'),
(1020, 157, 713, '500.00', '2026-03-11'),
(1021, 157, 721, '334.86', '2026-03-11'),
(1022, 157, 714, '8935.95', '2026-03-11'),
(1023, 157, 719, '787.15', '2026-03-11'),
(1024, 157, 715, '5127.11', '2026-03-11'),
(1025, 157, 716, '2333.33', '2026-03-11'),
(1026, 158, 1563, '1650.00', '2026-03-11'),
(1027, 158, 1564, '2753.73', '2026-03-11'),
(1028, 158, 1565, '300.00', '2026-03-11'),
(1029, 158, 1566, '1550.17', '2026-03-11'),
(1030, 158, 1567, '12412.50', '2026-03-11'),
(1031, 158, 1568, '325.97', '2026-03-11'),
(1032, 158, 1569, '1500.00', '2026-03-11'),
(1033, 158, 1570, '764.92', '2026-03-11'),
(1034, 158, 1571, '1311.12', '2026-03-11'),
(1035, 158, 1572, '1966.67', '2026-03-11'),
(1036, 158, 1573, '3883.38', '2026-03-11'),
(1037, 158, 1574, '1400.00', '2026-03-11'),
(1038, 158, 1575, '322.81', '2026-03-11'),
(1039, 159, 1328, '1600.00', '2026-03-11'),
(1040, 159, 1329, '2727.72', '2026-03-11'),
(1041, 159, 1330, '300.00', '2026-03-11'),
(1042, 159, 1331, '2516.95', '2026-03-11'),
(1043, 159, 1332, '12412.50', '2026-03-11'),
(1044, 159, 1333, '200.00', '2026-03-11'),
(1045, 159, 1334, '323.08', '2026-03-11'),
(1046, 159, 1335, '1500.00', '2026-03-11'),
(1047, 159, 1336, '757.70', '2026-03-11'),
(1048, 159, 1340, '1311.12', '2026-03-11'),
(1049, 159, 1337, '1966.67', '2026-03-11'),
(1050, 159, 1338, '3883.38', '2026-03-11'),
(1051, 159, 1339, '1400.00', '2026-03-11'),
(1052, 160, 1013, '1650.00', '2026-03-11'),
(1053, 160, 1005, '2753.73', '2026-03-11'),
(1054, 160, 1010, '300.00', '2026-03-11'),
(1055, 160, 1011, '1638.56', '2026-03-11'),
(1056, 160, 1016, '14361.57', '2026-03-11'),
(1057, 160, 1007, '300.00', '2026-03-11'),
(1058, 160, 1014, '325.97', '2026-03-11'),
(1059, 160, 1015, '1500.00', '2026-03-11'),
(1060, 160, 1012, '764.92', '2026-03-11'),
(1061, 160, 1006, '1211.94', '2026-03-11'),
(1062, 160, 1017, '1966.67', '2026-03-11'),
(1063, 160, 1008, '3679.47', '2026-03-11'),
(1064, 160, 1009, '1400.00', '2026-03-11'),
(1065, 161, 1063, '1550.00', '2026-03-11'),
(1066, 161, 1059, '2702.16', '2026-03-11'),
(1067, 161, 1061, '300.00', '2026-03-11'),
(1068, 161, 1064, '20644.10', '2026-03-11'),
(1069, 161, 1065, '320.24', '2026-03-11'),
(1070, 161, 1062, '750.60', '2026-03-11'),
(1071, 161, 1060, '2157.74', '2026-03-11'),
(1072, 162, 758, '1820.00', '2026-03-11'),
(1073, 162, 759, '2833.74', '2026-03-11'),
(1074, 162, 760, '300.00', '2026-03-11'),
(1075, 162, 761, '3557.42', '2026-03-11'),
(1076, 162, 762, '334.86', '2026-03-11'),
(1077, 162, 763, '9634.44', '2026-03-11'),
(1078, 162, 764, '787.15', '2026-03-11'),
(1079, 162, 768, '1311.12', '2026-03-11'),
(1080, 162, 765, '1966.67', '2026-03-11'),
(1081, 162, 766, '4669.81', '2026-03-11'),
(1082, 162, 767, '2333.33', '2026-03-11'),
(1083, 163, 1576, '1550.00', '2026-03-11'),
(1084, 163, 1577, '2702.16', '2026-03-11'),
(1085, 163, 1578, '300.00', '2026-03-11'),
(1086, 163, 1579, '2516.95', '2026-03-11'),
(1087, 163, 1580, '320.24', '2026-03-11'),
(1088, 163, 1581, '2500.00', '2026-03-11'),
(1089, 163, 1582, '7242.57', '2026-03-11'),
(1090, 163, 1583, '750.60', '2026-03-11'),
(1091, 163, 1584, '1311.12', '2026-03-11'),
(1092, 163, 1585, '1966.67', '2026-03-11'),
(1093, 163, 1586, '4442.04', '2026-03-11'),
(1094, 163, 1587, '2333.33', '2026-03-11'),
(1095, 164, 1668, '1650.00', '2026-03-11'),
(1096, 164, 1669, '2753.73', '2026-03-11'),
(1097, 164, 1670, '300.00', '2026-03-11'),
(1098, 164, 1671, '3215.63', '2026-03-11'),
(1099, 164, 1672, '500.00', '2026-03-11'),
(1100, 164, 1673, '325.97', '2026-03-11'),
(1101, 164, 1674, '2500.00', '2026-03-11'),
(1102, 164, 1675, '9634.44', '2026-03-11'),
(1103, 164, 1676, '764.92', '2026-03-11'),
(1104, 164, 1677, '1966.67', '2026-03-11'),
(1105, 164, 1678, '3236.65', '2026-03-11'),
(1106, 164, 1679, '2333.33', '2026-03-11'),
(1107, 165, 1000, '1650.00', '2026-03-11'),
(1108, 165, 993, '2753.73', '2026-03-11'),
(1109, 165, 997, '300.00', '2026-03-11'),
(1110, 165, 998, '1689.45', '2026-03-11'),
(1111, 165, 1003, '12309.92', '2026-03-11'),
(1112, 165, 994, '500.00', '2026-03-11'),
(1113, 165, 1001, '325.97', '2026-03-11'),
(1114, 165, 1002, '1500.00', '2026-03-11'),
(1115, 165, 999, '764.92', '2026-03-11'),
(1116, 165, 1004, '1966.67', '2026-03-11'),
(1117, 165, 995, '3883.38', '2026-03-11'),
(1118, 165, 996, '1400.00', '2026-03-11'),
(1119, 166, 1094, '1650.00', '2026-03-11'),
(1120, 166, 1091, '2753.73', '2026-03-11'),
(1121, 166, 1092, '300.00', '2026-03-11'),
(1122, 166, 1095, '325.97', '2026-03-11'),
(1123, 166, 1093, '764.92', '2026-03-11'),
(1124, 167, 1069, '680.00', '2026-03-11'),
(1125, 167, 1066, '2302.74', '2026-03-11'),
(1126, 167, 1067, '300.00', '2026-03-11'),
(1127, 167, 1070, '760.00', '2026-03-11'),
(1128, 167, 1071, '275.86', '2026-03-11'),
(1129, 167, 1068, '639.65', '2026-03-11'),
(1130, 168, 1081, '1706.13', '2026-03-11'),
(1131, 168, 1083, '300.00', '2026-03-11'),
(1132, 168, 1086, '12720.25', '2026-03-11'),
(1133, 168, 1085, '209.57', '2026-03-11'),
(1134, 168, 1084, '473.92', '2026-03-11'),
(1135, 168, 1082, '2461.84', '2026-03-11'),
(1136, 169, 1588, '1757.34', '2026-03-11'),
(1137, 169, 1589, '300.00', '2026-03-11'),
(1138, 169, 1597, '5039.95', '2026-03-11'),
(1139, 169, 1590, '215.26', '2026-03-11'),
(1140, 169, 1591, '2500.00', '2026-03-11'),
(1141, 169, 1592, '488.15', '2026-03-11'),
(1142, 169, 1593, '1173.47', '2026-03-11'),
(1143, 169, 1594, '2798.39', '2026-03-11'),
(1144, 169, 1595, '2333.33', '2026-03-11'),
(1145, 169, 1596, '294.73', '2026-03-11'),
(1146, 170, 1087, '1514.97', '2026-03-11'),
(1147, 170, 1088, '300.00', '2026-03-11'),
(1148, 170, 1090, '188.33', '2026-03-11'),
(1149, 170, 1089, '420.82', '2026-03-11'),
(1150, 171, 1319, '1447.92', '2026-03-11'),
(1151, 171, 1320, '300.00', '2026-03-11'),
(1152, 171, 1321, '180.88', '2026-03-11'),
(1153, 171, 1322, '1000.00', '2026-03-11'),
(1154, 171, 1323, '4953.54', '2026-03-11'),
(1155, 171, 1324, '402.20', '2026-03-11'),
(1156, 171, 1327, '1311.12', '2026-03-11'),
(1157, 171, 1325, '1966.67', '2026-03-11'),
(1158, 171, 1326, '2304.53', '2026-03-11'),
(1159, 172, 263, '12950.00', '2026-03-11'),
(1160, 172, 254, '7953.03', '2026-03-11'),
(1161, 172, 259, '300.00', '2026-03-11'),
(1162, 172, 265, '30774.80', '2026-03-11'),
(1163, 172, 255, '500.00', '2026-03-11'),
(1164, 172, 264, '903.67', '2026-03-11'),
(1165, 172, 256, '3914.99', '2026-03-11'),
(1166, 172, 262, '2209.17', '2026-03-11'),
(1167, 172, 266, '872.64', '2026-03-11'),
(1168, 172, 257, '18323.11', '2026-03-11'),
(1169, 172, 258, '2333.33', '2026-03-11'),
(1170, 172, 261, '4725.92', '2026-03-11'),
(1171, 172, 260, '1000.00', '2026-03-11'),
(1172, 173, 1282, '1250.00', '2026-03-11'),
(1173, 173, 1283, '3028.14', '2026-03-11'),
(1174, 173, 1284, '300.00', '2026-03-11'),
(1175, 173, 1285, '5279.78', '2026-03-11'),
(1176, 173, 1286, '500.00', '2026-03-11'),
(1177, 173, 1287, '356.46', '2026-03-11'),
(1178, 173, 1288, '1500.00', '2026-03-11'),
(1179, 173, 1289, '3575.10', '2026-03-11'),
(1180, 173, 1290, '841.15', '2026-03-11'),
(1181, 173, 1296, '861.86', '2026-03-11'),
(1182, 173, 1291, '1966.67', '2026-03-11'),
(1183, 173, 1292, '4461.21', '2026-03-11'),
(1184, 173, 1294, '1633.33', '2026-03-11'),
(1185, 173, 1295, '1356.32', '2026-03-11'),
(1186, 174, 1690, '900.00', '2026-03-11'),
(1187, 174, 1691, '2788.11', '2026-03-11'),
(1188, 174, 1692, '300.00', '2026-03-11'),
(1189, 174, 1693, '2220.00', '2026-03-11'),
(1190, 174, 1694, '415.83', '2026-03-11'),
(1191, 174, 1695, '9166.68', '2026-03-11'),
(1192, 174, 1696, '774.47', '2026-03-11'),
(1193, 174, 1697, '777.06', '2026-03-11'),
(1194, 174, 1698, '3000.00', '2026-03-11'),
(1195, 175, 267, '2072.43', '2026-03-11'),
(1196, 175, 268, '300.00', '2026-03-11'),
(1197, 175, 270, '250.27', '2026-03-11'),
(1198, 175, 269, '575.67', '2026-03-11'),
(1199, 176, 271, '1737.27', '2026-03-11'),
(1200, 176, 276, '300.00', '2026-03-11'),
(1201, 176, 279, '213.03', '2026-03-11'),
(1202, 176, 280, '1600.00', '2026-03-11'),
(1203, 176, 278, '482.57', '2026-03-11'),
(1204, 176, 281, '1000.00', '2026-03-11'),
(1205, 176, 273, '1125.00', '2026-03-11'),
(1206, 176, 272, '1966.67', '2026-03-11'),
(1207, 176, 274, '2215.31', '2026-03-11'),
(1208, 176, 275, '1400.00', '2026-03-11'),
(1209, 176, 277, '1195.72', '2026-03-11'),
(1210, 177, 282, '1535.49', '2026-03-11'),
(1211, 177, 283, '300.00', '2026-03-11'),
(1212, 177, 285, '190.61', '2026-03-11'),
(1213, 177, 286, '1500.00', '2026-03-11'),
(1214, 177, 284, '426.52', '2026-03-11'),
(1215, 178, 1680, '12950.00', '2026-03-11'),
(1216, 178, 1681, '7953.03', '2026-03-11'),
(1217, 178, 1682, '300.00', '2026-03-11'),
(1218, 178, 1683, '300.00', '2026-03-11'),
(1219, 178, 1684, '903.67', '2026-03-11'),
(1220, 178, 1685, '2209.17', '2026-03-11'),
(1221, 178, 1686, '655.56', '2026-03-11'),
(1222, 178, 1687, '11226.93', '2026-03-11'),
(1223, 178, 1689, '2333.33', '2026-03-11'),
(1224, 178, 1688, '5050.00', '2026-03-11'),
(1225, 179, 1515, '2020.00', '2026-03-11'),
(1226, 179, 1516, '3528.36', '2026-03-11'),
(1227, 179, 1517, '300.00', '2026-03-11'),
(1228, 179, 1518, '750.00', '2026-03-11'),
(1229, 179, 1519, '412.04', '2026-03-11'),
(1230, 179, 1522, '1500.00', '2026-03-11'),
(1231, 179, 1520, '980.10', '2026-03-11'),
(1232, 179, 1521, '10303.43', '2026-03-11'),
(1233, 180, 656, '650.00', '2026-03-11'),
(1234, 180, 653, '2611.89', '2026-03-11'),
(1235, 180, 654, '300.00', '2026-03-11'),
(1236, 180, 657, '310.21', '2026-03-11'),
(1237, 180, 655, '725.52', '2026-03-11'),
(1318, 192, 110, '13200.00', '2026-03-11'),
(1319, 192, 107, '7953.03', '2026-03-11'),
(1320, 192, 108, '300.00', '2026-03-11'),
(1321, 192, 109, '2209.17', '2026-03-11'),
(1322, 193, 983, '1650.00', '2026-03-11'),
(1323, 193, 984, '3288.96', '2026-03-11'),
(1324, 193, 985, '300.00', '2026-03-11'),
(1325, 193, 986, '385.44', '2026-03-11'),
(1326, 193, 987, '2500.00', '2026-03-11'),
(1327, 193, 988, '6040.20', '2026-03-11'),
(1328, 193, 989, '913.60', '2026-03-11'),
(1329, 193, 990, '1966.67', '2026-03-11'),
(1330, 193, 992, '5441.78', '2026-03-11'),
(1331, 193, 991, '2333.33', '2026-03-11'),
(1332, 194, 1306, '1250.00', '2026-03-11'),
(1333, 194, 1307, '3028.14', '2026-03-11'),
(1334, 194, 1308, '300.00', '2026-03-11'),
(1335, 194, 1309, '3172.47', '2026-03-11'),
(1336, 194, 1310, '356.46', '2026-03-11'),
(1337, 194, 1311, '2500.00', '2026-03-11'),
(1338, 194, 1312, '5448.28', '2026-03-11'),
(1339, 194, 1313, '841.15', '2026-03-11'),
(1340, 194, 1318, '1311.12', '2026-03-11'),
(1341, 194, 1314, '1966.67', '2026-03-11'),
(1342, 194, 1315, '4451.30', '2026-03-11'),
(1343, 194, 1316, '2333.33', '2026-03-11'),
(1344, 194, 1317, '2705.34', '2026-03-11'),
(1345, 195, 779, '380.00', '2026-03-11'),
(1346, 195, 780, '2431.98', '2026-03-11'),
(1347, 195, 781, '300.00', '2026-03-11'),
(1348, 195, 782, '290.22', '2026-03-11'),
(1349, 195, 783, '2471.36', '2026-03-11'),
(1350, 195, 784, '675.55', '2026-03-11'),
(1351, 195, 785, '1000.00', '2026-03-11'),
(1352, 195, 788, '1966.67', '2026-03-11'),
(1353, 195, 786, '2782.06', '2026-03-11'),
(1354, 195, 787, '2333.33', '2026-03-11'),
(1355, 196, 140, '1737.27', '2026-03-11'),
(1356, 196, 141, '300.00', '2026-03-11'),
(1357, 196, 143, '213.03', '2026-03-11'),
(1358, 196, 142, '482.57', '2026-03-11'),
(1359, 197, 1699, '1546.92', '2026-03-11'),
(1360, 197, 1700, '300.00', '2026-03-11'),
(1361, 197, 1701, '3725.43', '2026-03-11'),
(1362, 197, 1702, '50.00', '2026-03-11'),
(1363, 197, 1703, '191.88', '2026-03-11'),
(1364, 197, 1704, '1500.00', '2026-03-11'),
(1365, 197, 1705, '429.70', '2026-03-11'),
(1366, 197, 1706, '655.56', '2026-03-11'),
(1367, 197, 1707, '1966.67', '2026-03-11'),
(1368, 197, 1708, '1078.87', '2026-03-11'),
(1369, 197, 1709, '466.67', '2026-03-11'),
(1370, 198, 156, '1447.11', '2026-03-11'),
(1371, 198, 157, '300.00', '2026-03-11'),
(1372, 198, 159, '180.79', '2026-03-11'),
(1373, 198, 158, '401.97', '2026-03-11'),
(1374, 199, 165, '1363.50', '2026-03-11'),
(1375, 199, 167, '300.00', '2026-03-11'),
(1376, 199, 169, '171.50', '2026-03-11'),
(1377, 199, 168, '378.75', '2026-03-11'),
(1378, 199, 166, '1966.67', '2026-03-11'),
(1379, 200, 160, '1373.58', '2026-03-11'),
(1380, 200, 161, '300.00', '2026-03-11'),
(1381, 200, 163, '750.00', '2026-03-11'),
(1382, 200, 164, '172.62', '2026-03-11'),
(1383, 200, 162, '381.55', '2026-03-11'),
(1384, 201, 170, '1322.64', '2026-03-11'),
(1385, 201, 171, '293.92', '2026-03-11'),
(1386, 201, 173, '166.96', '2026-03-11'),
(1387, 201, 172, '367.40', '2026-03-11'),
(1388, 202, 1553, '1284.03', '2026-03-11'),
(1389, 202, 1554, '285.34', '2026-03-11'),
(1390, 202, 1555, '4550.52', '2026-03-11'),
(1391, 202, 1556, '162.67', '2026-03-11'),
(1392, 202, 1557, '450.00', '2026-03-11'),
(1393, 202, 1558, '356.67', '2026-03-11'),
(1394, 202, 1559, '655.56', '2026-03-11'),
(1395, 202, 1560, '1966.67', '2026-03-11'),
(1396, 202, 1561, '583.94', '2026-03-11'),
(1397, 202, 1562, '950.00', '2026-03-11');

-- --------------------------------------------------------

--
-- Table structure for table `payroll_entries`
--

CREATE TABLE `payroll_entries` (
  `payroll_entry_id` int(11) NOT NULL,
  `employee_id` int(11) NOT NULL,
  `employment_id` int(11) NOT NULL,
  `payroll_period_id` int(11) NOT NULL,
  `locked_period` tinyint(1) NOT NULL COMMENT '0=unlocked, 1=locked',
  `dept_id` int(11) NOT NULL,
  `locked_basic` decimal(10,2) NOT NULL,
  `gross` decimal(10,2) DEFAULT 0.00,
  `total_deductions` decimal(10,2) DEFAULT 0.00,
  `net_pay` decimal(10,2) DEFAULT 0.00,
  `status` enum('DRAFT','REVIEW','APPROVED','PAID') DEFAULT 'DRAFT' COMMENT 'Payroll workflow status - controls edit/delete permissions',
  `submitted_by` int(11) DEFAULT NULL,
  `submitted_date` datetime DEFAULT NULL,
  `approved_by` int(11) DEFAULT NULL COMMENT 'User ID who approved this payroll entry',
  `approved_date` datetime DEFAULT NULL COMMENT 'Timestamp when payroll was approved',
  `marked_paid_by` int(11) DEFAULT NULL,
  `marked_paid_date` datetime DEFAULT NULL,
  `returned_reason` longtext DEFAULT NULL,
  `locked_by` int(11) DEFAULT NULL COMMENT 'User ID who locked this payroll entry for payment',
  `locked_date` datetime DEFAULT NULL COMMENT 'Timestamp when payroll was locked',
  `edit_count` int(11) DEFAULT 0 COMMENT 'Number of times this payroll entry has been edited',
  `earnings_breakdown` longtext CHARACTER SET utf8mb4 COLLATE utf8mb4_bin DEFAULT NULL CHECK (json_valid(`earnings_breakdown`)),
  `deductions_breakdown` longtext CHARACTER SET utf8mb4 COLLATE utf8mb4_bin DEFAULT NULL CHECK (json_valid(`deductions_breakdown`)),
  `govshares_breakdown` longtext CHARACTER SET utf8mb4 COLLATE utf8mb4_bin DEFAULT NULL,
  `emp_type_stamp` enum('Regular','Casual') NOT NULL COMMENT 'These values are from the employee_employments, to separate payrolls of the two ',
  `created_at` timestamp NOT NULL DEFAULT current_timestamp(),
  `updated_at` timestamp NOT NULL DEFAULT current_timestamp() ON UPDATE current_timestamp()
) ENGINE=InnoDB DEFAULT CHARSET=utf8mb4;

--
-- Dumping data for table `payroll_entries`
--

INSERT INTO `payroll_entries` (`payroll_entry_id`, `employee_id`, `employment_id`, `payroll_period_id`, `locked_period`, `dept_id`, `locked_basic`, `gross`, `total_deductions`, `net_pay`, `status`, `submitted_by`, `submitted_date`, `approved_by`, `approved_date`, `marked_paid_by`, `marked_paid_date`, `returned_reason`, `locked_by`, `locked_date`, `edit_count`, `earnings_breakdown`, `deductions_breakdown`, `govshares_breakdown`, `emp_type_stamp`, `created_at`, `updated_at`) VALUES
(1, 46, 149, 5, 1, 7, '89749.00', '107049.00', '35330.72', '35859.14', 'APPROVED', 10, '2026-03-06 11:25:40', 10, '2026-03-06 11:28:03', NULL, NULL, NULL, NULL, NULL, 0, '[{\"config_earning_id\":\"1\",\"earning_comp_id\":\"79\",\"label\":\"Sal-Reg\",\"amount\":89749},{\"config_earning_id\":\"3\",\"earning_comp_id\":\"80\",\"label\":\"PERA\",\"amount\":2000},{\"config_earning_id\":\"4\",\"earning_comp_id\":\"81\",\"label\":\"RA\",\"amount\":7650},{\"config_earning_id\":\"5\",\"earning_comp_id\":\"82\",\"label\":\"TA\",\"amount\":7650}]', '[{\"config_deduction_id\":\"1\",\"deduct_comp_id\":\"399\",\"label\":\"W_TAX\",\"amount\":13300},{\"config_deduction_id\":\"2\",\"deduct_comp_id\":\"395\",\"label\":\"LR_INS\",\"amount\":8077.41},{\"config_deduction_id\":\"4\",\"deduct_comp_id\":\"397\",\"label\":\"PAG_PREM\",\"amount\":300},{\"config_deduction_id\":\"17\",\"deduct_comp_id\":\"400\",\"label\":\"PMG_DS\",\"amount\":1017.49},{\"config_deduction_id\":\"21\",\"deduct_comp_id\":\"398\",\"label\":\"PHIC-PREM\",\"amount\":2243.72},{\"config_deduction_id\":\"27\",\"deduct_comp_id\":\"396\",\"label\":\"GMPL\",\"amount\":10392.1}]', '[{\"govshare_id\":\"1\",\"emp_govshare_id\":\"225\",\"label\":\"L_R\",\"amount\":10769.88},{\"govshare_id\":\"5\",\"emp_govshare_id\":\"227\",\"label\":\"HDMF\",\"amount\":200},{\"govshare_id\":\"7\",\"emp_govshare_id\":\"228\",\"label\":\"PHIC\",\"amount\":2243.73},{\"govshare_id\":\"8\",\"emp_govshare_id\":\"226\",\"label\":\"ECC\",\"amount\":100}]', 'Regular', '2026-03-06 03:24:03', '2026-03-06 03:28:03'),
(2, 74, 151, 5, 1, 7, '36187.00', '38187.00', '14498.17', '11844.42', 'APPROVED', 10, '2026-03-06 11:26:01', 10, '2026-03-06 11:28:08', NULL, NULL, NULL, NULL, NULL, 0, '[{\"config_earning_id\":\"1\",\"earning_comp_id\":\"83\",\"label\":\"Sal-Reg\",\"amount\":36187},{\"config_earning_id\":\"3\",\"earning_comp_id\":\"84\",\"label\":\"PERA\",\"amount\":2000}]', '[{\"config_deduction_id\":\"1\",\"deduct_comp_id\":\"406\",\"label\":\"W_TAX\",\"amount\":1600},{\"config_deduction_id\":\"2\",\"deduct_comp_id\":\"401\",\"label\":\"LR_INS\",\"amount\":3256.83},{\"config_deduction_id\":\"4\",\"deduct_comp_id\":\"403\",\"label\":\"PAG_PREM\",\"amount\":1000},{\"config_deduction_id\":\"14\",\"deduct_comp_id\":\"407\",\"label\":\"SSS\",\"amount\":750},{\"config_deduction_id\":\"17\",\"deduct_comp_id\":\"408\",\"label\":\"PMG_DS\",\"amount\":520},{\"config_deduction_id\":\"18\",\"deduct_comp_id\":\"409\",\"label\":\"PMG_LN\",\"amount\":2500},{\"config_deduction_id\":\"21\",\"deduct_comp_id\":\"405\",\"label\":\"PHIC-PREM\",\"amount\":904.67},{\"config_deduction_id\":\"26\",\"deduct_comp_id\":\"402\",\"label\":\"COM_LN\",\"amount\":1966.67},{\"config_deduction_id\":\"31\",\"deduct_comp_id\":\"404\",\"label\":\"MP2\",\"amount\":2000}]', '[{\"govshare_id\":\"1\",\"emp_govshare_id\":\"229\",\"label\":\"L_R\",\"amount\":4342.44},{\"govshare_id\":\"5\",\"emp_govshare_id\":\"231\",\"label\":\"HDMF\",\"amount\":200},{\"govshare_id\":\"7\",\"emp_govshare_id\":\"232\",\"label\":\"PHIC\",\"amount\":904.68},{\"govshare_id\":\"8\",\"emp_govshare_id\":\"230\",\"label\":\"ECC\",\"amount\":100}]', 'Regular', '2026-03-06 03:24:03', '2026-03-06 03:28:08'),
(3, 91, 153, 5, 1, 7, '27022.00', '29022.00', '17042.34', '5989.83', 'APPROVED', 10, '2026-03-06 11:26:12', 10, '2026-03-06 11:28:14', NULL, NULL, NULL, NULL, NULL, 0, '[{\"config_earning_id\":\"1\",\"earning_comp_id\":\"85\",\"label\":\"Sal-Reg\",\"amount\":27022},{\"config_earning_id\":\"3\",\"earning_comp_id\":\"86\",\"label\":\"PERA\",\"amount\":2000}]', '[{\"config_deduction_id\":\"1\",\"deduct_comp_id\":\"840\",\"label\":\"W_TAX\",\"amount\":380},{\"config_deduction_id\":\"2\",\"deduct_comp_id\":\"841\",\"label\":\"LR_INS\",\"amount\":2431.98},{\"config_deduction_id\":\"4\",\"deduct_comp_id\":\"842\",\"label\":\"PAG_PREM\",\"amount\":300},{\"config_deduction_id\":\"5\",\"deduct_comp_id\":\"843\",\"label\":\"PAG_MPL\",\"amount\":2524.34},{\"config_deduction_id\":\"14\",\"deduct_comp_id\":\"844\",\"label\":\"SSS\",\"amount\":750},{\"config_deduction_id\":\"16\",\"deduct_comp_id\":\"845\",\"label\":\"PLREG\",\"amount\":200},{\"config_deduction_id\":\"17\",\"deduct_comp_id\":\"846\",\"label\":\"PMG_DS\",\"amount\":290.22},{\"config_deduction_id\":\"18\",\"deduct_comp_id\":\"847\",\"label\":\"PMG_LN\",\"amount\":3366.67},{\"config_deduction_id\":\"21\",\"deduct_comp_id\":\"848\",\"label\":\"PHIC-PREM\",\"amount\":675.55},{\"config_deduction_id\":\"25\",\"deduct_comp_id\":\"854\",\"label\":\"EMG_LN\",\"amount\":812.06},{\"config_deduction_id\":\"26\",\"deduct_comp_id\":\"849\",\"label\":\"COM_LN\",\"amount\":1966.67},{\"config_deduction_id\":\"27\",\"deduct_comp_id\":\"850\",\"label\":\"GMPL\",\"amount\":1257.81},{\"config_deduction_id\":\"28\",\"deduct_comp_id\":\"851\",\"label\":\"MPLTE\",\"amount\":1400},{\"config_deduction_id\":\"30\",\"deduct_comp_id\":\"852\",\"label\":\"CAL_LN\",\"amount\":187.04},{\"config_deduction_id\":\"31\",\"deduct_comp_id\":\"853\",\"label\":\"MP2\",\"amount\":500}]', '[{\"govshare_id\":\"1\",\"emp_govshare_id\":\"233\",\"label\":\"L_R\",\"amount\":3242.64},{\"govshare_id\":\"5\",\"emp_govshare_id\":\"235\",\"label\":\"HDMF\",\"amount\":200},{\"govshare_id\":\"7\",\"emp_govshare_id\":\"236\",\"label\":\"PHIC\",\"amount\":675.55},{\"govshare_id\":\"8\",\"emp_govshare_id\":\"234\",\"label\":\"ECC\",\"amount\":100}]', 'Regular', '2026-03-06 03:24:03', '2026-03-06 03:28:14'),
(4, 53, 155, 5, 1, 7, '20903.00', '22903.00', '16412.08', '3245.46', 'APPROVED', 10, '2026-03-06 11:26:20', 10, '2026-03-06 11:28:18', NULL, NULL, NULL, NULL, NULL, 0, '[{\"config_earning_id\":\"1\",\"earning_comp_id\":\"87\",\"label\":\"Sal-Reg\",\"amount\":20903},{\"config_earning_id\":\"3\",\"earning_comp_id\":\"88\",\"label\":\"PERA\",\"amount\":2000}]', '[{\"config_deduction_id\":\"2\",\"deduct_comp_id\":\"1225\",\"label\":\"LR_INS\",\"amount\":1881.27},{\"config_deduction_id\":\"4\",\"deduct_comp_id\":\"1226\",\"label\":\"PAG_PREM\",\"amount\":300},{\"config_deduction_id\":\"12\",\"deduct_comp_id\":\"1227\",\"label\":\"LBP\",\"amount\":9642.77},{\"config_deduction_id\":\"17\",\"deduct_comp_id\":\"1228\",\"label\":\"PMG_DS\",\"amount\":229.03},{\"config_deduction_id\":\"21\",\"deduct_comp_id\":\"1229\",\"label\":\"PHIC-PREM\",\"amount\":522.57},{\"config_deduction_id\":\"26\",\"deduct_comp_id\":\"1230\",\"label\":\"COM_LN\",\"amount\":1966.67},{\"config_deduction_id\":\"27\",\"deduct_comp_id\":\"1231\",\"label\":\"GMPL\",\"amount\":1369.77},{\"config_deduction_id\":\"31\",\"deduct_comp_id\":\"1232\",\"label\":\"MP2\",\"amount\":500}]', '[{\"govshare_id\":\"1\",\"emp_govshare_id\":\"237\",\"label\":\"L_R\",\"amount\":2508.36},{\"govshare_id\":\"5\",\"emp_govshare_id\":\"239\",\"label\":\"HDMF\",\"amount\":200},{\"govshare_id\":\"7\",\"emp_govshare_id\":\"240\",\"label\":\"PHIC\",\"amount\":522.58},{\"govshare_id\":\"8\",\"emp_govshare_id\":\"238\",\"label\":\"ECC\",\"amount\":100}]', 'Regular', '2026-03-06 03:24:03', '2026-03-06 03:28:18'),
(5, 99, 258, 5, 1, 7, '19303.00', '21303.00', '2732.87', '9285.07', 'APPROVED', 10, '2026-03-06 11:26:34', 10, '2026-03-06 11:28:22', NULL, NULL, NULL, NULL, NULL, 0, '[{\"config_earning_id\":\"1\",\"earning_comp_id\":\"329\",\"label\":\"Sal-Reg\",\"amount\":19303},{\"config_earning_id\":\"3\",\"earning_comp_id\":\"330\",\"label\":\"PERA\",\"amount\":2000}]', '[{\"config_deduction_id\":\"2\",\"deduct_comp_id\":\"1367\",\"label\":\"LR_INS\",\"amount\":1737.27},{\"config_deduction_id\":\"4\",\"deduct_comp_id\":\"1368\",\"label\":\"PAG_PREM\",\"amount\":300},{\"config_deduction_id\":\"17\",\"deduct_comp_id\":\"1369\",\"label\":\"PMG_DS\",\"amount\":213.03},{\"config_deduction_id\":\"21\",\"deduct_comp_id\":\"1370\",\"label\":\"PHIC-PREM\",\"amount\":482.57}]', '[{\"govshare_id\":\"1\",\"emp_govshare_id\":\"245\",\"label\":\"L_R\",\"amount\":2316.36},{\"govshare_id\":\"5\",\"emp_govshare_id\":\"247\",\"label\":\"HDMF\",\"amount\":200},{\"govshare_id\":\"7\",\"emp_govshare_id\":\"248\",\"label\":\"PHIC\",\"amount\":482.58},{\"govshare_id\":\"8\",\"emp_govshare_id\":\"246\",\"label\":\"ECC\",\"amount\":100}]', 'Regular', '2026-03-06 03:24:04', '2026-03-06 03:28:22'),
(6, 7, 278, 5, 1, 7, '19478.00', '21478.00', '5113.05', '8182.48', 'APPROVED', 10, '2026-03-06 11:26:45', 10, '2026-03-06 11:28:27', NULL, NULL, NULL, NULL, NULL, 0, '[{\"config_earning_id\":\"1\",\"earning_comp_id\":\"371\",\"label\":\"Sal-Reg\",\"amount\":19478},{\"config_earning_id\":\"3\",\"earning_comp_id\":\"372\",\"label\":\"PERA\",\"amount\":2000}]', '[{\"config_deduction_id\":\"2\",\"deduct_comp_id\":\"437\",\"label\":\"LR_INS\",\"amount\":1753.02},{\"config_deduction_id\":\"4\",\"deduct_comp_id\":\"439\",\"label\":\"PAG_PREM\",\"amount\":300},{\"config_deduction_id\":\"14\",\"deduct_comp_id\":\"441\",\"label\":\"SSS\",\"amount\":750},{\"config_deduction_id\":\"17\",\"deduct_comp_id\":\"442\",\"label\":\"PMG_DS\",\"amount\":214.78},{\"config_deduction_id\":\"21\",\"deduct_comp_id\":\"440\",\"label\":\"PHIC-PREM\",\"amount\":486.95},{\"config_deduction_id\":\"27\",\"deduct_comp_id\":\"438\",\"label\":\"GMPL\",\"amount\":1608.3}]', '[{\"govshare_id\":\"1\",\"emp_govshare_id\":\"241\",\"label\":\"L_R\",\"amount\":2337.36},{\"govshare_id\":\"5\",\"emp_govshare_id\":\"243\",\"label\":\"HDMF\",\"amount\":200},{\"govshare_id\":\"7\",\"emp_govshare_id\":\"244\",\"label\":\"PHIC\",\"amount\":486.95},{\"govshare_id\":\"8\",\"emp_govshare_id\":\"242\",\"label\":\"ECC\",\"amount\":100}]', 'Regular', '2026-03-06 03:24:04', '2026-03-06 03:28:27'),
(7, 1, 157, 5, 1, 7, '15150.00', '17150.00', '2213.75', '7468.13', 'APPROVED', 10, '2026-03-06 11:27:05', 10, '2026-03-06 11:28:35', NULL, NULL, NULL, NULL, NULL, 0, '[{\"config_earning_id\":\"1\",\"earning_comp_id\":\"91\",\"label\":\"Sal-Reg\",\"amount\":15150},{\"config_earning_id\":\"3\",\"earning_comp_id\":\"92\",\"label\":\"PERA\",\"amount\":2000}]', '[{\"config_deduction_id\":\"2\",\"deduct_comp_id\":\"1371\",\"label\":\"LR_INS\",\"amount\":1363.5},{\"config_deduction_id\":\"4\",\"deduct_comp_id\":\"1372\",\"label\":\"PAG_PREM\",\"amount\":300},{\"config_deduction_id\":\"17\",\"deduct_comp_id\":\"1373\",\"label\":\"PMG_DS\",\"amount\":171.5},{\"config_deduction_id\":\"21\",\"deduct_comp_id\":\"1374\",\"label\":\"PHIC-PREM\",\"amount\":378.75}]', '[{\"govshare_id\":\"1\",\"emp_govshare_id\":\"338\",\"label\":\"L_R\",\"amount\":1818},{\"govshare_id\":\"5\",\"emp_govshare_id\":\"339\",\"label\":\"HDMF\",\"amount\":200},{\"govshare_id\":\"7\",\"emp_govshare_id\":\"340\",\"label\":\"PHIC\",\"amount\":378.75},{\"govshare_id\":\"8\",\"emp_govshare_id\":\"337\",\"label\":\"ECC\",\"amount\":100}]', 'Regular', '2026-03-06 03:24:04', '2026-03-06 03:28:35'),
(8, 6, 177, 5, 1, 8, '91155.00', '108455.00', '63840.66', '22307.17', 'APPROVED', 10, '2026-03-06 11:32:26', 10, '2026-03-06 11:33:02', NULL, NULL, NULL, NULL, NULL, 0, '[{\"config_earning_id\":\"1\",\"earning_comp_id\":\"135\",\"label\":\"Sal-Reg\",\"amount\":91155},{\"config_earning_id\":\"3\",\"earning_comp_id\":\"136\",\"label\":\"PERA\",\"amount\":2000},{\"config_earning_id\":\"4\",\"earning_comp_id\":\"137\",\"label\":\"RA\",\"amount\":7650},{\"config_earning_id\":\"5\",\"earning_comp_id\":\"138\",\"label\":\"TA\",\"amount\":7650}]', '[{\"config_deduction_id\":\"1\",\"deduct_comp_id\":\"364\",\"label\":\"W_TAX\",\"amount\":13700},{\"config_deduction_id\":\"2\",\"deduct_comp_id\":\"355\",\"label\":\"LR_INS\",\"amount\":8203.95},{\"config_deduction_id\":\"4\",\"deduct_comp_id\":\"360\",\"label\":\"PAG_PREM\",\"amount\":1450},{\"config_deduction_id\":\"5\",\"deduct_comp_id\":\"362\",\"label\":\"PAG_MPL\",\"amount\":4547.97},{\"config_deduction_id\":\"12\",\"deduct_comp_id\":\"367\",\"label\":\"LBP\",\"amount\":12309.92},{\"config_deduction_id\":\"16\",\"deduct_comp_id\":\"358\",\"label\":\"PLREG\",\"amount\":500},{\"config_deduction_id\":\"17\",\"deduct_comp_id\":\"365\",\"label\":\"PMG_DS\",\"amount\":931.55},{\"config_deduction_id\":\"18\",\"deduct_comp_id\":\"366\",\"label\":\"PMG_LN\",\"amount\":2500},{\"config_deduction_id\":\"21\",\"deduct_comp_id\":\"363\",\"label\":\"PHIC-PREM\",\"amount\":2278.87},{\"config_deduction_id\":\"26\",\"deduct_comp_id\":\"357\",\"label\":\"COM_LN\",\"amount\":1966.67},{\"config_deduction_id\":\"27\",\"deduct_comp_id\":\"359\",\"label\":\"GMPL\",\"amount\":12118.4},{\"config_deduction_id\":\"28\",\"deduct_comp_id\":\"356\",\"label\":\"MPLTE\",\"amount\":2333.33},{\"config_deduction_id\":\"31\",\"deduct_comp_id\":\"361\",\"label\":\"MP2\",\"amount\":1000}]', '[{\"govshare_id\":\"1\",\"emp_govshare_id\":\"206\",\"label\":\"L_R\",\"amount\":10938.6},{\"govshare_id\":\"5\",\"emp_govshare_id\":\"207\",\"label\":\"HDMF\",\"amount\":200},{\"govshare_id\":\"7\",\"emp_govshare_id\":\"208\",\"label\":\"PHIC\",\"amount\":2278.88},{\"govshare_id\":\"8\",\"emp_govshare_id\":\"205\",\"label\":\"ECC\",\"amount\":100}]', 'Regular', '2026-03-06 03:30:17', '2026-03-06 03:33:02'),
(9, 31, 178, 5, 1, 8, '36187.00', '38187.00', '17799.46', '10193.77', 'APPROVED', 10, '2026-03-06 11:32:32', 10, '2026-03-06 11:33:06', NULL, NULL, NULL, NULL, NULL, 0, '[{\"config_earning_id\":\"1\",\"earning_comp_id\":\"139\",\"label\":\"Sal-Reg\",\"amount\":36187},{\"config_earning_id\":\"3\",\"earning_comp_id\":\"140\",\"label\":\"PERA\",\"amount\":2000}]', '[{\"config_deduction_id\":\"1\",\"deduct_comp_id\":\"1470\",\"label\":\"W_TAX\",\"amount\":1650},{\"config_deduction_id\":\"2\",\"deduct_comp_id\":\"1471\",\"label\":\"LR_INS\",\"amount\":3256.83},{\"config_deduction_id\":\"4\",\"deduct_comp_id\":\"1472\",\"label\":\"PAG_PREM\",\"amount\":300},{\"config_deduction_id\":\"16\",\"deduct_comp_id\":\"1473\",\"label\":\"PLREG\",\"amount\":1177},{\"config_deduction_id\":\"17\",\"deduct_comp_id\":\"1474\",\"label\":\"PMG_DS\",\"amount\":381.87},{\"config_deduction_id\":\"18\",\"deduct_comp_id\":\"1475\",\"label\":\"PMG_LN\",\"amount\":2500},{\"config_deduction_id\":\"19\",\"deduct_comp_id\":\"1476\",\"label\":\"GFAL\",\"amount\":4817.22},{\"config_deduction_id\":\"21\",\"deduct_comp_id\":\"1477\",\"label\":\"PHIC-PREM\",\"amount\":904.67},{\"config_deduction_id\":\"24\",\"deduct_comp_id\":\"1478\",\"label\":\"SAL_LN\",\"amount\":2811.87}]', '[{\"govshare_id\":\"1\",\"emp_govshare_id\":\"210\",\"label\":\"L_R\",\"amount\":4342.44},{\"govshare_id\":\"5\",\"emp_govshare_id\":\"211\",\"label\":\"HDMF\",\"amount\":200},{\"govshare_id\":\"7\",\"emp_govshare_id\":\"212\",\"label\":\"PHIC\",\"amount\":904.68},{\"govshare_id\":\"8\",\"emp_govshare_id\":\"209\",\"label\":\"ECC\",\"amount\":100}]', 'Regular', '2026-03-06 03:30:17', '2026-03-06 03:33:06'),
(10, 40, 181, 5, 1, 8, '27022.00', '29022.00', '8147.75', '10437.13', 'APPROVED', 10, '2026-03-06 11:32:38', 10, '2026-03-06 11:33:11', NULL, NULL, NULL, NULL, NULL, 0, '[{\"config_earning_id\":\"1\",\"earning_comp_id\":\"145\",\"label\":\"Sal-Reg\",\"amount\":27022},{\"config_earning_id\":\"3\",\"earning_comp_id\":\"146\",\"label\":\"PERA\",\"amount\":2000}]', '[{\"config_deduction_id\":\"1\",\"deduct_comp_id\":\"1479\",\"label\":\"W_TAX\",\"amount\":500},{\"config_deduction_id\":\"2\",\"deduct_comp_id\":\"1480\",\"label\":\"LR_INS\",\"amount\":2431.98},{\"config_deduction_id\":\"4\",\"deduct_comp_id\":\"1481\",\"label\":\"PAG_PREM\",\"amount\":500},{\"config_deduction_id\":\"14\",\"deduct_comp_id\":\"1482\",\"label\":\"SSS\",\"amount\":750},{\"config_deduction_id\":\"17\",\"deduct_comp_id\":\"1483\",\"label\":\"PMG_DS\",\"amount\":290.22},{\"config_deduction_id\":\"21\",\"deduct_comp_id\":\"1484\",\"label\":\"PHIC-PREM\",\"amount\":675.55},{\"config_deduction_id\":\"31\",\"deduct_comp_id\":\"1485\",\"label\":\"MP2\",\"amount\":3000}]', '[{\"govshare_id\":\"1\",\"emp_govshare_id\":\"214\",\"label\":\"L_R\",\"amount\":3242.64},{\"govshare_id\":\"5\",\"emp_govshare_id\":\"215\",\"label\":\"HDMF\",\"amount\":200},{\"govshare_id\":\"7\",\"emp_govshare_id\":\"216\",\"label\":\"PHIC\",\"amount\":675.55},{\"govshare_id\":\"8\",\"emp_govshare_id\":\"213\",\"label\":\"ECC\",\"amount\":100}]', 'Regular', '2026-03-06 03:30:17', '2026-03-06 03:33:11'),
(11, 56, 179, 5, 1, 8, '19478.00', '21478.00', '5254.75', '8111.63', 'APPROVED', 10, '2026-03-06 11:32:42', 10, '2026-03-06 11:33:14', NULL, NULL, NULL, NULL, NULL, 0, '[{\"config_earning_id\":\"1\",\"earning_comp_id\":\"141\",\"label\":\"Sal-Reg\",\"amount\":19478},{\"config_earning_id\":\"3\",\"earning_comp_id\":\"142\",\"label\":\"PERA\",\"amount\":2000}]', '[{\"config_deduction_id\":\"2\",\"deduct_comp_id\":\"384\",\"label\":\"LR_INS\",\"amount\":1753.02},{\"config_deduction_id\":\"4\",\"deduct_comp_id\":\"385\",\"label\":\"PAG_PREM\",\"amount\":300},{\"config_deduction_id\":\"17\",\"deduct_comp_id\":\"387\",\"label\":\"PMG_DS\",\"amount\":214.78},{\"config_deduction_id\":\"18\",\"deduct_comp_id\":\"388\",\"label\":\"PMG_LN\",\"amount\":2500},{\"config_deduction_id\":\"21\",\"deduct_comp_id\":\"386\",\"label\":\"PHIC-PREM\",\"amount\":486.95}]', '[{\"govshare_id\":\"1\",\"emp_govshare_id\":\"218\",\"label\":\"L_R\",\"amount\":2337.36},{\"govshare_id\":\"5\",\"emp_govshare_id\":\"219\",\"label\":\"HDMF\",\"amount\":200},{\"govshare_id\":\"7\",\"emp_govshare_id\":\"220\",\"label\":\"PHIC\",\"amount\":486.95},{\"govshare_id\":\"8\",\"emp_govshare_id\":\"217\",\"label\":\"ECC\",\"amount\":100}]', 'Regular', '2026-03-06 03:30:17', '2026-03-06 03:33:14'),
(12, 72, 180, 5, 1, 8, '18099.00', '20099.00', '4582.37', '7758.32', 'APPROVED', 10, '2026-03-06 11:32:47', 10, '2026-03-06 11:33:18', NULL, NULL, NULL, NULL, NULL, 0, '[{\"config_earning_id\":\"1\",\"earning_comp_id\":\"143\",\"label\":\"Sal-Reg\",\"amount\":18099},{\"config_earning_id\":\"3\",\"earning_comp_id\":\"144\",\"label\":\"PERA\",\"amount\":2000}]', '[{\"config_deduction_id\":\"2\",\"deduct_comp_id\":\"389\",\"label\":\"LR_INS\",\"amount\":1628.91},{\"config_deduction_id\":\"4\",\"deduct_comp_id\":\"390\",\"label\":\"PAG_PREM\",\"amount\":300},{\"config_deduction_id\":\"17\",\"deduct_comp_id\":\"393\",\"label\":\"PMG_DS\",\"amount\":200.99},{\"config_deduction_id\":\"18\",\"deduct_comp_id\":\"394\",\"label\":\"PMG_LN\",\"amount\":1000},{\"config_deduction_id\":\"21\",\"deduct_comp_id\":\"392\",\"label\":\"PHIC-PREM\",\"amount\":452.47},{\"config_deduction_id\":\"31\",\"deduct_comp_id\":\"391\",\"label\":\"MP2\",\"amount\":1000}]', '[{\"govshare_id\":\"1\",\"emp_govshare_id\":\"222\",\"label\":\"L_R\",\"amount\":2171.88},{\"govshare_id\":\"5\",\"emp_govshare_id\":\"223\",\"label\":\"HDMF\",\"amount\":200},{\"govshare_id\":\"7\",\"emp_govshare_id\":\"224\",\"label\":\"PHIC\",\"amount\":452.48},{\"govshare_id\":\"8\",\"emp_govshare_id\":\"221\",\"label\":\"ECC\",\"amount\":100}]', 'Regular', '2026-03-06 03:30:17', '2026-03-06 03:33:18'),
(13, 87, 256, 5, 1, 12, '89749.00', '107049.00', '30517.14', '38265.93', 'APPROVED', 10, '2026-03-06 13:11:28', 10, '2026-03-06 13:12:19', NULL, NULL, NULL, NULL, NULL, 0, '[{\"config_earning_id\":\"1\",\"earning_comp_id\":\"323\",\"label\":\"Sal-Reg\",\"amount\":89749},{\"config_earning_id\":\"3\",\"earning_comp_id\":\"324\",\"label\":\"PERA\",\"amount\":2000},{\"config_earning_id\":\"4\",\"earning_comp_id\":\"325\",\"label\":\"RA\",\"amount\":7650},{\"config_earning_id\":\"5\",\"earning_comp_id\":\"326\",\"label\":\"TA\",\"amount\":7650}]', '[{\"config_deduction_id\":\"1\",\"deduct_comp_id\":\"331\",\"label\":\"W_TAX\",\"amount\":13300},{\"config_deduction_id\":\"2\",\"deduct_comp_id\":\"327\",\"label\":\"LR_INS\",\"amount\":8077.41},{\"config_deduction_id\":\"4\",\"deduct_comp_id\":\"329\",\"label\":\"PAG_PREM\",\"amount\":300},{\"config_deduction_id\":\"14\",\"deduct_comp_id\":\"332\",\"label\":\"SSS\",\"amount\":3000},{\"config_deduction_id\":\"17\",\"deduct_comp_id\":\"333\",\"label\":\"PMG_DS\",\"amount\":917.49},{\"config_deduction_id\":\"21\",\"deduct_comp_id\":\"330\",\"label\":\"PHIC-PREM\",\"amount\":2243.72},{\"config_deduction_id\":\"24\",\"deduct_comp_id\":\"328\",\"label\":\"SAL_LN\",\"amount\":2678.52}]', '[{\"govshare_id\":\"1\",\"emp_govshare_id\":\"190\",\"label\":\"L_R\",\"amount\":10769.88},{\"govshare_id\":\"5\",\"emp_govshare_id\":\"191\",\"label\":\"HDMF\",\"amount\":200},{\"govshare_id\":\"7\",\"emp_govshare_id\":\"192\",\"label\":\"PHIC\",\"amount\":2243.73},{\"govshare_id\":\"8\",\"emp_govshare_id\":\"189\",\"label\":\"ECC\",\"amount\":100}]', 'Regular', '2026-03-06 05:10:28', '2026-03-06 05:12:19'),
(14, 29, 188, 5, 1, 12, '33974.00', '35974.00', '24622.17', '5675.92', 'APPROVED', 10, '2026-03-06 13:11:45', 10, '2026-03-06 13:17:04', NULL, NULL, NULL, NULL, NULL, 0, '[{\"config_earning_id\":\"1\",\"earning_comp_id\":\"163\",\"label\":\"Sal-Reg\",\"amount\":33974},{\"config_earning_id\":\"3\",\"earning_comp_id\":\"164\",\"label\":\"PERA\",\"amount\":2000}]', '[{\"config_deduction_id\":\"1\",\"deduct_comp_id\":\"1394\",\"label\":\"W_TAX\",\"amount\":1300},{\"config_deduction_id\":\"2\",\"deduct_comp_id\":\"1395\",\"label\":\"LR_INS\",\"amount\":3057.66},{\"config_deduction_id\":\"4\",\"deduct_comp_id\":\"1396\",\"label\":\"PAG_PREM\",\"amount\":1300},{\"config_deduction_id\":\"14\",\"deduct_comp_id\":\"1397\",\"label\":\"SSS\",\"amount\":750},{\"config_deduction_id\":\"16\",\"deduct_comp_id\":\"1398\",\"label\":\"PLREG\",\"amount\":100},{\"config_deduction_id\":\"17\",\"deduct_comp_id\":\"1399\",\"label\":\"PMG_DS\",\"amount\":359.74},{\"config_deduction_id\":\"18\",\"deduct_comp_id\":\"1404\",\"label\":\"PMG_LN\",\"amount\":1000},{\"config_deduction_id\":\"19\",\"deduct_comp_id\":\"1400\",\"label\":\"GFAL\",\"amount\":9634.44},{\"config_deduction_id\":\"21\",\"deduct_comp_id\":\"1401\",\"label\":\"PHIC-PREM\",\"amount\":849.35},{\"config_deduction_id\":\"26\",\"deduct_comp_id\":\"1402\",\"label\":\"COM_LN\",\"amount\":1966.67},{\"config_deduction_id\":\"27\",\"deduct_comp_id\":\"1403\",\"label\":\"GMPL\",\"amount\":4304.31}]', '[{\"govshare_id\":\"1\",\"emp_govshare_id\":\"194\",\"label\":\"L_R\",\"amount\":4076.88},{\"govshare_id\":\"5\",\"emp_govshare_id\":\"195\",\"label\":\"HDMF\",\"amount\":200},{\"govshare_id\":\"7\",\"emp_govshare_id\":\"196\",\"label\":\"PHIC\",\"amount\":849.35},{\"govshare_id\":\"8\",\"emp_govshare_id\":\"193\",\"label\":\"ECC\",\"amount\":100}]', 'Regular', '2026-03-06 05:10:28', '2026-03-06 05:17:04'),
(15, 42, 190, 5, 1, 12, '19303.00', '21303.00', '6949.54', '7176.73', 'APPROVED', 10, '2026-03-06 13:11:52', 10, '2026-03-06 13:17:04', NULL, NULL, NULL, NULL, NULL, 0, '[{\"config_earning_id\":\"1\",\"earning_comp_id\":\"167\",\"label\":\"Sal-Reg\",\"amount\":19303},{\"config_earning_id\":\"3\",\"earning_comp_id\":\"168\",\"label\":\"PERA\",\"amount\":2000}]', '[{\"config_deduction_id\":\"2\",\"deduct_comp_id\":\"1440\",\"label\":\"LR_INS\",\"amount\":1737.27},{\"config_deduction_id\":\"4\",\"deduct_comp_id\":\"1447\",\"label\":\"PAG_PREM\",\"amount\":300},{\"config_deduction_id\":\"14\",\"deduct_comp_id\":\"1441\",\"label\":\"SSS\",\"amount\":750},{\"config_deduction_id\":\"17\",\"deduct_comp_id\":\"1442\",\"label\":\"PMG_DS\",\"amount\":213.03},{\"config_deduction_id\":\"18\",\"deduct_comp_id\":\"1443\",\"label\":\"PMG_LN\",\"amount\":1000},{\"config_deduction_id\":\"21\",\"deduct_comp_id\":\"1444\",\"label\":\"PHIC-PREM\",\"amount\":482.57},{\"config_deduction_id\":\"26\",\"deduct_comp_id\":\"1445\",\"label\":\"COM_LN\",\"amount\":1966.67},{\"config_deduction_id\":\"31\",\"deduct_comp_id\":\"1446\",\"label\":\"MP2\",\"amount\":500}]', '[{\"govshare_id\":\"1\",\"emp_govshare_id\":\"198\",\"label\":\"L_R\",\"amount\":2316.36},{\"govshare_id\":\"5\",\"emp_govshare_id\":\"199\",\"label\":\"HDMF\",\"amount\":200},{\"govshare_id\":\"7\",\"emp_govshare_id\":\"200\",\"label\":\"PHIC\",\"amount\":482.58},{\"govshare_id\":\"8\",\"emp_govshare_id\":\"197\",\"label\":\"ECC\",\"amount\":100}]', 'Regular', '2026-03-06 05:10:28', '2026-03-06 05:17:04'),
(16, 134, 189, 5, 1, 12, '15150.00', '17150.00', '3963.75', '6593.13', 'APPROVED', 10, '2026-03-06 13:12:11', 10, '2026-03-06 13:17:04', NULL, NULL, NULL, NULL, NULL, 0, '[{\"config_earning_id\":\"1\",\"earning_comp_id\":\"165\",\"label\":\"Sal-Reg\",\"amount\":15150},{\"config_earning_id\":\"3\",\"earning_comp_id\":\"166\",\"label\":\"PERA\",\"amount\":2000}]', '[{\"config_deduction_id\":\"2\",\"deduct_comp_id\":\"1448\",\"label\":\"LR_INS\",\"amount\":1363.5},{\"config_deduction_id\":\"4\",\"deduct_comp_id\":\"1452\",\"label\":\"PAG_PREM\",\"amount\":300},{\"config_deduction_id\":\"14\",\"deduct_comp_id\":\"1449\",\"label\":\"SSS\",\"amount\":750},{\"config_deduction_id\":\"17\",\"deduct_comp_id\":\"1450\",\"label\":\"PMG_DS\",\"amount\":171.5},{\"config_deduction_id\":\"21\",\"deduct_comp_id\":\"1451\",\"label\":\"PHIC-PREM\",\"amount\":378.75},{\"config_deduction_id\":\"31\",\"deduct_comp_id\":\"1453\",\"label\":\"MP2\",\"amount\":1000}]', '[{\"govshare_id\":\"1\",\"emp_govshare_id\":\"202\",\"label\":\"L_R\",\"amount\":1818},{\"govshare_id\":\"5\",\"emp_govshare_id\":\"203\",\"label\":\"HDMF\",\"amount\":200},{\"govshare_id\":\"7\",\"emp_govshare_id\":\"204\",\"label\":\"PHIC\",\"amount\":378.75},{\"govshare_id\":\"8\",\"emp_govshare_id\":\"201\",\"label\":\"ECC\",\"amount\":100}]', 'Regular', '2026-03-06 05:10:28', '2026-03-06 05:17:04'),
(17, 55, 182, 5, 1, 9, '98488.00', '115788.00', '76186.94', '19800.53', 'APPROVED', 10, '2026-03-06 14:33:36', 10, '2026-03-06 14:34:15', NULL, NULL, NULL, NULL, NULL, 0, '[{\"config_earning_id\":\"1\",\"earning_comp_id\":\"147\",\"label\":\"Sal-Reg\",\"amount\":98488},{\"config_earning_id\":\"3\",\"earning_comp_id\":\"148\",\"label\":\"PERA\",\"amount\":2000},{\"config_earning_id\":\"4\",\"earning_comp_id\":\"149\",\"label\":\"RA\",\"amount\":7650},{\"config_earning_id\":\"5\",\"earning_comp_id\":\"150\",\"label\":\"TA\",\"amount\":7650}]', '[{\"config_deduction_id\":\"1\",\"deduct_comp_id\":\"1491\",\"label\":\"W_TAX\",\"amount\":15850},{\"config_deduction_id\":\"2\",\"deduct_comp_id\":\"1492\",\"label\":\"LR_INS\",\"amount\":8863.92},{\"config_deduction_id\":\"4\",\"deduct_comp_id\":\"1493\",\"label\":\"PAG_PREM\",\"amount\":300},{\"config_deduction_id\":\"5\",\"deduct_comp_id\":\"1494\",\"label\":\"PAG_MPL\",\"amount\":9718.25},{\"config_deduction_id\":\"16\",\"deduct_comp_id\":\"1495\",\"label\":\"PLREG\",\"amount\":3000},{\"config_deduction_id\":\"18\",\"deduct_comp_id\":\"1496\",\"label\":\"PMG_LN\",\"amount\":2921.55},{\"config_deduction_id\":\"21\",\"deduct_comp_id\":\"1497\",\"label\":\"PHIC-PREM\",\"amount\":2462.2},{\"config_deduction_id\":\"25\",\"deduct_comp_id\":\"1498\",\"label\":\"EMG_LN\",\"amount\":655.56},{\"config_deduction_id\":\"26\",\"deduct_comp_id\":\"1499\",\"label\":\"COM_LN\",\"amount\":1966.67},{\"config_deduction_id\":\"27\",\"deduct_comp_id\":\"1500\",\"label\":\"GMPL\",\"amount\":25995.41},{\"config_deduction_id\":\"28\",\"deduct_comp_id\":\"1501\",\"label\":\"MPLTE\",\"amount\":2650},{\"config_deduction_id\":\"30\",\"deduct_comp_id\":\"1502\",\"label\":\"CAL_LN\",\"amount\":1803.38}]', '[{\"govshare_id\":\"1\",\"emp_govshare_id\":\"170\",\"label\":\"L_R\",\"amount\":11818.56},{\"govshare_id\":\"5\",\"emp_govshare_id\":\"171\",\"label\":\"HDMF\",\"amount\":200},{\"govshare_id\":\"7\",\"emp_govshare_id\":\"172\",\"label\":\"PHIC\",\"amount\":2462.2},{\"govshare_id\":\"8\",\"emp_govshare_id\":\"169\",\"label\":\"ECC\",\"amount\":100}]', 'Regular', '2026-03-06 06:30:05', '2026-03-06 06:34:15'),
(18, 19, 183, 5, 1, 9, '36544.00', '38544.00', '16110.50', '11216.75', 'APPROVED', 10, '2026-03-06 14:33:43', 10, '2026-03-06 14:34:15', NULL, NULL, NULL, NULL, NULL, 0, '[{\"config_earning_id\":\"1\",\"earning_comp_id\":\"151\",\"label\":\"Sal-Reg\",\"amount\":36544},{\"config_earning_id\":\"3\",\"earning_comp_id\":\"152\",\"label\":\"PERA\",\"amount\":2000}]', '[{\"config_deduction_id\":\"1\",\"deduct_comp_id\":\"303\",\"label\":\"W_TAX\",\"amount\":1650},{\"config_deduction_id\":\"2\",\"deduct_comp_id\":\"298\",\"label\":\"LR_INS\",\"amount\":3288.96},{\"config_deduction_id\":\"4\",\"deduct_comp_id\":\"300\",\"label\":\"PAG_PREM\",\"amount\":800},{\"config_deduction_id\":\"14\",\"deduct_comp_id\":\"304\",\"label\":\"SSS\",\"amount\":750},{\"config_deduction_id\":\"17\",\"deduct_comp_id\":\"305\",\"label\":\"PMG_DS\",\"amount\":385.44},{\"config_deduction_id\":\"19\",\"deduct_comp_id\":\"299\",\"label\":\"GFAL\",\"amount\":5973.36},{\"config_deduction_id\":\"21\",\"deduct_comp_id\":\"302\",\"label\":\"PHIC-PREM\",\"amount\":913.6},{\"config_deduction_id\":\"30\",\"deduct_comp_id\":\"301\",\"label\":\"CAL_LN\",\"amount\":2349.14}]', '[{\"govshare_id\":\"1\",\"emp_govshare_id\":\"174\",\"label\":\"L_R\",\"amount\":4385.28},{\"govshare_id\":\"5\",\"emp_govshare_id\":\"175\",\"label\":\"HDMF\",\"amount\":200},{\"govshare_id\":\"7\",\"emp_govshare_id\":\"176\",\"label\":\"PHIC\",\"amount\":913.6},{\"govshare_id\":\"8\",\"emp_govshare_id\":\"173\",\"label\":\"ECC\",\"amount\":100}]', 'Regular', '2026-03-06 06:30:05', '2026-03-06 06:34:15'),
(19, 32, 184, 5, 1, 9, '36544.00', '38544.00', '11702.29', '13420.86', 'APPROVED', 10, '2026-03-06 14:33:48', 10, '2026-03-06 14:34:15', NULL, NULL, NULL, NULL, NULL, 0, '[{\"config_earning_id\":\"1\",\"earning_comp_id\":\"153\",\"label\":\"Sal-Reg\",\"amount\":36544},{\"config_earning_id\":\"3\",\"earning_comp_id\":\"154\",\"label\":\"PERA\",\"amount\":2000}]', '[{\"config_deduction_id\":\"1\",\"deduct_comp_id\":\"311\",\"label\":\"W_TAX\",\"amount\":1650},{\"config_deduction_id\":\"2\",\"deduct_comp_id\":\"306\",\"label\":\"LR_INS\",\"amount\":3288.96},{\"config_deduction_id\":\"4\",\"deduct_comp_id\":\"309\",\"label\":\"PAG_PREM\",\"amount\":300},{\"config_deduction_id\":\"14\",\"deduct_comp_id\":\"312\",\"label\":\"SSS\",\"amount\":750},{\"config_deduction_id\":\"17\",\"deduct_comp_id\":\"313\",\"label\":\"PMG_DS\",\"amount\":385.44},{\"config_deduction_id\":\"18\",\"deduct_comp_id\":\"314\",\"label\":\"PMG_LN\",\"amount\":1916.67},{\"config_deduction_id\":\"21\",\"deduct_comp_id\":\"310\",\"label\":\"PHIC-PREM\",\"amount\":913.6},{\"config_deduction_id\":\"25\",\"deduct_comp_id\":\"307\",\"label\":\"EMG_LN\",\"amount\":655.56},{\"config_deduction_id\":\"27\",\"deduct_comp_id\":\"308\",\"label\":\"GMPL\",\"amount\":1842.06}]', '[{\"govshare_id\":\"1\",\"emp_govshare_id\":\"178\",\"label\":\"L_R\",\"amount\":4385.28},{\"govshare_id\":\"5\",\"emp_govshare_id\":\"179\",\"label\":\"HDMF\",\"amount\":200},{\"govshare_id\":\"7\",\"emp_govshare_id\":\"180\",\"label\":\"PHIC\",\"amount\":913.6},{\"govshare_id\":\"8\",\"emp_govshare_id\":\"177\",\"label\":\"ECC\",\"amount\":100}]', 'Regular', '2026-03-06 06:30:05', '2026-03-06 06:34:15'),
(20, 39, 185, 5, 1, 9, '20903.00', '22903.00', '14060.43', '4421.29', 'APPROVED', 10, '2026-03-06 14:33:54', 10, '2026-03-06 14:34:15', NULL, NULL, NULL, NULL, NULL, 0, '[{\"config_earning_id\":\"1\",\"earning_comp_id\":\"155\",\"label\":\"Sal-Reg\",\"amount\":20903},{\"config_earning_id\":\"3\",\"earning_comp_id\":\"156\",\"label\":\"PERA\",\"amount\":2000}]', '[{\"config_deduction_id\":\"2\",\"deduct_comp_id\":\"315\",\"label\":\"LR_INS\",\"amount\":1881.27},{\"config_deduction_id\":\"4\",\"deduct_comp_id\":\"316\",\"label\":\"PAG_PREM\",\"amount\":800},{\"config_deduction_id\":\"12\",\"deduct_comp_id\":\"319\",\"label\":\"LBP\",\"amount\":10627.56},{\"config_deduction_id\":\"17\",\"deduct_comp_id\":\"318\",\"label\":\"PMG_DS\",\"amount\":229.03},{\"config_deduction_id\":\"21\",\"deduct_comp_id\":\"317\",\"label\":\"PHIC-PREM\",\"amount\":522.57}]', '[{\"govshare_id\":\"1\",\"emp_govshare_id\":\"182\",\"label\":\"L_R\",\"amount\":2508.36},{\"govshare_id\":\"5\",\"emp_govshare_id\":\"183\",\"label\":\"HDMF\",\"amount\":200},{\"govshare_id\":\"7\",\"emp_govshare_id\":\"184\",\"label\":\"PHIC\",\"amount\":522.58},{\"govshare_id\":\"8\",\"emp_govshare_id\":\"181\",\"label\":\"ECC\",\"amount\":100}]', 'Regular', '2026-03-06 06:30:05', '2026-03-06 06:34:15'),
(21, 13, 186, 5, 1, 9, '19303.00', '21303.00', '15500.12', '2901.44', 'APPROVED', 10, '2026-03-06 14:33:58', 10, '2026-03-06 14:34:15', NULL, NULL, NULL, NULL, NULL, 0, '[{\"config_earning_id\":\"1\",\"earning_comp_id\":\"157\",\"label\":\"Sal-Reg\",\"amount\":19303},{\"config_earning_id\":\"3\",\"earning_comp_id\":\"158\",\"label\":\"PERA\",\"amount\":2000}]', '[{\"config_deduction_id\":\"2\",\"deduct_comp_id\":\"320\",\"label\":\"LR_INS\",\"amount\":1737.27},{\"config_deduction_id\":\"4\",\"deduct_comp_id\":\"323\",\"label\":\"PAG_PREM\",\"amount\":300},{\"config_deduction_id\":\"12\",\"deduct_comp_id\":\"326\",\"label\":\"LBP\",\"amount\":9847.94},{\"config_deduction_id\":\"17\",\"deduct_comp_id\":\"325\",\"label\":\"PMG_DS\",\"amount\":213.03},{\"config_deduction_id\":\"21\",\"deduct_comp_id\":\"324\",\"label\":\"PHIC-PREM\",\"amount\":482.57},{\"config_deduction_id\":\"26\",\"deduct_comp_id\":\"322\",\"label\":\"COM_LN\",\"amount\":1966.67},{\"config_deduction_id\":\"27\",\"deduct_comp_id\":\"321\",\"label\":\"GMPL\",\"amount\":952.64}]', '[{\"govshare_id\":\"1\",\"emp_govshare_id\":\"186\",\"label\":\"L_R\",\"amount\":2316.36},{\"govshare_id\":\"5\",\"emp_govshare_id\":\"187\",\"label\":\"HDMF\",\"amount\":200},{\"govshare_id\":\"7\",\"emp_govshare_id\":\"188\",\"label\":\"PHIC\",\"amount\":482.58},{\"govshare_id\":\"8\",\"emp_govshare_id\":\"185\",\"label\":\"ECC\",\"amount\":100}]', 'Regular', '2026-03-06 06:30:05', '2026-03-06 06:34:15'),
(28, 70, 223, 5, 1, 2, '100554.00', '119654.00', '28249.86', '45702.07', 'APPROVED', 10, '2026-03-06 15:20:19', 10, '2026-03-06 15:20:44', NULL, NULL, NULL, NULL, NULL, 0, '[{\"config_earning_id\":\"1\",\"earning_comp_id\":\"319\",\"label\":\"Sal-Reg\",\"amount\":100554},{\"config_earning_id\":\"3\",\"earning_comp_id\":\"320\",\"label\":\"PERA\",\"amount\":2000},{\"config_earning_id\":\"4\",\"earning_comp_id\":\"321\",\"label\":\"RA\",\"amount\":8550},{\"config_earning_id\":\"5\",\"earning_comp_id\":\"322\",\"label\":\"TA\",\"amount\":8550}]', '[{\"config_deduction_id\":\"1\",\"deduct_comp_id\":\"186\",\"label\":\"W_TAX\",\"amount\":16400},{\"config_deduction_id\":\"2\",\"deduct_comp_id\":\"183\",\"label\":\"LR_INS\",\"amount\":9049.86},{\"config_deduction_id\":\"4\",\"deduct_comp_id\":\"184\",\"label\":\"PAG_PREM\",\"amount\":300},{\"config_deduction_id\":\"21\",\"deduct_comp_id\":\"185\",\"label\":\"PHIC-PREM\",\"amount\":2500}]', '[{\"govshare_id\":\"1\",\"emp_govshare_id\":\"101\",\"label\":\"L_R\",\"amount\":12066.48},{\"govshare_id\":\"5\",\"emp_govshare_id\":\"103\",\"label\":\"HDMF\",\"amount\":200},{\"govshare_id\":\"7\",\"emp_govshare_id\":\"104\",\"label\":\"PHIC\",\"amount\":2500},{\"govshare_id\":\"8\",\"emp_govshare_id\":\"102\",\"label\":\"ECC\",\"amount\":100}]', 'Regular', '2026-03-06 07:19:42', '2026-03-06 07:20:44'),
(29, 128, 224, 5, 1, 2, '15150.00', '17150.00', '2213.75', '7468.13', 'APPROVED', 10, '2026-03-06 15:20:29', 10, '2026-03-06 15:20:44', NULL, NULL, NULL, NULL, NULL, 0, '[{\"config_earning_id\":\"1\",\"earning_comp_id\":\"260\",\"label\":\"Sal-Reg\",\"amount\":15150},{\"config_earning_id\":\"3\",\"earning_comp_id\":\"261\",\"label\":\"PERA\",\"amount\":2000}]', '[{\"config_deduction_id\":\"2\",\"deduct_comp_id\":\"1436\",\"label\":\"LR_INS\",\"amount\":1363.5},{\"config_deduction_id\":\"4\",\"deduct_comp_id\":\"1437\",\"label\":\"PAG_PREM\",\"amount\":300},{\"config_deduction_id\":\"17\",\"deduct_comp_id\":\"1439\",\"label\":\"PMG_DS\",\"amount\":171.5},{\"config_deduction_id\":\"21\",\"deduct_comp_id\":\"1438\",\"label\":\"PHIC-PREM\",\"amount\":378.75}]', '[{\"govshare_id\":\"1\",\"emp_govshare_id\":\"105\",\"label\":\"L_R\",\"amount\":1818},{\"govshare_id\":\"5\",\"emp_govshare_id\":\"107\",\"label\":\"HDMF\",\"amount\":200},{\"govshare_id\":\"7\",\"emp_govshare_id\":\"108\",\"label\":\"PHIC\",\"amount\":378.75},{\"govshare_id\":\"8\",\"emp_govshare_id\":\"106\",\"label\":\"ECC\",\"amount\":100}]', 'Regular', '2026-03-06 07:19:42', '2026-03-06 07:20:44'),
(30, 123, 219, 5, 1, 3, '88367.00', '105667.00', '23662.20', '41002.40', 'APPROVED', 10, '2026-03-06 15:40:58', 10, '2026-03-06 15:42:00', NULL, NULL, NULL, NULL, NULL, 0, '[{\"config_earning_id\":\"1\",\"earning_comp_id\":\"240\",\"label\":\"Sal-Reg\",\"amount\":88367},{\"config_earning_id\":\"3\",\"earning_comp_id\":\"241\",\"label\":\"PERA\",\"amount\":2000},{\"config_earning_id\":\"4\",\"earning_comp_id\":\"242\",\"label\":\"RA\",\"amount\":7650},{\"config_earning_id\":\"5\",\"earning_comp_id\":\"243\",\"label\":\"TA\",\"amount\":7650}]', '[{\"config_deduction_id\":\"1\",\"deduct_comp_id\":\"213\",\"label\":\"W_TAX\",\"amount\":13200},{\"config_deduction_id\":\"2\",\"deduct_comp_id\":\"210\",\"label\":\"LR_INS\",\"amount\":7953.03},{\"config_deduction_id\":\"4\",\"deduct_comp_id\":\"211\",\"label\":\"PAG_PREM\",\"amount\":300},{\"config_deduction_id\":\"21\",\"deduct_comp_id\":\"212\",\"label\":\"PHIC-PREM\",\"amount\":2209.17}]', '[{\"govshare_id\":\"1\",\"emp_govshare_id\":\"130\",\"label\":\"L_R\",\"amount\":10604.04},{\"govshare_id\":\"5\",\"emp_govshare_id\":\"131\",\"label\":\"HDMF\",\"amount\":200},{\"govshare_id\":\"7\",\"emp_govshare_id\":\"132\",\"label\":\"PHIC\",\"amount\":2209.18},{\"govshare_id\":\"8\",\"emp_govshare_id\":\"129\",\"label\":\"ECC\",\"amount\":100}]', 'Regular', '2026-03-06 07:38:32', '2026-03-06 07:42:00'),
(31, 119, 220, 5, 1, 3, '88367.00', '105667.00', '17459.17', '44103.92', 'APPROVED', 10, '2026-03-06 15:41:03', 10, '2026-03-06 15:42:00', NULL, NULL, NULL, NULL, NULL, 0, '[{\"config_earning_id\":\"1\",\"earning_comp_id\":\"244\",\"label\":\"Sal-Reg\",\"amount\":88367},{\"config_earning_id\":\"3\",\"earning_comp_id\":\"245\",\"label\":\"PERA\",\"amount\":2000},{\"config_earning_id\":\"4\",\"earning_comp_id\":\"246\",\"label\":\"RA\",\"amount\":7650},{\"config_earning_id\":\"5\",\"earning_comp_id\":\"247\",\"label\":\"TA\",\"amount\":7650}]', '[{\"config_deduction_id\":\"1\",\"deduct_comp_id\":\"215\",\"label\":\"W_TAX\",\"amount\":15250},{\"config_deduction_id\":\"21\",\"deduct_comp_id\":\"214\",\"label\":\"PHIC-PREM\",\"amount\":2209.17}]', '[{\"govshare_id\":\"1\",\"emp_govshare_id\":\"134\",\"label\":\"L_R\",\"amount\":0},{\"govshare_id\":\"5\",\"emp_govshare_id\":\"135\",\"label\":\"HDMF\",\"amount\":0},{\"govshare_id\":\"7\",\"emp_govshare_id\":\"136\",\"label\":\"PHIC\",\"amount\":2209.18},{\"govshare_id\":\"8\",\"emp_govshare_id\":\"133\",\"label\":\"ECC\",\"amount\":0}]', 'Regular', '2026-03-06 07:38:32', '2026-03-06 07:42:00'),
(32, 62, 214, 5, 1, 3, '91155.00', '108455.00', '24682.82', '41886.09', 'APPROVED', 10, '2026-03-06 15:41:09', 10, '2026-03-06 15:42:00', NULL, NULL, NULL, NULL, NULL, 0, '[{\"config_earning_id\":\"1\",\"earning_comp_id\":\"216\",\"label\":\"Sal-Reg\",\"amount\":91155},{\"config_earning_id\":\"3\",\"earning_comp_id\":\"217\",\"label\":\"PERA\",\"amount\":2000},{\"config_earning_id\":\"4\",\"earning_comp_id\":\"218\",\"label\":\"RA\",\"amount\":7650},{\"config_earning_id\":\"5\",\"earning_comp_id\":\"219\",\"label\":\"TA\",\"amount\":7650}]', '[{\"config_deduction_id\":\"1\",\"deduct_comp_id\":\"193\",\"label\":\"W_TAX\",\"amount\":13900},{\"config_deduction_id\":\"2\",\"deduct_comp_id\":\"190\",\"label\":\"LR_INS\",\"amount\":8203.95},{\"config_deduction_id\":\"4\",\"deduct_comp_id\":\"191\",\"label\":\"PAG_PREM\",\"amount\":300},{\"config_deduction_id\":\"21\",\"deduct_comp_id\":\"192\",\"label\":\"PHIC-PREM\",\"amount\":2278.87}]', '[{\"govshare_id\":\"1\",\"emp_govshare_id\":\"109\",\"label\":\"L_R\",\"amount\":10938.6},{\"govshare_id\":\"5\",\"emp_govshare_id\":\"111\",\"label\":\"HDMF\",\"amount\":200},{\"govshare_id\":\"7\",\"emp_govshare_id\":\"112\",\"label\":\"PHIC\",\"amount\":2278.88},{\"govshare_id\":\"8\",\"emp_govshare_id\":\"110\",\"label\":\"ECC\",\"amount\":100}]', 'Regular', '2026-03-06 07:38:32', '2026-03-06 07:42:00'),
(33, 122, 221, 5, 1, 3, '88367.00', '105667.00', '17459.17', '44103.92', 'APPROVED', 10, '2026-03-06 15:41:14', 10, '2026-03-06 15:42:00', NULL, NULL, NULL, NULL, NULL, 0, '[{\"config_earning_id\":\"1\",\"earning_comp_id\":\"248\",\"label\":\"Sal-Reg\",\"amount\":88367},{\"config_earning_id\":\"3\",\"earning_comp_id\":\"249\",\"label\":\"PERA\",\"amount\":2000},{\"config_earning_id\":\"4\",\"earning_comp_id\":\"250\",\"label\":\"RA\",\"amount\":7650},{\"config_earning_id\":\"5\",\"earning_comp_id\":\"251\",\"label\":\"TA\",\"amount\":7650}]', '[{\"config_deduction_id\":\"1\",\"deduct_comp_id\":\"217\",\"label\":\"W_TAX\",\"amount\":15250},{\"config_deduction_id\":\"21\",\"deduct_comp_id\":\"216\",\"label\":\"PHIC-PREM\",\"amount\":2209.17}]', '[{\"govshare_id\":\"1\",\"emp_govshare_id\":\"138\",\"label\":\"L_R\",\"amount\":0},{\"govshare_id\":\"5\",\"emp_govshare_id\":\"139\",\"label\":\"HDMF\",\"amount\":0},{\"govshare_id\":\"7\",\"emp_govshare_id\":\"140\",\"label\":\"PHIC\",\"amount\":2209.18},{\"govshare_id\":\"8\",\"emp_govshare_id\":\"137\",\"label\":\"ECC\",\"amount\":0}]', 'Regular', '2026-03-06 07:38:32', '2026-03-06 07:42:00'),
(34, 130, 215, 5, 1, 3, '88367.00', '105667.00', '23662.20', '41002.40', 'APPROVED', 10, '2026-03-06 15:41:18', 10, '2026-03-06 15:42:00', NULL, NULL, NULL, NULL, NULL, 0, '[{\"config_earning_id\":\"1\",\"earning_comp_id\":\"222\",\"label\":\"Sal-Reg\",\"amount\":88367},{\"config_earning_id\":\"3\",\"earning_comp_id\":\"223\",\"label\":\"PERA\",\"amount\":2000},{\"config_earning_id\":\"4\",\"earning_comp_id\":\"224\",\"label\":\"RA\",\"amount\":7650},{\"config_earning_id\":\"5\",\"earning_comp_id\":\"225\",\"label\":\"TA\",\"amount\":7650}]', '[{\"config_deduction_id\":\"1\",\"deduct_comp_id\":\"197\",\"label\":\"W_TAX\",\"amount\":13200},{\"config_deduction_id\":\"2\",\"deduct_comp_id\":\"194\",\"label\":\"LR_INS\",\"amount\":7953.03},{\"config_deduction_id\":\"4\",\"deduct_comp_id\":\"195\",\"label\":\"PAG_PREM\",\"amount\":300},{\"config_deduction_id\":\"21\",\"deduct_comp_id\":\"196\",\"label\":\"PHIC-PREM\",\"amount\":2209.17}]', '[{\"govshare_id\":\"1\",\"emp_govshare_id\":\"114\",\"label\":\"L_R\",\"amount\":10604.04},{\"govshare_id\":\"5\",\"emp_govshare_id\":\"115\",\"label\":\"HDMF\",\"amount\":200},{\"govshare_id\":\"7\",\"emp_govshare_id\":\"116\",\"label\":\"PHIC\",\"amount\":2209.18},{\"govshare_id\":\"8\",\"emp_govshare_id\":\"113\",\"label\":\"ECC\",\"amount\":100}]', 'Regular', '2026-03-06 07:38:32', '2026-03-06 07:42:00'),
(35, 118, 222, 5, 1, 3, '88367.00', '105667.00', '17459.17', '44103.92', 'APPROVED', 10, '2026-03-06 15:41:23', 10, '2026-03-06 15:42:00', NULL, NULL, NULL, NULL, NULL, 0, '[{\"config_earning_id\":\"1\",\"earning_comp_id\":\"252\",\"label\":\"Sal-Reg\",\"amount\":88367},{\"config_earning_id\":\"3\",\"earning_comp_id\":\"253\",\"label\":\"PERA\",\"amount\":2000},{\"config_earning_id\":\"4\",\"earning_comp_id\":\"254\",\"label\":\"RA\",\"amount\":7650},{\"config_earning_id\":\"5\",\"earning_comp_id\":\"255\",\"label\":\"TA\",\"amount\":7650}]', '[{\"config_deduction_id\":\"1\",\"deduct_comp_id\":\"219\",\"label\":\"W_TAX\",\"amount\":15250},{\"config_deduction_id\":\"21\",\"deduct_comp_id\":\"218\",\"label\":\"PHIC-PREM\",\"amount\":2209.17}]', '[{\"govshare_id\":\"1\",\"emp_govshare_id\":\"142\",\"label\":\"L_R\",\"amount\":0},{\"govshare_id\":\"5\",\"emp_govshare_id\":\"143\",\"label\":\"HDMF\",\"amount\":0},{\"govshare_id\":\"7\",\"emp_govshare_id\":\"144\",\"label\":\"PHIC\",\"amount\":2209.18},{\"govshare_id\":\"8\",\"emp_govshare_id\":\"141\",\"label\":\"ECC\",\"amount\":0}]', 'Regular', '2026-03-06 07:38:32', '2026-03-06 07:42:00'),
(36, 129, 216, 5, 1, 3, '88367.00', '105667.00', '88716.35', '8475.33', 'APPROVED', 10, '2026-03-06 15:41:28', 10, '2026-03-06 15:42:00', NULL, NULL, NULL, NULL, NULL, 0, '[{\"config_earning_id\":\"1\",\"earning_comp_id\":\"226\",\"label\":\"Sal-Reg\",\"amount\":88367},{\"config_earning_id\":\"3\",\"earning_comp_id\":\"227\",\"label\":\"PERA\",\"amount\":2000},{\"config_earning_id\":\"4\",\"earning_comp_id\":\"228\",\"label\":\"RA\",\"amount\":7650},{\"config_earning_id\":\"5\",\"earning_comp_id\":\"229\",\"label\":\"TA\",\"amount\":7650}]', '[{\"config_deduction_id\":\"1\",\"deduct_comp_id\":\"201\",\"label\":\"W_TAX\",\"amount\":13200},{\"config_deduction_id\":\"2\",\"deduct_comp_id\":\"198\",\"label\":\"LR_INS\",\"amount\":7953.03},{\"config_deduction_id\":\"4\",\"deduct_comp_id\":\"199\",\"label\":\"PAG_PREM\",\"amount\":300},{\"config_deduction_id\":\"12\",\"deduct_comp_id\":\"202\",\"label\":\"LBP\",\"amount\":65054.15},{\"config_deduction_id\":\"21\",\"deduct_comp_id\":\"200\",\"label\":\"PHIC-PREM\",\"amount\":2209.17}]', '[{\"govshare_id\":\"1\",\"emp_govshare_id\":\"118\",\"label\":\"L_R\",\"amount\":10604.04},{\"govshare_id\":\"5\",\"emp_govshare_id\":\"119\",\"label\":\"HDMF\",\"amount\":200},{\"govshare_id\":\"7\",\"emp_govshare_id\":\"120\",\"label\":\"PHIC\",\"amount\":2209.18},{\"govshare_id\":\"8\",\"emp_govshare_id\":\"117\",\"label\":\"ECC\",\"amount\":100}]', 'Regular', '2026-03-06 07:38:32', '2026-03-06 07:42:00'),
(37, 73, 217, 5, 1, 3, '89749.00', '107049.00', '24171.13', '41438.94', 'APPROVED', 10, '2026-03-06 15:41:34', 10, '2026-03-06 15:42:00', NULL, NULL, NULL, NULL, NULL, 0, '[{\"config_earning_id\":\"1\",\"earning_comp_id\":\"230\",\"label\":\"Sal-Reg\",\"amount\":89749},{\"config_earning_id\":\"3\",\"earning_comp_id\":\"231\",\"label\":\"PERA\",\"amount\":2000},{\"config_earning_id\":\"4\",\"earning_comp_id\":\"233\",\"label\":\"RA\",\"amount\":7650},{\"config_earning_id\":\"5\",\"earning_comp_id\":\"232\",\"label\":\"TA\",\"amount\":7650}]', '[{\"config_deduction_id\":\"1\",\"deduct_comp_id\":\"206\",\"label\":\"W_TAX\",\"amount\":13550},{\"config_deduction_id\":\"2\",\"deduct_comp_id\":\"203\",\"label\":\"LR_INS\",\"amount\":8077.41},{\"config_deduction_id\":\"4\",\"deduct_comp_id\":\"204\",\"label\":\"PAG_PREM\",\"amount\":300},{\"config_deduction_id\":\"21\",\"deduct_comp_id\":\"205\",\"label\":\"PHIC-PREM\",\"amount\":2243.72}]', '[{\"govshare_id\":\"1\",\"emp_govshare_id\":\"122\",\"label\":\"L_R\",\"amount\":10769.88},{\"govshare_id\":\"5\",\"emp_govshare_id\":\"123\",\"label\":\"HDMF\",\"amount\":200},{\"govshare_id\":\"7\",\"emp_govshare_id\":\"124\",\"label\":\"PHIC\",\"amount\":2243.73},{\"govshare_id\":\"8\",\"emp_govshare_id\":\"121\",\"label\":\"ECC\",\"amount\":100}]', 'Regular', '2026-03-06 07:38:32', '2026-03-06 07:42:00'),
(38, 121, 218, 5, 1, 3, '88367.00', '101842.00', '22579.17', '39631.42', 'APPROVED', 10, '2026-03-06 15:41:40', 10, '2026-03-06 15:42:00', NULL, NULL, NULL, NULL, NULL, 0, '[{\"config_earning_id\":\"1\",\"earning_comp_id\":\"379\",\"label\":\"Sal-Reg\",\"amount\":88367},{\"config_earning_id\":\"3\",\"earning_comp_id\":\"380\",\"label\":\"PERA\",\"amount\":2000},{\"config_earning_id\":\"4\",\"earning_comp_id\":\"381\",\"label\":\"RA\",\"amount\":5737.5},{\"config_earning_id\":\"5\",\"earning_comp_id\":\"382\",\"label\":\"TA\",\"amount\":5737.5}]', '[{\"config_deduction_id\":\"1\",\"deduct_comp_id\":\"208\",\"label\":\"W_TAX\",\"amount\":15250},{\"config_deduction_id\":\"17\",\"deduct_comp_id\":\"209\",\"label\":\"PMG_DS\",\"amount\":5120},{\"config_deduction_id\":\"21\",\"deduct_comp_id\":\"207\",\"label\":\"PHIC-PREM\",\"amount\":2209.17}]', '[{\"govshare_id\":\"1\",\"emp_govshare_id\":\"126\",\"label\":\"L_R\",\"amount\":0},{\"govshare_id\":\"5\",\"emp_govshare_id\":\"127\",\"label\":\"HDMF\",\"amount\":0},{\"govshare_id\":\"7\",\"emp_govshare_id\":\"128\",\"label\":\"PHIC\",\"amount\":2209.18},{\"govshare_id\":\"8\",\"emp_govshare_id\":\"125\",\"label\":\"ECC\",\"amount\":0}]', 'Regular', '2026-03-06 07:38:32', '2026-03-06 07:42:00'),
(39, 4, 159, 5, 1, 6, '88367.00', '105667.00', '36227.68', '34719.66', 'APPROVED', 10, '2026-03-06 15:54:15', 10, '2026-03-06 15:54:44', NULL, NULL, NULL, NULL, NULL, 0, '[{\"config_earning_id\":\"1\",\"earning_comp_id\":\"95\",\"label\":\"Sal-Reg\",\"amount\":88367},{\"config_earning_id\":\"3\",\"earning_comp_id\":\"96\",\"label\":\"PERA\",\"amount\":2000},{\"config_earning_id\":\"4\",\"earning_comp_id\":\"97\",\"label\":\"RA\",\"amount\":7650},{\"config_earning_id\":\"5\",\"earning_comp_id\":\"98\",\"label\":\"TA\",\"amount\":7650}]', '[{\"config_deduction_id\":\"1\",\"deduct_comp_id\":\"535\",\"label\":\"W_TAX\",\"amount\":12950},{\"config_deduction_id\":\"2\",\"deduct_comp_id\":\"528\",\"label\":\"LR_INS\",\"amount\":7953.03},{\"config_deduction_id\":\"4\",\"deduct_comp_id\":\"531\",\"label\":\"PAG_PREM\",\"amount\":1000},{\"config_deduction_id\":\"17\",\"deduct_comp_id\":\"536\",\"label\":\"PMG_DS\",\"amount\":903.67},{\"config_deduction_id\":\"19\",\"deduct_comp_id\":\"530\",\"label\":\"GFAL\",\"amount\":6989.79},{\"config_deduction_id\":\"21\",\"deduct_comp_id\":\"534\",\"label\":\"PHIC-PREM\",\"amount\":2209.17},{\"config_deduction_id\":\"24\",\"deduct_comp_id\":\"529\",\"label\":\"SAL_LN\",\"amount\":1630.66},{\"config_deduction_id\":\"30\",\"deduct_comp_id\":\"533\",\"label\":\"CAL_LN\",\"amount\":1591.36},{\"config_deduction_id\":\"31\",\"deduct_comp_id\":\"532\",\"label\":\"MP2\",\"amount\":1000}]', '[{\"govshare_id\":\"1\",\"emp_govshare_id\":\"509\",\"label\":\"L_R\",\"amount\":10604.04},{\"govshare_id\":\"5\",\"emp_govshare_id\":\"511\",\"label\":\"HDMF\",\"amount\":200},{\"govshare_id\":\"7\",\"emp_govshare_id\":\"512\",\"label\":\"PHIC\",\"amount\":2209.18},{\"govshare_id\":\"8\",\"emp_govshare_id\":\"510\",\"label\":\"ECC\",\"amount\":100}]', 'Regular', '2026-03-06 07:53:23', '2026-03-06 07:54:44');
INSERT INTO `payroll_entries` (`payroll_entry_id`, `employee_id`, `employment_id`, `payroll_period_id`, `locked_period`, `dept_id`, `locked_basic`, `gross`, `total_deductions`, `net_pay`, `status`, `submitted_by`, `submitted_date`, `approved_by`, `approved_date`, `marked_paid_by`, `marked_paid_date`, `returned_reason`, `locked_by`, `locked_date`, `edit_count`, `earnings_breakdown`, `deductions_breakdown`, `govshares_breakdown`, `emp_type_stamp`, `created_at`, `updated_at`) VALUES
(40, 85, 160, 5, 1, 6, '27022.00', '29022.00', '5827.75', '11597.13', 'APPROVED', 10, '2026-03-06 15:54:19', 10, '2026-03-06 15:54:44', NULL, NULL, NULL, NULL, NULL, 0, '[{\"config_earning_id\":\"1\",\"earning_comp_id\":\"101\",\"label\":\"Sal-Reg\",\"amount\":27022},{\"config_earning_id\":\"3\",\"earning_comp_id\":\"102\",\"label\":\"PERA\",\"amount\":2000}]', '[{\"config_deduction_id\":\"1\",\"deduct_comp_id\":\"568\",\"label\":\"W_TAX\",\"amount\":380},{\"config_deduction_id\":\"2\",\"deduct_comp_id\":\"569\",\"label\":\"LR_INS\",\"amount\":2431.98},{\"config_deduction_id\":\"4\",\"deduct_comp_id\":\"570\",\"label\":\"PAG_PREM\",\"amount\":300},{\"config_deduction_id\":\"14\",\"deduct_comp_id\":\"571\",\"label\":\"SSS\",\"amount\":750},{\"config_deduction_id\":\"17\",\"deduct_comp_id\":\"572\",\"label\":\"PMG_DS\",\"amount\":290.22},{\"config_deduction_id\":\"21\",\"deduct_comp_id\":\"573\",\"label\":\"PHIC-PREM\",\"amount\":675.55},{\"config_deduction_id\":\"31\",\"deduct_comp_id\":\"574\",\"label\":\"MP2\",\"amount\":1000}]', '[{\"govshare_id\":\"1\",\"emp_govshare_id\":\"518\",\"label\":\"L_R\",\"amount\":3242.64},{\"govshare_id\":\"5\",\"emp_govshare_id\":\"519\",\"label\":\"HDMF\",\"amount\":200},{\"govshare_id\":\"7\",\"emp_govshare_id\":\"520\",\"label\":\"PHIC\",\"amount\":675.55},{\"govshare_id\":\"8\",\"emp_govshare_id\":\"517\",\"label\":\"ECC\",\"amount\":100}]', 'Regular', '2026-03-06 07:53:23', '2026-03-06 07:54:44'),
(41, 37, 161, 5, 1, 6, '27277.00', '29277.00', '12459.64', '8408.68', 'APPROVED', 10, '2026-03-06 15:54:23', 10, '2026-03-06 15:54:44', NULL, NULL, NULL, NULL, NULL, 0, '[{\"config_earning_id\":\"1\",\"earning_comp_id\":\"103\",\"label\":\"Sal-Reg\",\"amount\":27277},{\"config_earning_id\":\"3\",\"earning_comp_id\":\"104\",\"label\":\"PERA\",\"amount\":2000}]', '[{\"config_deduction_id\":\"1\",\"deduct_comp_id\":\"559\",\"label\":\"W_TAX\",\"amount\":420},{\"config_deduction_id\":\"2\",\"deduct_comp_id\":\"560\",\"label\":\"LR_INS\",\"amount\":2454.93},{\"config_deduction_id\":\"4\",\"deduct_comp_id\":\"561\",\"label\":\"PAG_PREM\",\"amount\":500},{\"config_deduction_id\":\"8\",\"deduct_comp_id\":\"562\",\"label\":\"RRB\",\"amount\":4383.35},{\"config_deduction_id\":\"14\",\"deduct_comp_id\":\"563\",\"label\":\"SSS\",\"amount\":760},{\"config_deduction_id\":\"17\",\"deduct_comp_id\":\"564\",\"label\":\"PMG_DS\",\"amount\":292.77},{\"config_deduction_id\":\"21\",\"deduct_comp_id\":\"565\",\"label\":\"PHIC-PREM\",\"amount\":681.92},{\"config_deduction_id\":\"26\",\"deduct_comp_id\":\"566\",\"label\":\"COM_LN\",\"amount\":1966.67},{\"config_deduction_id\":\"31\",\"deduct_comp_id\":\"567\",\"label\":\"MP2\",\"amount\":1000}]', '[{\"govshare_id\":\"1\",\"emp_govshare_id\":\"514\",\"label\":\"L_R\",\"amount\":3273.24},{\"govshare_id\":\"5\",\"emp_govshare_id\":\"515\",\"label\":\"HDMF\",\"amount\":200},{\"govshare_id\":\"7\",\"emp_govshare_id\":\"516\",\"label\":\"PHIC\",\"amount\":681.93},{\"govshare_id\":\"8\",\"emp_govshare_id\":\"513\",\"label\":\"ECC\",\"amount\":100}]', 'Regular', '2026-03-06 07:53:23', '2026-03-06 07:54:44'),
(42, 50, 162, 5, 1, 6, '21070.00', '23070.00', '12997.12', '5036.44', 'APPROVED', 10, '2026-03-06 15:54:27', 10, '2026-03-06 15:54:44', NULL, NULL, NULL, NULL, NULL, 0, '[{\"config_earning_id\":\"1\",\"earning_comp_id\":\"105\",\"label\":\"Sal-Reg\",\"amount\":21070},{\"config_earning_id\":\"3\",\"earning_comp_id\":\"106\",\"label\":\"PERA\",\"amount\":2000}]', '[{\"config_deduction_id\":\"2\",\"deduct_comp_id\":\"551\",\"label\":\"LR_INS\",\"amount\":1896.3},{\"config_deduction_id\":\"4\",\"deduct_comp_id\":\"554\",\"label\":\"PAG_PREM\",\"amount\":300},{\"config_deduction_id\":\"12\",\"deduct_comp_id\":\"556\",\"label\":\"LBP\",\"amount\":6154.96},{\"config_deduction_id\":\"16\",\"deduct_comp_id\":\"552\",\"label\":\"PLREG\",\"amount\":100},{\"config_deduction_id\":\"17\",\"deduct_comp_id\":\"557\",\"label\":\"PMG_DS\",\"amount\":230.7},{\"config_deduction_id\":\"18\",\"deduct_comp_id\":\"558\",\"label\":\"PMG_LN\",\"amount\":1500},{\"config_deduction_id\":\"21\",\"deduct_comp_id\":\"555\",\"label\":\"PHIC-PREM\",\"amount\":526.75},{\"config_deduction_id\":\"27\",\"deduct_comp_id\":\"553\",\"label\":\"GMPL\",\"amount\":2288.41}]', '[{\"govshare_id\":\"1\",\"emp_govshare_id\":\"522\",\"label\":\"L_R\",\"amount\":2528.4},{\"govshare_id\":\"5\",\"emp_govshare_id\":\"523\",\"label\":\"HDMF\",\"amount\":200},{\"govshare_id\":\"7\",\"emp_govshare_id\":\"524\",\"label\":\"PHIC\",\"amount\":526.75},{\"govshare_id\":\"8\",\"emp_govshare_id\":\"521\",\"label\":\"ECC\",\"amount\":100}]', 'Regular', '2026-03-06 07:53:23', '2026-03-06 07:54:44'),
(43, 102, 163, 5, 1, 6, '15150.00', '17150.00', '11167.76', '2991.12', 'APPROVED', 10, '2026-03-06 15:54:31', 10, '2026-03-06 15:54:44', NULL, NULL, NULL, NULL, NULL, 0, '[{\"config_earning_id\":\"1\",\"earning_comp_id\":\"107\",\"label\":\"Sal-Reg\",\"amount\":15150},{\"config_earning_id\":\"3\",\"earning_comp_id\":\"108\",\"label\":\"PERA\",\"amount\":2000}]', '[{\"config_deduction_id\":\"2\",\"deduct_comp_id\":\"575\",\"label\":\"LR_INS\",\"amount\":1363.5},{\"config_deduction_id\":\"4\",\"deduct_comp_id\":\"579\",\"label\":\"PAG_PREM\",\"amount\":300},{\"config_deduction_id\":\"8\",\"deduct_comp_id\":\"581\",\"label\":\"RRB\",\"amount\":5417.3},{\"config_deduction_id\":\"17\",\"deduct_comp_id\":\"582\",\"label\":\"PMG_DS\",\"amount\":171.5},{\"config_deduction_id\":\"21\",\"deduct_comp_id\":\"580\",\"label\":\"PHIC-PREM\",\"amount\":378.75},{\"config_deduction_id\":\"26\",\"deduct_comp_id\":\"576\",\"label\":\"COM_LN\",\"amount\":1966.67},{\"config_deduction_id\":\"27\",\"deduct_comp_id\":\"577\",\"label\":\"GMPL\",\"amount\":620.04},{\"config_deduction_id\":\"28\",\"deduct_comp_id\":\"578\",\"label\":\"MPLTE\",\"amount\":950}]', '[{\"govshare_id\":\"1\",\"emp_govshare_id\":\"526\",\"label\":\"L_R\",\"amount\":1818},{\"govshare_id\":\"5\",\"emp_govshare_id\":\"527\",\"label\":\"HDMF\",\"amount\":200},{\"govshare_id\":\"7\",\"emp_govshare_id\":\"528\",\"label\":\"PHIC\",\"amount\":378.75},{\"govshare_id\":\"8\",\"emp_govshare_id\":\"525\",\"label\":\"ECC\",\"amount\":100}]', 'Regular', '2026-03-06 07:53:23', '2026-03-06 07:54:44'),
(47, 35, 141, 5, 1, 16, '17315.00', '19315.00', '9381.52', '4966.74', 'APPROVED', 10, '2026-03-06 17:19:40', 10, '2026-03-06 17:20:01', NULL, NULL, NULL, NULL, NULL, 0, '[{\"config_earning_id\":\"1\",\"earning_comp_id\":\"63\",\"label\":\"Sal-Reg\",\"amount\":17315},{\"config_earning_id\":\"3\",\"earning_comp_id\":\"64\",\"label\":\"PERA\",\"amount\":2000}]', '[{\"config_deduction_id\":\"2\",\"deduct_comp_id\":\"658\",\"label\":\"LR_INS\",\"amount\":1558.35},{\"config_deduction_id\":\"4\",\"deduct_comp_id\":\"660\",\"label\":\"PAG_PREM\",\"amount\":300},{\"config_deduction_id\":\"17\",\"deduct_comp_id\":\"662\",\"label\":\"PMG_DS\",\"amount\":193.15},{\"config_deduction_id\":\"21\",\"deduct_comp_id\":\"661\",\"label\":\"PHIC-PREM\",\"amount\":432.87},{\"config_deduction_id\":\"27\",\"deduct_comp_id\":\"659\",\"label\":\"GMPL\",\"amount\":6897.15}]', '[{\"govshare_id\":\"1\",\"emp_govshare_id\":\"354\",\"label\":\"L_R\",\"amount\":2077.8},{\"govshare_id\":\"5\",\"emp_govshare_id\":\"355\",\"label\":\"HDMF\",\"amount\":200},{\"govshare_id\":\"7\",\"emp_govshare_id\":\"356\",\"label\":\"PHIC\",\"amount\":432.88},{\"govshare_id\":\"8\",\"emp_govshare_id\":\"353\",\"label\":\"ECC\",\"amount\":100}]', 'Regular', '2026-03-06 09:19:02', '2026-03-06 09:20:01'),
(48, 30, 143, 5, 1, 16, '17188.00', '19188.00', '6838.25', '6174.88', 'APPROVED', 10, '2026-03-06 17:19:46', 10, '2026-03-06 17:20:01', NULL, NULL, NULL, NULL, NULL, 0, '[{\"config_earning_id\":\"1\",\"earning_comp_id\":\"67\",\"label\":\"Sal-Reg\",\"amount\":17188},{\"config_earning_id\":\"3\",\"earning_comp_id\":\"68\",\"label\":\"PERA\",\"amount\":2000}]', '[{\"config_deduction_id\":\"2\",\"deduct_comp_id\":\"663\",\"label\":\"LR_INS\",\"amount\":1546.92},{\"config_deduction_id\":\"4\",\"deduct_comp_id\":\"665\",\"label\":\"PAG_PREM\",\"amount\":300},{\"config_deduction_id\":\"14\",\"deduct_comp_id\":\"669\",\"label\":\"SSS\",\"amount\":750},{\"config_deduction_id\":\"17\",\"deduct_comp_id\":\"667\",\"label\":\"PMG_DS\",\"amount\":191.88},{\"config_deduction_id\":\"18\",\"deduct_comp_id\":\"668\",\"label\":\"PMG_LN\",\"amount\":1500},{\"config_deduction_id\":\"21\",\"deduct_comp_id\":\"666\",\"label\":\"PHIC-PREM\",\"amount\":429.7},{\"config_deduction_id\":\"27\",\"deduct_comp_id\":\"664\",\"label\":\"GMPL\",\"amount\":2119.75}]', '[{\"govshare_id\":\"1\",\"emp_govshare_id\":\"358\",\"label\":\"L_R\",\"amount\":2062.56},{\"govshare_id\":\"5\",\"emp_govshare_id\":\"359\",\"label\":\"HDMF\",\"amount\":200},{\"govshare_id\":\"7\",\"emp_govshare_id\":\"360\",\"label\":\"PHIC\",\"amount\":429.7},{\"govshare_id\":\"8\",\"emp_govshare_id\":\"357\",\"label\":\"ECC\",\"amount\":100}]', 'Regular', '2026-03-06 09:19:02', '2026-03-06 09:20:01'),
(49, 116, 142, 5, 1, 16, '12655.00', '14655.00', '1854.97', '6400.02', 'APPROVED', 10, '2026-03-06 17:19:53', 10, '2026-03-06 17:20:01', NULL, NULL, NULL, NULL, NULL, 0, '[{\"config_earning_id\":\"1\",\"earning_comp_id\":\"65\",\"label\":\"Sal-Reg\",\"amount\":12655},{\"config_earning_id\":\"3\",\"earning_comp_id\":\"66\",\"label\":\"PERA\",\"amount\":2000}]', '[{\"config_deduction_id\":\"2\",\"deduct_comp_id\":\"670\",\"label\":\"LR_INS\",\"amount\":1138.95},{\"config_deduction_id\":\"4\",\"deduct_comp_id\":\"671\",\"label\":\"PAG_PREM\",\"amount\":253.1},{\"config_deduction_id\":\"17\",\"deduct_comp_id\":\"673\",\"label\":\"PMG_DS\",\"amount\":146.55},{\"config_deduction_id\":\"21\",\"deduct_comp_id\":\"672\",\"label\":\"PHIC-PREM\",\"amount\":316.37}]', '[{\"govshare_id\":\"1\",\"emp_govshare_id\":\"362\",\"label\":\"L_R\",\"amount\":1518.6},{\"govshare_id\":\"5\",\"emp_govshare_id\":\"363\",\"label\":\"HDMF\",\"amount\":200},{\"govshare_id\":\"7\",\"emp_govshare_id\":\"364\",\"label\":\"PHIC\",\"amount\":316.38},{\"govshare_id\":\"8\",\"emp_govshare_id\":\"361\",\"label\":\"ECC\",\"amount\":100}]', 'Regular', '2026-03-06 09:19:02', '2026-03-06 09:20:01'),
(50, 117, 262, 5, 1, 1, '12655.00', '14655.00', '1854.97', '6400.02', 'APPROVED', 10, '2026-03-06 17:34:56', 10, '2026-03-06 17:35:15', NULL, NULL, NULL, NULL, NULL, 0, '[{\"config_earning_id\":\"2\",\"earning_comp_id\":\"339\",\"label\":\"Sal-Cas\",\"amount\":12655},{\"config_earning_id\":\"3\",\"earning_comp_id\":\"340\",\"label\":\"PERA\",\"amount\":2000}]', '[{\"config_deduction_id\":\"2\",\"deduct_comp_id\":\"674\",\"label\":\"LR_INS\",\"amount\":1138.95},{\"config_deduction_id\":\"4\",\"deduct_comp_id\":\"675\",\"label\":\"PAG_PREM\",\"amount\":253.1},{\"config_deduction_id\":\"17\",\"deduct_comp_id\":\"677\",\"label\":\"PMG_DS\",\"amount\":146.55},{\"config_deduction_id\":\"21\",\"deduct_comp_id\":\"676\",\"label\":\"PHIC-PREM\",\"amount\":316.37}]', '[{\"govshare_id\":\"1\",\"emp_govshare_id\":\"366\",\"label\":\"L_R\",\"amount\":1518.6},{\"govshare_id\":\"5\",\"emp_govshare_id\":\"367\",\"label\":\"HDMF\",\"amount\":200},{\"govshare_id\":\"7\",\"emp_govshare_id\":\"368\",\"label\":\"PHIC\",\"amount\":316.38},{\"govshare_id\":\"8\",\"emp_govshare_id\":\"365\",\"label\":\"ECC\",\"amount\":100}]', 'Casual', '2026-03-06 09:34:26', '2026-03-06 09:35:15'),
(51, 125, 263, 5, 1, 1, '12655.00', '14655.00', '4755.44', '4949.78', 'APPROVED', 10, '2026-03-06 17:35:01', 10, '2026-03-06 17:35:15', NULL, NULL, NULL, NULL, NULL, 0, '[{\"config_earning_id\":\"2\",\"earning_comp_id\":\"341\",\"label\":\"Sal-Cas\",\"amount\":12655},{\"config_earning_id\":\"3\",\"earning_comp_id\":\"342\",\"label\":\"PERA\",\"amount\":2000}]', '[{\"config_deduction_id\":\"2\",\"deduct_comp_id\":\"903\",\"label\":\"LR_INS\",\"amount\":1138.95},{\"config_deduction_id\":\"4\",\"deduct_comp_id\":\"904\",\"label\":\"PAG_PREM\",\"amount\":253.1},{\"config_deduction_id\":\"16\",\"deduct_comp_id\":\"905\",\"label\":\"PLREG\",\"amount\":67.15},{\"config_deduction_id\":\"17\",\"deduct_comp_id\":\"906\",\"label\":\"PMG_DS\",\"amount\":146.55},{\"config_deduction_id\":\"21\",\"deduct_comp_id\":\"907\",\"label\":\"PHIC-PREM\",\"amount\":316.37},{\"config_deduction_id\":\"27\",\"deduct_comp_id\":\"908\",\"label\":\"GMPL\",\"amount\":1433.32},{\"config_deduction_id\":\"28\",\"deduct_comp_id\":\"909\",\"label\":\"MPLTE\",\"amount\":1400}]', '[{\"govshare_id\":\"1\",\"emp_govshare_id\":\"370\",\"label\":\"L_R\",\"amount\":1518.6},{\"govshare_id\":\"5\",\"emp_govshare_id\":\"371\",\"label\":\"HDMF\",\"amount\":200},{\"govshare_id\":\"7\",\"emp_govshare_id\":\"372\",\"label\":\"PHIC\",\"amount\":316.38},{\"govshare_id\":\"8\",\"emp_govshare_id\":\"369\",\"label\":\"ECC\",\"amount\":100}]', 'Casual', '2026-03-06 09:34:26', '2026-03-06 09:35:15'),
(52, 127, 264, 5, 1, 1, '12655.00', '14655.00', '1854.97', '6400.02', 'APPROVED', 10, '2026-03-06 17:35:05', 10, '2026-03-06 17:35:15', NULL, NULL, NULL, NULL, NULL, 0, '[{\"config_earning_id\":\"2\",\"earning_comp_id\":\"343\",\"label\":\"Sal-Cas\",\"amount\":12655},{\"config_earning_id\":\"3\",\"earning_comp_id\":\"344\",\"label\":\"PERA\",\"amount\":2000}]', '[{\"config_deduction_id\":\"2\",\"deduct_comp_id\":\"683\",\"label\":\"LR_INS\",\"amount\":1138.95},{\"config_deduction_id\":\"4\",\"deduct_comp_id\":\"684\",\"label\":\"PAG_PREM\",\"amount\":253.1},{\"config_deduction_id\":\"17\",\"deduct_comp_id\":\"686\",\"label\":\"PMG_DS\",\"amount\":146.55},{\"config_deduction_id\":\"21\",\"deduct_comp_id\":\"685\",\"label\":\"PHIC-PREM\",\"amount\":316.37}]', '[{\"govshare_id\":\"1\",\"emp_govshare_id\":\"374\",\"label\":\"L_R\",\"amount\":1518.6},{\"govshare_id\":\"5\",\"emp_govshare_id\":\"375\",\"label\":\"HDMF\",\"amount\":200},{\"govshare_id\":\"7\",\"emp_govshare_id\":\"376\",\"label\":\"PHIC\",\"amount\":316.38},{\"govshare_id\":\"8\",\"emp_govshare_id\":\"373\",\"label\":\"ECC\",\"amount\":100}]', 'Casual', '2026-03-06 09:34:26', '2026-03-06 09:35:15'),
(53, 133, 265, 5, 1, 1, '12655.00', '14655.00', '1854.97', '6400.02', 'APPROVED', 10, '2026-03-06 17:35:09', 10, '2026-03-06 17:35:15', NULL, NULL, NULL, NULL, NULL, 0, '[{\"config_earning_id\":\"2\",\"earning_comp_id\":\"345\",\"label\":\"Sal-Cas\",\"amount\":12655},{\"config_earning_id\":\"3\",\"earning_comp_id\":\"346\",\"label\":\"PERA\",\"amount\":2000}]', '[{\"config_deduction_id\":\"2\",\"deduct_comp_id\":\"687\",\"label\":\"LR_INS\",\"amount\":1138.95},{\"config_deduction_id\":\"4\",\"deduct_comp_id\":\"688\",\"label\":\"PAG_PREM\",\"amount\":253.1},{\"config_deduction_id\":\"17\",\"deduct_comp_id\":\"690\",\"label\":\"PMG_DS\",\"amount\":146.55},{\"config_deduction_id\":\"21\",\"deduct_comp_id\":\"689\",\"label\":\"PHIC-PREM\",\"amount\":316.37}]', '[{\"govshare_id\":\"1\",\"emp_govshare_id\":\"378\",\"label\":\"L_R\",\"amount\":1518.6},{\"govshare_id\":\"5\",\"emp_govshare_id\":\"379\",\"label\":\"HDMF\",\"amount\":200},{\"govshare_id\":\"7\",\"emp_govshare_id\":\"380\",\"label\":\"PHIC\",\"amount\":316.38},{\"govshare_id\":\"8\",\"emp_govshare_id\":\"377\",\"label\":\"ECC\",\"amount\":100}]', 'Casual', '2026-03-06 09:34:26', '2026-03-06 09:35:15'),
(54, 135, 266, 5, 1, 2, '12655.00', '14655.00', '2604.97', '6025.02', 'APPROVED', 10, '2026-03-06 17:47:13', 10, '2026-03-06 17:47:27', NULL, NULL, NULL, NULL, NULL, 0, '[{\"config_earning_id\":\"2\",\"earning_comp_id\":\"347\",\"label\":\"Sal-Cas\",\"amount\":12655},{\"config_earning_id\":\"3\",\"earning_comp_id\":\"348\",\"label\":\"PERA\",\"amount\":2000}]', '[{\"config_deduction_id\":\"2\",\"deduct_comp_id\":\"691\",\"label\":\"LR_INS\",\"amount\":1138.95},{\"config_deduction_id\":\"4\",\"deduct_comp_id\":\"692\",\"label\":\"PAG_PREM\",\"amount\":253.1},{\"config_deduction_id\":\"14\",\"deduct_comp_id\":\"694\",\"label\":\"SSS\",\"amount\":750},{\"config_deduction_id\":\"17\",\"deduct_comp_id\":\"695\",\"label\":\"PMG_DS\",\"amount\":146.55},{\"config_deduction_id\":\"21\",\"deduct_comp_id\":\"693\",\"label\":\"PHIC-PREM\",\"amount\":316.37}]', '[{\"govshare_id\":\"1\",\"emp_govshare_id\":\"382\",\"label\":\"L_R\",\"amount\":1518.6},{\"govshare_id\":\"5\",\"emp_govshare_id\":\"383\",\"label\":\"HDMF\",\"amount\":200},{\"govshare_id\":\"7\",\"emp_govshare_id\":\"384\",\"label\":\"PHIC\",\"amount\":316.38},{\"govshare_id\":\"8\",\"emp_govshare_id\":\"381\",\"label\":\"ECC\",\"amount\":100}]', 'Casual', '2026-03-06 09:46:50', '2026-03-06 09:47:27'),
(55, 114, 267, 5, 1, 2, '12655.00', '14655.00', '6426.83', '4114.09', 'APPROVED', 10, '2026-03-06 17:47:18', 10, '2026-03-06 17:47:27', NULL, NULL, NULL, NULL, NULL, 0, '[{\"config_earning_id\":\"2\",\"earning_comp_id\":\"349\",\"label\":\"Sal-Cas\",\"amount\":12655},{\"config_earning_id\":\"3\",\"earning_comp_id\":\"350\",\"label\":\"PERA\",\"amount\":2000}]', '[{\"config_deduction_id\":\"2\",\"deduct_comp_id\":\"1380\",\"label\":\"LR_INS\",\"amount\":1138.95},{\"config_deduction_id\":\"4\",\"deduct_comp_id\":\"1381\",\"label\":\"PAG_PREM\",\"amount\":253.1},{\"config_deduction_id\":\"14\",\"deduct_comp_id\":\"1382\",\"label\":\"SSS\",\"amount\":750},{\"config_deduction_id\":\"17\",\"deduct_comp_id\":\"1383\",\"label\":\"PMG_DS\",\"amount\":146.55},{\"config_deduction_id\":\"18\",\"deduct_comp_id\":\"1386\",\"label\":\"PMG_LN\",\"amount\":1000},{\"config_deduction_id\":\"21\",\"deduct_comp_id\":\"1384\",\"label\":\"PHIC-PREM\",\"amount\":316.37},{\"config_deduction_id\":\"27\",\"deduct_comp_id\":\"1385\",\"label\":\"GMPL\",\"amount\":2821.86}]', '[{\"govshare_id\":\"1\",\"emp_govshare_id\":\"386\",\"label\":\"L_R\",\"amount\":1518.6},{\"govshare_id\":\"5\",\"emp_govshare_id\":\"387\",\"label\":\"HDMF\",\"amount\":200},{\"govshare_id\":\"7\",\"emp_govshare_id\":\"388\",\"label\":\"PHIC\",\"amount\":316.38},{\"govshare_id\":\"8\",\"emp_govshare_id\":\"385\",\"label\":\"ECC\",\"amount\":100}]', 'Casual', '2026-03-06 09:46:50', '2026-03-06 09:47:27'),
(56, 25, 164, 5, 1, 5, '88367.00', '105667.00', '25565.87', '40050.57', 'APPROVED', 10, '2026-03-06 18:03:27', 10, '2026-03-06 18:05:02', NULL, NULL, NULL, NULL, NULL, 0, '[{\"config_earning_id\":\"1\",\"earning_comp_id\":\"109\",\"label\":\"Sal-Reg\",\"amount\":88367},{\"config_earning_id\":\"3\",\"earning_comp_id\":\"110\",\"label\":\"PERA\",\"amount\":2000},{\"config_earning_id\":\"4\",\"earning_comp_id\":\"111\",\"label\":\"RA\",\"amount\":7650},{\"config_earning_id\":\"5\",\"earning_comp_id\":\"112\",\"label\":\"TA\",\"amount\":7650}]', '[{\"config_deduction_id\":\"1\",\"deduct_comp_id\":\"452\",\"label\":\"W_TAX\",\"amount\":12950},{\"config_deduction_id\":\"2\",\"deduct_comp_id\":\"448\",\"label\":\"LR_INS\",\"amount\":7953.03},{\"config_deduction_id\":\"4\",\"deduct_comp_id\":\"450\",\"label\":\"PAG_PREM\",\"amount\":500},{\"config_deduction_id\":\"14\",\"deduct_comp_id\":\"453\",\"label\":\"SSS\",\"amount\":750},{\"config_deduction_id\":\"16\",\"deduct_comp_id\":\"449\",\"label\":\"PLREG\",\"amount\":300},{\"config_deduction_id\":\"17\",\"deduct_comp_id\":\"454\",\"label\":\"PMG_DS\",\"amount\":903.67},{\"config_deduction_id\":\"21\",\"deduct_comp_id\":\"451\",\"label\":\"PHIC-PREM\",\"amount\":2209.17}]', '[{\"govshare_id\":\"1\",\"emp_govshare_id\":\"253\",\"label\":\"L_R\",\"amount\":10604.04},{\"govshare_id\":\"5\",\"emp_govshare_id\":\"255\",\"label\":\"HDMF\",\"amount\":200},{\"govshare_id\":\"7\",\"emp_govshare_id\":\"256\",\"label\":\"PHIC\",\"amount\":2209.18},{\"govshare_id\":\"8\",\"emp_govshare_id\":\"254\",\"label\":\"ECC\",\"amount\":100}]', 'Regular', '2026-03-06 10:02:52', '2026-03-06 10:05:02'),
(57, 57, 165, 5, 1, 5, '36187.00', '38187.00', '8903.37', '14641.82', 'APPROVED', 10, '2026-03-06 18:03:35', 10, '2026-03-06 18:05:02', NULL, NULL, NULL, NULL, NULL, 0, '[{\"config_earning_id\":\"1\",\"earning_comp_id\":\"113\",\"label\":\"Sal-Reg\",\"amount\":36187},{\"config_earning_id\":\"3\",\"earning_comp_id\":\"114\",\"label\":\"PERA\",\"amount\":2000}]', '[{\"config_deduction_id\":\"1\",\"deduct_comp_id\":\"1454\",\"label\":\"W_TAX\",\"amount\":2000},{\"config_deduction_id\":\"2\",\"deduct_comp_id\":\"1455\",\"label\":\"LR_INS\",\"amount\":3256.83},{\"config_deduction_id\":\"4\",\"deduct_comp_id\":\"1456\",\"label\":\"PAG_PREM\",\"amount\":300},{\"config_deduction_id\":\"14\",\"deduct_comp_id\":\"1457\",\"label\":\"SSS\",\"amount\":1060},{\"config_deduction_id\":\"17\",\"deduct_comp_id\":\"1458\",\"label\":\"PMG_DS\",\"amount\":381.87},{\"config_deduction_id\":\"21\",\"deduct_comp_id\":\"1459\",\"label\":\"PHIC-PREM\",\"amount\":904.67},{\"config_deduction_id\":\"31\",\"deduct_comp_id\":\"1460\",\"label\":\"MP2\",\"amount\":1000}]', '[{\"govshare_id\":\"1\",\"emp_govshare_id\":\"257\",\"label\":\"L_R\",\"amount\":4342.44},{\"govshare_id\":\"5\",\"emp_govshare_id\":\"259\",\"label\":\"HDMF\",\"amount\":200},{\"govshare_id\":\"7\",\"emp_govshare_id\":\"260\",\"label\":\"PHIC\",\"amount\":904.68},{\"govshare_id\":\"8\",\"emp_govshare_id\":\"258\",\"label\":\"ECC\",\"amount\":100}]', 'Regular', '2026-03-06 10:02:52', '2026-03-06 10:05:02'),
(58, 44, 173, 5, 1, 5, '33322.00', '35322.00', '7195.25', '14063.38', 'APPROVED', 10, '2026-03-06 18:03:39', 10, '2026-03-06 18:05:02', NULL, NULL, NULL, NULL, NULL, 0, '[{\"config_earning_id\":\"1\",\"earning_comp_id\":\"127\",\"label\":\"Sal-Reg\",\"amount\":33322},{\"config_earning_id\":\"3\",\"earning_comp_id\":\"128\",\"label\":\"PERA\",\"amount\":2000}]', '[{\"config_deduction_id\":\"1\",\"deduct_comp_id\":\"465\",\"label\":\"W_TAX\",\"amount\":1210},{\"config_deduction_id\":\"2\",\"deduct_comp_id\":\"461\",\"label\":\"LR_INS\",\"amount\":2998.98},{\"config_deduction_id\":\"4\",\"deduct_comp_id\":\"462\",\"label\":\"PAG_PREM\",\"amount\":1300},{\"config_deduction_id\":\"17\",\"deduct_comp_id\":\"466\",\"label\":\"PMG_DS\",\"amount\":353.22},{\"config_deduction_id\":\"21\",\"deduct_comp_id\":\"464\",\"label\":\"PHIC-PREM\",\"amount\":833.05},{\"config_deduction_id\":\"31\",\"deduct_comp_id\":\"463\",\"label\":\"MP2\",\"amount\":500}]', '[{\"govshare_id\":\"1\",\"emp_govshare_id\":\"261\",\"label\":\"L_R\",\"amount\":3998.64},{\"govshare_id\":\"5\",\"emp_govshare_id\":\"263\",\"label\":\"HDMF\",\"amount\":200},{\"govshare_id\":\"7\",\"emp_govshare_id\":\"264\",\"label\":\"PHIC\",\"amount\":833.05},{\"govshare_id\":\"8\",\"emp_govshare_id\":\"262\",\"label\":\"ECC\",\"amount\":100}]', 'Regular', '2026-03-06 10:02:52', '2026-03-06 10:05:02'),
(59, 28, 174, 5, 1, 5, '27022.00', '29022.00', '9883.33', '9569.34', 'APPROVED', 10, '2026-03-06 18:03:44', 10, '2026-03-06 18:05:02', NULL, NULL, NULL, NULL, NULL, 0, '[{\"config_earning_id\":\"1\",\"earning_comp_id\":\"129\",\"label\":\"Sal-Reg\",\"amount\":27022},{\"config_earning_id\":\"3\",\"earning_comp_id\":\"130\",\"label\":\"PERA\",\"amount\":2000}]', '[{\"config_deduction_id\":\"1\",\"deduct_comp_id\":\"1461\",\"label\":\"W_TAX\",\"amount\":600},{\"config_deduction_id\":\"2\",\"deduct_comp_id\":\"1462\",\"label\":\"LR_INS\",\"amount\":2431.98},{\"config_deduction_id\":\"4\",\"deduct_comp_id\":\"1463\",\"label\":\"PAG_PREM\",\"amount\":300},{\"config_deduction_id\":\"5\",\"deduct_comp_id\":\"1464\",\"label\":\"PAG_MPL\",\"amount\":1861.1},{\"config_deduction_id\":\"17\",\"deduct_comp_id\":\"1465\",\"label\":\"PMG_DS\",\"amount\":290.22},{\"config_deduction_id\":\"21\",\"deduct_comp_id\":\"1466\",\"label\":\"PHIC-PREM\",\"amount\":675.55},{\"config_deduction_id\":\"26\",\"deduct_comp_id\":\"1467\",\"label\":\"COM_LN\",\"amount\":1966.67},{\"config_deduction_id\":\"27\",\"deduct_comp_id\":\"1468\",\"label\":\"GMPL\",\"amount\":1257.81},{\"config_deduction_id\":\"31\",\"deduct_comp_id\":\"1469\",\"label\":\"MP2\",\"amount\":500}]', '[{\"govshare_id\":\"1\",\"emp_govshare_id\":\"265\",\"label\":\"L_R\",\"amount\":3242.64},{\"govshare_id\":\"5\",\"emp_govshare_id\":\"267\",\"label\":\"HDMF\",\"amount\":200},{\"govshare_id\":\"7\",\"emp_govshare_id\":\"268\",\"label\":\"PHIC\",\"amount\":675.55},{\"govshare_id\":\"8\",\"emp_govshare_id\":\"266\",\"label\":\"ECC\",\"amount\":100}]', 'Regular', '2026-03-06 10:02:52', '2026-03-06 10:05:02'),
(60, 93, 259, 5, 1, 5, '27022.00', '29022.00', '4077.75', '12472.13', 'APPROVED', 10, '2026-03-06 18:03:49', 10, '2026-03-06 18:05:02', NULL, NULL, NULL, NULL, NULL, 0, '[{\"config_earning_id\":\"1\",\"earning_comp_id\":\"331\",\"label\":\"Sal-Reg\",\"amount\":27022},{\"config_earning_id\":\"3\",\"earning_comp_id\":\"332\",\"label\":\"PERA\",\"amount\":2000}]', '[{\"config_deduction_id\":\"1\",\"deduct_comp_id\":\"486\",\"label\":\"W_TAX\",\"amount\":380},{\"config_deduction_id\":\"2\",\"deduct_comp_id\":\"483\",\"label\":\"LR_INS\",\"amount\":2431.98},{\"config_deduction_id\":\"4\",\"deduct_comp_id\":\"484\",\"label\":\"PAG_PREM\",\"amount\":300},{\"config_deduction_id\":\"17\",\"deduct_comp_id\":\"487\",\"label\":\"PMG_DS\",\"amount\":290.22},{\"config_deduction_id\":\"21\",\"deduct_comp_id\":\"485\",\"label\":\"PHIC-PREM\",\"amount\":675.55}]', '[{\"govshare_id\":\"1\",\"emp_govshare_id\":\"269\",\"label\":\"L_R\",\"amount\":3242.64},{\"govshare_id\":\"5\",\"emp_govshare_id\":\"271\",\"label\":\"HDMF\",\"amount\":200},{\"govshare_id\":\"7\",\"emp_govshare_id\":\"272\",\"label\":\"PHIC\",\"amount\":675.55},{\"govshare_id\":\"8\",\"emp_govshare_id\":\"270\",\"label\":\"ECC\",\"amount\":100}]', 'Regular', '2026-03-06 10:02:52', '2026-03-06 10:05:02'),
(61, 22, 166, 5, 1, 5, '21070.00', '23070.00', '14303.64', '4383.18', 'APPROVED', 10, '2026-03-06 18:04:00', 10, '2026-03-06 18:05:02', NULL, NULL, NULL, NULL, NULL, 0, '[{\"config_earning_id\":\"1\",\"earning_comp_id\":\"115\",\"label\":\"Sal-Reg\",\"amount\":21070},{\"config_earning_id\":\"3\",\"earning_comp_id\":\"116\",\"label\":\"PERA\",\"amount\":2000}]', '[{\"config_deduction_id\":\"2\",\"deduct_comp_id\":\"503\",\"label\":\"LR_INS\",\"amount\":1896.3},{\"config_deduction_id\":\"4\",\"deduct_comp_id\":\"504\",\"label\":\"PAG_PREM\",\"amount\":300},{\"config_deduction_id\":\"12\",\"deduct_comp_id\":\"510\",\"label\":\"LBP\",\"amount\":8822.11},{\"config_deduction_id\":\"14\",\"deduct_comp_id\":\"507\",\"label\":\"SSS\",\"amount\":750},{\"config_deduction_id\":\"17\",\"deduct_comp_id\":\"508\",\"label\":\"PMG_DS\",\"amount\":230.7},{\"config_deduction_id\":\"18\",\"deduct_comp_id\":\"509\",\"label\":\"PMG_LN\",\"amount\":1277.78},{\"config_deduction_id\":\"21\",\"deduct_comp_id\":\"506\",\"label\":\"PHIC-PREM\",\"amount\":526.75},{\"config_deduction_id\":\"31\",\"deduct_comp_id\":\"505\",\"label\":\"MP2\",\"amount\":500}]', '[{\"govshare_id\":\"1\",\"emp_govshare_id\":\"281\",\"label\":\"L_R\",\"amount\":2528.4},{\"govshare_id\":\"5\",\"emp_govshare_id\":\"283\",\"label\":\"HDMF\",\"amount\":200},{\"govshare_id\":\"7\",\"emp_govshare_id\":\"284\",\"label\":\"PHIC\",\"amount\":526.75},{\"govshare_id\":\"8\",\"emp_govshare_id\":\"282\",\"label\":\"ECC\",\"amount\":100}]', 'Regular', '2026-03-06 10:02:52', '2026-03-06 10:05:02'),
(62, 59, 168, 5, 1, 5, '21070.00', '23070.00', '13109.43', '4980.29', 'APPROVED', 10, '2026-03-06 18:04:05', 10, '2026-03-06 18:05:02', NULL, NULL, NULL, NULL, NULL, 0, '[{\"config_earning_id\":\"1\",\"earning_comp_id\":\"119\",\"label\":\"Sal-Reg\",\"amount\":21070},{\"config_earning_id\":\"3\",\"earning_comp_id\":\"120\",\"label\":\"PERA\",\"amount\":2000}]', '[{\"config_deduction_id\":\"2\",\"deduct_comp_id\":\"498\",\"label\":\"LR_INS\",\"amount\":1896.3},{\"config_deduction_id\":\"4\",\"deduct_comp_id\":\"499\",\"label\":\"PAG_PREM\",\"amount\":300},{\"config_deduction_id\":\"12\",\"deduct_comp_id\":\"502\",\"label\":\"LBP\",\"amount\":10155.68},{\"config_deduction_id\":\"17\",\"deduct_comp_id\":\"501\",\"label\":\"PMG_DS\",\"amount\":230.7},{\"config_deduction_id\":\"21\",\"deduct_comp_id\":\"500\",\"label\":\"PHIC-PREM\",\"amount\":526.75}]', '[{\"govshare_id\":\"1\",\"emp_govshare_id\":\"277\",\"label\":\"L_R\",\"amount\":2528.4},{\"govshare_id\":\"5\",\"emp_govshare_id\":\"279\",\"label\":\"HDMF\",\"amount\":200},{\"govshare_id\":\"7\",\"emp_govshare_id\":\"280\",\"label\":\"PHIC\",\"amount\":526.75},{\"govshare_id\":\"8\",\"emp_govshare_id\":\"278\",\"label\":\"ECC\",\"amount\":100}]', 'Regular', '2026-03-06 10:02:52', '2026-03-06 10:05:02'),
(63, 68, 170, 5, 1, 5, '20903.00', '22903.00', '2932.87', '9985.07', 'APPROVED', 10, '2026-03-06 18:04:11', 10, '2026-03-06 18:05:02', NULL, NULL, NULL, NULL, NULL, 0, '[{\"config_earning_id\":\"1\",\"earning_comp_id\":\"123\",\"label\":\"Sal-Reg\",\"amount\":20903},{\"config_earning_id\":\"3\",\"earning_comp_id\":\"124\",\"label\":\"PERA\",\"amount\":2000}]', '[{\"config_deduction_id\":\"2\",\"deduct_comp_id\":\"511\",\"label\":\"LR_INS\",\"amount\":1881.27},{\"config_deduction_id\":\"4\",\"deduct_comp_id\":\"512\",\"label\":\"PAG_PREM\",\"amount\":300},{\"config_deduction_id\":\"17\",\"deduct_comp_id\":\"514\",\"label\":\"PMG_DS\",\"amount\":229.03},{\"config_deduction_id\":\"21\",\"deduct_comp_id\":\"513\",\"label\":\"PHIC-PREM\",\"amount\":522.57}]', '[{\"govshare_id\":\"1\",\"emp_govshare_id\":\"285\",\"label\":\"L_R\",\"amount\":2508.36},{\"govshare_id\":\"5\",\"emp_govshare_id\":\"287\",\"label\":\"HDMF\",\"amount\":200},{\"govshare_id\":\"7\",\"emp_govshare_id\":\"288\",\"label\":\"PHIC\",\"amount\":522.58},{\"govshare_id\":\"8\",\"emp_govshare_id\":\"286\",\"label\":\"ECC\",\"amount\":100}]', 'Regular', '2026-03-06 10:02:52', '2026-03-06 10:05:02'),
(64, 47, 172, 5, 1, 5, '22102.00', '24102.00', '17518.42', '3291.79', 'APPROVED', 10, '2026-03-06 18:04:16', 10, '2026-03-06 18:05:02', NULL, NULL, NULL, NULL, NULL, 0, '[{\"config_earning_id\":\"1\",\"earning_comp_id\":\"125\",\"label\":\"Sal-Reg\",\"amount\":22102},{\"config_earning_id\":\"3\",\"earning_comp_id\":\"126\",\"label\":\"PERA\",\"amount\":2000}]', '[{\"config_deduction_id\":\"2\",\"deduct_comp_id\":\"488\",\"label\":\"LR_INS\",\"amount\":1989.18},{\"config_deduction_id\":\"4\",\"deduct_comp_id\":\"492\",\"label\":\"PAG_PREM\",\"amount\":300},{\"config_deduction_id\":\"17\",\"deduct_comp_id\":\"495\",\"label\":\"PMG_DS\",\"amount\":241.02},{\"config_deduction_id\":\"18\",\"deduct_comp_id\":\"496\",\"label\":\"PMG_LN\",\"amount\":1500},{\"config_deduction_id\":\"19\",\"deduct_comp_id\":\"490\",\"label\":\"GFAL\",\"amount\":5833.66},{\"config_deduction_id\":\"21\",\"deduct_comp_id\":\"493\",\"label\":\"PHIC-PREM\",\"amount\":552.55},{\"config_deduction_id\":\"22\",\"deduct_comp_id\":\"494\",\"label\":\"POEMCO\",\"amount\":1500},{\"config_deduction_id\":\"26\",\"deduct_comp_id\":\"497\",\"label\":\"COM_LN\",\"amount\":1966.67},{\"config_deduction_id\":\"27\",\"deduct_comp_id\":\"491\",\"label\":\"GMPL\",\"amount\":2935.34},{\"config_deduction_id\":\"28\",\"deduct_comp_id\":\"489\",\"label\":\"MPLTE\",\"amount\":700}]', '[{\"govshare_id\":\"1\",\"emp_govshare_id\":\"273\",\"label\":\"L_R\",\"amount\":2652.24},{\"govshare_id\":\"5\",\"emp_govshare_id\":\"275\",\"label\":\"HDMF\",\"amount\":200},{\"govshare_id\":\"7\",\"emp_govshare_id\":\"276\",\"label\":\"PHIC\",\"amount\":552.55},{\"govshare_id\":\"8\",\"emp_govshare_id\":\"274\",\"label\":\"ECC\",\"amount\":100}]', 'Regular', '2026-03-06 10:02:52', '2026-03-06 10:05:02'),
(65, 24, 175, 5, 1, 5, '20011.00', '22011.00', '6574.78', '7718.11', 'APPROVED', 10, '2026-03-06 18:04:21', 10, '2026-03-06 18:05:02', NULL, NULL, NULL, NULL, NULL, 0, '[{\"config_earning_id\":\"1\",\"earning_comp_id\":\"131\",\"label\":\"Sal-Reg\",\"amount\":20011},{\"config_earning_id\":\"3\",\"earning_comp_id\":\"132\",\"label\":\"PERA\",\"amount\":2000}]', '[{\"config_deduction_id\":\"2\",\"deduct_comp_id\":\"1486\",\"label\":\"LR_INS\",\"amount\":1800.99},{\"config_deduction_id\":\"4\",\"deduct_comp_id\":\"1487\",\"label\":\"PAG_PREM\",\"amount\":900},{\"config_deduction_id\":\"17\",\"deduct_comp_id\":\"1488\",\"label\":\"PMG_DS\",\"amount\":223.18},{\"config_deduction_id\":\"21\",\"deduct_comp_id\":\"1489\",\"label\":\"PHIC-PREM\",\"amount\":500.27},{\"config_deduction_id\":\"30\",\"deduct_comp_id\":\"1490\",\"label\":\"CAL_LN\",\"amount\":3150.34}]', '[{\"govshare_id\":\"1\",\"emp_govshare_id\":\"289\",\"label\":\"L_R\",\"amount\":2401.32},{\"govshare_id\":\"5\",\"emp_govshare_id\":\"291\",\"label\":\"HDMF\",\"amount\":200},{\"govshare_id\":\"7\",\"emp_govshare_id\":\"292\",\"label\":\"PHIC\",\"amount\":500.28},{\"govshare_id\":\"8\",\"emp_govshare_id\":\"290\",\"label\":\"ECC\",\"amount\":100}]', 'Regular', '2026-03-06 10:02:52', '2026-03-06 10:05:02'),
(66, 112, 260, 5, 1, 5, '19303.00', '21303.00', '10286.31', '5508.35', 'APPROVED', 10, '2026-03-06 18:04:26', 10, '2026-03-06 18:05:02', NULL, NULL, NULL, NULL, NULL, 0, '[{\"config_earning_id\":\"1\",\"earning_comp_id\":\"333\",\"label\":\"Sal-Reg\",\"amount\":19303},{\"config_earning_id\":\"3\",\"earning_comp_id\":\"334\",\"label\":\"PERA\",\"amount\":2000}]', '[{\"config_deduction_id\":\"2\",\"deduct_comp_id\":\"936\",\"label\":\"LR_INS\",\"amount\":1737.27},{\"config_deduction_id\":\"4\",\"deduct_comp_id\":\"937\",\"label\":\"PAG_PREM\",\"amount\":300},{\"config_deduction_id\":\"5\",\"deduct_comp_id\":\"938\",\"label\":\"PAG_MPL\",\"amount\":1125.14},{\"config_deduction_id\":\"8\",\"deduct_comp_id\":\"939\",\"label\":\"RRB\",\"amount\":4450.52},{\"config_deduction_id\":\"14\",\"deduct_comp_id\":\"940\",\"label\":\"SSS\",\"amount\":750},{\"config_deduction_id\":\"17\",\"deduct_comp_id\":\"941\",\"label\":\"PMG_DS\",\"amount\":213.03},{\"config_deduction_id\":\"21\",\"deduct_comp_id\":\"942\",\"label\":\"PHIC-PREM\",\"amount\":482.57},{\"config_deduction_id\":\"28\",\"deduct_comp_id\":\"943\",\"label\":\"MPLTE\",\"amount\":1227.78}]', '[{\"govshare_id\":\"1\",\"emp_govshare_id\":\"293\",\"label\":\"L_R\",\"amount\":2316.36},{\"govshare_id\":\"5\",\"emp_govshare_id\":\"295\",\"label\":\"HDMF\",\"amount\":200},{\"govshare_id\":\"7\",\"emp_govshare_id\":\"296\",\"label\":\"PHIC\",\"amount\":482.58},{\"govshare_id\":\"8\",\"emp_govshare_id\":\"294\",\"label\":\"ECC\",\"amount\":100}]', 'Regular', '2026-03-06 10:02:52', '2026-03-06 10:05:02'),
(67, 131, 204, 5, 1, 14, '88367.00', '98017.00', '23662.20', '37177.40', 'APPROVED', 10, '2026-03-06 18:31:57', 10, '2026-03-06 18:32:42', NULL, NULL, NULL, NULL, NULL, 0, '[{\"config_earning_id\":\"1\",\"earning_comp_id\":\"197\",\"label\":\"Sal-Reg\",\"amount\":88367},{\"config_earning_id\":\"3\",\"earning_comp_id\":\"198\",\"label\":\"PERA\",\"amount\":2000},{\"config_earning_id\":\"4\",\"earning_comp_id\":\"199\",\"label\":\"RA\",\"amount\":7650}]', '[{\"config_deduction_id\":\"1\",\"deduct_comp_id\":\"586\",\"label\":\"W_TAX\",\"amount\":13200},{\"config_deduction_id\":\"2\",\"deduct_comp_id\":\"583\",\"label\":\"LR_INS\",\"amount\":7953.03},{\"config_deduction_id\":\"4\",\"deduct_comp_id\":\"584\",\"label\":\"PAG_PREM\",\"amount\":300},{\"config_deduction_id\":\"21\",\"deduct_comp_id\":\"585\",\"label\":\"PHIC-PREM\",\"amount\":2209.17}]', '[{\"govshare_id\":\"1\",\"emp_govshare_id\":\"298\",\"label\":\"L_R\",\"amount\":10604.04},{\"govshare_id\":\"5\",\"emp_govshare_id\":\"299\",\"label\":\"HDMF\",\"amount\":200},{\"govshare_id\":\"7\",\"emp_govshare_id\":\"300\",\"label\":\"PHIC\",\"amount\":2209.18},{\"govshare_id\":\"8\",\"emp_govshare_id\":\"297\",\"label\":\"ECC\",\"amount\":100}]', 'Regular', '2026-03-06 10:31:18', '2026-03-06 10:32:42'),
(68, 2, 212, 5, 1, 14, '36187.00', '38187.00', '15812.95', '11187.03', 'APPROVED', 10, '2026-03-06 18:31:57', 10, '2026-03-06 18:32:42', NULL, NULL, NULL, NULL, NULL, 0, '[{\"config_earning_id\":\"1\",\"earning_comp_id\":\"212\",\"label\":\"Sal-Reg\",\"amount\":36187},{\"config_earning_id\":\"3\",\"earning_comp_id\":\"213\",\"label\":\"PERA\",\"amount\":2000}]', '[{\"config_deduction_id\":\"1\",\"deduct_comp_id\":\"599\",\"label\":\"W_TAX\",\"amount\":1600},{\"config_deduction_id\":\"2\",\"deduct_comp_id\":\"595\",\"label\":\"LR_INS\",\"amount\":3256.83},{\"config_deduction_id\":\"4\",\"deduct_comp_id\":\"597\",\"label\":\"PAG_PREM\",\"amount\":300},{\"config_deduction_id\":\"17\",\"deduct_comp_id\":\"601\",\"label\":\"PMG_DS\",\"amount\":381.87},{\"config_deduction_id\":\"18\",\"deduct_comp_id\":\"602\",\"label\":\"PMG_LN\",\"amount\":2750},{\"config_deduction_id\":\"21\",\"deduct_comp_id\":\"598\",\"label\":\"PHIC-PREM\",\"amount\":904.67},{\"config_deduction_id\":\"26\",\"deduct_comp_id\":\"600\",\"label\":\"COM_LN\",\"amount\":1966.67},{\"config_deduction_id\":\"27\",\"deduct_comp_id\":\"596\",\"label\":\"GMPL\",\"amount\":4652.91}]', '[{\"govshare_id\":\"1\",\"emp_govshare_id\":\"306\",\"label\":\"L_R\",\"amount\":4342.44},{\"govshare_id\":\"5\",\"emp_govshare_id\":\"307\",\"label\":\"HDMF\",\"amount\":200},{\"govshare_id\":\"7\",\"emp_govshare_id\":\"308\",\"label\":\"PHIC\",\"amount\":904.68},{\"govshare_id\":\"8\",\"emp_govshare_id\":\"305\",\"label\":\"ECC\",\"amount\":100}]', 'Regular', '2026-03-06 10:31:18', '2026-03-06 10:32:42'),
(69, 49, 213, 5, 1, 14, '36187.00', '38187.00', '11330.96', '13428.02', 'APPROVED', 10, '2026-03-06 18:31:57', 10, '2026-03-06 18:32:42', NULL, NULL, NULL, NULL, NULL, 0, '[{\"config_earning_id\":\"1\",\"earning_comp_id\":\"214\",\"label\":\"Sal-Reg\",\"amount\":36187},{\"config_earning_id\":\"3\",\"earning_comp_id\":\"215\",\"label\":\"PERA\",\"amount\":2000}]', '[{\"config_deduction_id\":\"1\",\"deduct_comp_id\":\"1546\",\"label\":\"W_TAX\",\"amount\":1600},{\"config_deduction_id\":\"2\",\"deduct_comp_id\":\"1547\",\"label\":\"LR_INS\",\"amount\":3256.83},{\"config_deduction_id\":\"4\",\"deduct_comp_id\":\"1548\",\"label\":\"PAG_PREM\",\"amount\":300},{\"config_deduction_id\":\"16\",\"deduct_comp_id\":\"1549\",\"label\":\"PLREG\",\"amount\":100},{\"config_deduction_id\":\"17\",\"deduct_comp_id\":\"1550\",\"label\":\"PMG_DS\",\"amount\":381.87},{\"config_deduction_id\":\"21\",\"deduct_comp_id\":\"1551\",\"label\":\"PHIC-PREM\",\"amount\":904.67},{\"config_deduction_id\":\"27\",\"deduct_comp_id\":\"1552\",\"label\":\"GMPL\",\"amount\":4787.59}]', '[{\"govshare_id\":\"1\",\"emp_govshare_id\":\"302\",\"label\":\"L_R\",\"amount\":4342.44},{\"govshare_id\":\"5\",\"emp_govshare_id\":\"303\",\"label\":\"HDMF\",\"amount\":200},{\"govshare_id\":\"7\",\"emp_govshare_id\":\"304\",\"label\":\"PHIC\",\"amount\":904.68},{\"govshare_id\":\"8\",\"emp_govshare_id\":\"301\",\"label\":\"ECC\",\"amount\":100}]', 'Regular', '2026-03-06 10:31:18', '2026-03-06 10:32:42'),
(70, 65, 205, 5, 1, 14, '23027.00', '25027.00', '3198.37', '10914.32', 'APPROVED', 10, '2026-03-06 18:31:57', 10, '2026-03-06 18:32:42', NULL, NULL, NULL, NULL, NULL, 0, '[{\"config_earning_id\":\"1\",\"earning_comp_id\":\"200\",\"label\":\"Sal-Reg\",\"amount\":23027},{\"config_earning_id\":\"3\",\"earning_comp_id\":\"201\",\"label\":\"PERA\",\"amount\":2000}]', '[{\"config_deduction_id\":\"2\",\"deduct_comp_id\":\"622\",\"label\":\"LR_INS\",\"amount\":2072.43},{\"config_deduction_id\":\"4\",\"deduct_comp_id\":\"623\",\"label\":\"PAG_PREM\",\"amount\":300},{\"config_deduction_id\":\"17\",\"deduct_comp_id\":\"625\",\"label\":\"PMG_DS\",\"amount\":250.27},{\"config_deduction_id\":\"21\",\"deduct_comp_id\":\"624\",\"label\":\"PHIC-PREM\",\"amount\":575.67}]', '[{\"govshare_id\":\"1\",\"emp_govshare_id\":\"326\",\"label\":\"L_R\",\"amount\":2763.24},{\"govshare_id\":\"5\",\"emp_govshare_id\":\"327\",\"label\":\"HDMF\",\"amount\":200},{\"govshare_id\":\"7\",\"emp_govshare_id\":\"328\",\"label\":\"PHIC\",\"amount\":575.68},{\"govshare_id\":\"8\",\"emp_govshare_id\":\"325\",\"label\":\"ECC\",\"amount\":100}]', 'Regular', '2026-03-06 10:31:18', '2026-03-06 10:32:42'),
(71, 103, 261, 5, 1, 14, '23211.00', '25211.00', '9790.95', '7710.03', 'APPROVED', 10, '2026-03-06 18:31:57', 10, '2026-03-06 18:32:42', NULL, NULL, NULL, NULL, NULL, 0, '[{\"config_earning_id\":\"1\",\"earning_comp_id\":\"337\",\"label\":\"Sal-Reg\",\"amount\":23211},{\"config_earning_id\":\"3\",\"earning_comp_id\":\"338\",\"label\":\"PERA\",\"amount\":2000}]', '[{\"config_deduction_id\":\"2\",\"deduct_comp_id\":\"612\",\"label\":\"LR_INS\",\"amount\":2088.99},{\"config_deduction_id\":\"4\",\"deduct_comp_id\":\"614\",\"label\":\"PAG_PREM\",\"amount\":300},{\"config_deduction_id\":\"17\",\"deduct_comp_id\":\"616\",\"label\":\"PMG_DS\",\"amount\":252.11},{\"config_deduction_id\":\"18\",\"deduct_comp_id\":\"617\",\"label\":\"PMG_LN\",\"amount\":1916.67},{\"config_deduction_id\":\"21\",\"deduct_comp_id\":\"615\",\"label\":\"PHIC-PREM\",\"amount\":580.27},{\"config_deduction_id\":\"27\",\"deduct_comp_id\":\"613\",\"label\":\"GMPL\",\"amount\":4652.91}]', '[{\"govshare_id\":\"1\",\"emp_govshare_id\":\"318\",\"label\":\"L_R\",\"amount\":2785.32},{\"govshare_id\":\"5\",\"emp_govshare_id\":\"319\",\"label\":\"HDMF\",\"amount\":200},{\"govshare_id\":\"7\",\"emp_govshare_id\":\"320\",\"label\":\"PHIC\",\"amount\":580.28},{\"govshare_id\":\"8\",\"emp_govshare_id\":\"317\",\"label\":\"ECC\",\"amount\":100}]', 'Regular', '2026-03-06 10:31:18', '2026-03-06 10:32:42'),
(72, 104, 208, 5, 1, 14, '23027.00', '25027.00', '3198.37', '10914.32', 'APPROVED', 10, '2026-03-06 18:31:57', 10, '2026-03-06 18:32:42', NULL, NULL, NULL, NULL, NULL, 0, '[{\"config_earning_id\":\"1\",\"earning_comp_id\":\"206\",\"label\":\"Sal-Reg\",\"amount\":23027},{\"config_earning_id\":\"3\",\"earning_comp_id\":\"207\",\"label\":\"PERA\",\"amount\":2000}]', '[{\"config_deduction_id\":\"2\",\"deduct_comp_id\":\"618\",\"label\":\"LR_INS\",\"amount\":2072.43},{\"config_deduction_id\":\"4\",\"deduct_comp_id\":\"619\",\"label\":\"PAG_PREM\",\"amount\":300},{\"config_deduction_id\":\"17\",\"deduct_comp_id\":\"621\",\"label\":\"PMG_DS\",\"amount\":250.27},{\"config_deduction_id\":\"21\",\"deduct_comp_id\":\"620\",\"label\":\"PHIC-PREM\",\"amount\":575.67}]', '[{\"govshare_id\":\"1\",\"emp_govshare_id\":\"322\",\"label\":\"L_R\",\"amount\":2763.24},{\"govshare_id\":\"5\",\"emp_govshare_id\":\"323\",\"label\":\"HDMF\",\"amount\":200},{\"govshare_id\":\"7\",\"emp_govshare_id\":\"324\",\"label\":\"PHIC\",\"amount\":575.68},{\"govshare_id\":\"8\",\"emp_govshare_id\":\"321\",\"label\":\"ECC\",\"amount\":100}]', 'Regular', '2026-03-06 10:31:18', '2026-03-06 10:32:42'),
(73, 113, 209, 5, 1, 14, '23027.00', '25027.00', '3198.37', '10914.32', 'APPROVED', 10, '2026-03-06 18:31:57', 10, '2026-03-06 18:32:42', NULL, NULL, NULL, NULL, NULL, 0, '[{\"config_earning_id\":\"1\",\"earning_comp_id\":\"208\",\"label\":\"Sal-Reg\",\"amount\":23027},{\"config_earning_id\":\"3\",\"earning_comp_id\":\"209\",\"label\":\"PERA\",\"amount\":2000}]', '[{\"config_deduction_id\":\"2\",\"deduct_comp_id\":\"608\",\"label\":\"LR_INS\",\"amount\":2072.43},{\"config_deduction_id\":\"4\",\"deduct_comp_id\":\"609\",\"label\":\"PAG_PREM\",\"amount\":300},{\"config_deduction_id\":\"17\",\"deduct_comp_id\":\"611\",\"label\":\"PMG_DS\",\"amount\":250.27},{\"config_deduction_id\":\"21\",\"deduct_comp_id\":\"610\",\"label\":\"PHIC-PREM\",\"amount\":575.67}]', '[{\"govshare_id\":\"1\",\"emp_govshare_id\":\"314\",\"label\":\"L_R\",\"amount\":2763.24},{\"govshare_id\":\"5\",\"emp_govshare_id\":\"315\",\"label\":\"HDMF\",\"amount\":200},{\"govshare_id\":\"7\",\"emp_govshare_id\":\"316\",\"label\":\"PHIC\",\"amount\":575.68},{\"govshare_id\":\"8\",\"emp_govshare_id\":\"313\",\"label\":\"ECC\",\"amount\":100}]', 'Regular', '2026-03-06 10:31:18', '2026-03-06 10:32:42'),
(74, 105, 210, 5, 1, 14, '23027.00', '25027.00', '4698.37', '10164.32', 'APPROVED', 10, '2026-03-06 18:31:57', 10, '2026-03-06 18:32:42', NULL, NULL, NULL, NULL, NULL, 0, '[{\"config_earning_id\":\"1\",\"earning_comp_id\":\"210\",\"label\":\"Sal-Reg\",\"amount\":23027},{\"config_earning_id\":\"3\",\"earning_comp_id\":\"211\",\"label\":\"PERA\",\"amount\":2000}]', '[{\"config_deduction_id\":\"2\",\"deduct_comp_id\":\"1375\",\"label\":\"LR_INS\",\"amount\":2072.43},{\"config_deduction_id\":\"4\",\"deduct_comp_id\":\"1376\",\"label\":\"PAG_PREM\",\"amount\":300},{\"config_deduction_id\":\"17\",\"deduct_comp_id\":\"1377\",\"label\":\"PMG_DS\",\"amount\":250.27},{\"config_deduction_id\":\"21\",\"deduct_comp_id\":\"1378\",\"label\":\"PHIC-PREM\",\"amount\":575.67},{\"config_deduction_id\":\"31\",\"deduct_comp_id\":\"1379\",\"label\":\"MP2\",\"amount\":1500}]', '[{\"govshare_id\":\"1\",\"emp_govshare_id\":\"310\",\"label\":\"L_R\",\"amount\":2763.24},{\"govshare_id\":\"5\",\"emp_govshare_id\":\"311\",\"label\":\"HDMF\",\"amount\":200},{\"govshare_id\":\"7\",\"emp_govshare_id\":\"312\",\"label\":\"PHIC\",\"amount\":575.68},{\"govshare_id\":\"8\",\"emp_govshare_id\":\"309\",\"label\":\"ECC\",\"amount\":100}]', 'Regular', '2026-03-06 10:31:18', '2026-03-06 10:32:42'),
(75, 98, 207, 5, 1, 14, '14479.00', '16479.00', '11242.69', '2618.16', 'APPROVED', 10, '2026-03-06 18:31:57', 10, '2026-03-06 18:32:42', NULL, NULL, NULL, NULL, NULL, 0, '[{\"config_earning_id\":\"1\",\"earning_comp_id\":\"204\",\"label\":\"Sal-Reg\",\"amount\":14479},{\"config_earning_id\":\"3\",\"earning_comp_id\":\"205\",\"label\":\"PERA\",\"amount\":2000}]', '[{\"config_deduction_id\":\"2\",\"deduct_comp_id\":\"1405\",\"label\":\"LR_INS\",\"amount\":1303.11},{\"config_deduction_id\":\"4\",\"deduct_comp_id\":\"1406\",\"label\":\"PAG_PREM\",\"amount\":289.58},{\"config_deduction_id\":\"5\",\"deduct_comp_id\":\"1407\",\"label\":\"PAG_MPL\",\"amount\":1170.47},{\"config_deduction_id\":\"16\",\"deduct_comp_id\":\"1408\",\"label\":\"PLREG\",\"amount\":500},{\"config_deduction_id\":\"17\",\"deduct_comp_id\":\"1409\",\"label\":\"PMG_DS\",\"amount\":164.79},{\"config_deduction_id\":\"18\",\"deduct_comp_id\":\"1410\",\"label\":\"PMG_LN\",\"amount\":1600},{\"config_deduction_id\":\"21\",\"deduct_comp_id\":\"1411\",\"label\":\"PHIC-PREM\",\"amount\":361.97},{\"config_deduction_id\":\"25\",\"deduct_comp_id\":\"1412\",\"label\":\"EMG_LN\",\"amount\":861.73},{\"config_deduction_id\":\"26\",\"deduct_comp_id\":\"1413\",\"label\":\"COM_LN\",\"amount\":1966.67},{\"config_deduction_id\":\"27\",\"deduct_comp_id\":\"1414\",\"label\":\"GMPL\",\"amount\":1857.7},{\"config_deduction_id\":\"28\",\"deduct_comp_id\":\"1415\",\"label\":\"MPLTE\",\"amount\":1166.67}]', '[{\"govshare_id\":\"1\",\"emp_govshare_id\":\"330\",\"label\":\"L_R\",\"amount\":1737.48},{\"govshare_id\":\"5\",\"emp_govshare_id\":\"331\",\"label\":\"HDMF\",\"amount\":200},{\"govshare_id\":\"7\",\"emp_govshare_id\":\"332\",\"label\":\"PHIC\",\"amount\":361.98},{\"govshare_id\":\"8\",\"emp_govshare_id\":\"329\",\"label\":\"ECC\",\"amount\":100}]', 'Regular', '2026-03-06 10:31:18', '2026-03-06 10:32:42'),
(109, 94, 252, 5, 1, 1, '128397.00', '139397.00', '38255.73', '50570.64', 'APPROVED', 10, '2026-03-10 12:57:31', 10, '2026-03-10 12:57:51', NULL, NULL, NULL, NULL, NULL, 0, '[{\"config_earning_id\":\"1\",\"earning_comp_id\":\"305\",\"label\":\"Sal-Reg\",\"amount\":128397},{\"config_earning_id\":\"3\",\"earning_comp_id\":\"306\",\"label\":\"PERA\",\"amount\":2000},{\"config_earning_id\":\"4\",\"earning_comp_id\":\"307\",\"label\":\"RA\",\"amount\":9000}]', '[{\"config_deduction_id\":\"1\",\"deduct_comp_id\":\"16\",\"label\":\"W_TAX\",\"amount\":23900},{\"config_deduction_id\":\"2\",\"deduct_comp_id\":\"13\",\"label\":\"LR_INS\",\"amount\":11555.73},{\"config_deduction_id\":\"4\",\"deduct_comp_id\":\"14\",\"label\":\"PAG_PREM\",\"amount\":300},{\"config_deduction_id\":\"21\",\"deduct_comp_id\":\"15\",\"label\":\"PHIC-PREM\",\"amount\":2500}]', '[{\"govshare_id\":\"1\",\"emp_govshare_id\":\"2\",\"label\":\"L_R\",\"amount\":15407.64},{\"govshare_id\":\"5\",\"emp_govshare_id\":\"3\",\"label\":\"HDMF\",\"amount\":200},{\"govshare_id\":\"7\",\"emp_govshare_id\":\"4\",\"label\":\"PHIC\",\"amount\":2500},{\"govshare_id\":\"8\",\"emp_govshare_id\":\"1\",\"label\":\"ECC\",\"amount\":100}]', 'Regular', '2026-03-10 04:33:50', '2026-03-10 04:57:51'),
(110, 10, 118, 5, 1, 1, '46649.00', '48649.00', '19318.38', '14665.31', 'APPROVED', 10, '2026-03-10 12:57:31', 10, '2026-03-10 12:57:51', NULL, NULL, NULL, NULL, NULL, 0, '[{\"config_earning_id\":\"1\",\"earning_comp_id\":\"12\",\"label\":\"Sal-Reg\",\"amount\":46649},{\"config_earning_id\":\"3\",\"earning_comp_id\":\"13\",\"label\":\"PERA\",\"amount\":2000}]', '[{\"config_deduction_id\":\"1\",\"deduct_comp_id\":\"20\",\"label\":\"W_TAX\",\"amount\":3420},{\"config_deduction_id\":\"2\",\"deduct_comp_id\":\"17\",\"label\":\"LR_INS\",\"amount\":4198.41},{\"config_deduction_id\":\"4\",\"deduct_comp_id\":\"18\",\"label\":\"PAG_PREM\",\"amount\":300},{\"config_deduction_id\":\"5\",\"deduct_comp_id\":\"22\",\"label\":\"PAG_MPL\",\"amount\":9747.26},{\"config_deduction_id\":\"17\",\"deduct_comp_id\":\"21\",\"label\":\"PMG_DS\",\"amount\":486.49},{\"config_deduction_id\":\"21\",\"deduct_comp_id\":\"19\",\"label\":\"PHIC-PREM\",\"amount\":1166.22}]', '[{\"govshare_id\":\"1\",\"emp_govshare_id\":\"6\",\"label\":\"L_R\",\"amount\":5597.88},{\"govshare_id\":\"5\",\"emp_govshare_id\":\"7\",\"label\":\"HDMF\",\"amount\":200},{\"govshare_id\":\"7\",\"emp_govshare_id\":\"8\",\"label\":\"PHIC\",\"amount\":1166.23},{\"govshare_id\":\"8\",\"emp_govshare_id\":\"5\",\"label\":\"ECC\",\"amount\":100}]', 'Regular', '2026-03-10 04:33:50', '2026-03-10 04:57:51');
INSERT INTO `payroll_entries` (`payroll_entry_id`, `employee_id`, `employment_id`, `payroll_period_id`, `locked_period`, `dept_id`, `locked_basic`, `gross`, `total_deductions`, `net_pay`, `status`, `submitted_by`, `submitted_date`, `approved_by`, `approved_date`, `marked_paid_by`, `marked_paid_date`, `returned_reason`, `locked_by`, `locked_date`, `edit_count`, `earnings_breakdown`, `deductions_breakdown`, `govshares_breakdown`, `emp_type_stamp`, `created_at`, `updated_at`) VALUES
(111, 120, 254, 5, 1, 1, '36544.00', '38544.00', '15204.42', '11669.79', 'APPROVED', 10, '2026-03-10 12:57:31', 10, '2026-03-10 12:57:51', NULL, NULL, NULL, NULL, NULL, 0, '[{\"config_earning_id\":\"1\",\"earning_comp_id\":\"314\",\"label\":\"Sal-Reg\",\"amount\":36544},{\"config_earning_id\":\"3\",\"earning_comp_id\":\"315\",\"label\":\"PERA\",\"amount\":2000}]', '[{\"config_deduction_id\":\"1\",\"deduct_comp_id\":\"769\",\"label\":\"W_TAX\",\"amount\":1650},{\"config_deduction_id\":\"2\",\"deduct_comp_id\":\"770\",\"label\":\"LR_INS\",\"amount\":3288.96},{\"config_deduction_id\":\"4\",\"deduct_comp_id\":\"771\",\"label\":\"PAG_PREM\",\"amount\":300},{\"config_deduction_id\":\"16\",\"deduct_comp_id\":\"772\",\"label\":\"PLREG\",\"amount\":500},{\"config_deduction_id\":\"17\",\"deduct_comp_id\":\"773\",\"label\":\"PMG_DS\",\"amount\":385.44},{\"config_deduction_id\":\"21\",\"deduct_comp_id\":\"774\",\"label\":\"PHIC-PREM\",\"amount\":913.6},{\"config_deduction_id\":\"25\",\"deduct_comp_id\":\"775\",\"label\":\"EMG_LN\",\"amount\":655.56},{\"config_deduction_id\":\"26\",\"deduct_comp_id\":\"776\",\"label\":\"COM_LN\",\"amount\":1966.67},{\"config_deduction_id\":\"27\",\"deduct_comp_id\":\"777\",\"label\":\"GMPL\",\"amount\":4144.19},{\"config_deduction_id\":\"28\",\"deduct_comp_id\":\"778\",\"label\":\"MPLTE\",\"amount\":1400}]', '[{\"govshare_id\":\"1\",\"emp_govshare_id\":\"18\",\"label\":\"L_R\",\"amount\":4385.28},{\"govshare_id\":\"5\",\"emp_govshare_id\":\"19\",\"label\":\"HDMF\",\"amount\":200},{\"govshare_id\":\"7\",\"emp_govshare_id\":\"20\",\"label\":\"PHIC\",\"amount\":913.6},{\"govshare_id\":\"8\",\"emp_govshare_id\":\"17\",\"label\":\"ECC\",\"amount\":100}]', 'Regular', '2026-03-10 04:33:50', '2026-03-10 04:57:51'),
(112, 64, 119, 5, 1, 1, '36187.00', '38187.00', '11058.45', '13564.28', 'APPROVED', 10, '2026-03-10 12:57:31', 10, '2026-03-10 12:57:51', NULL, NULL, NULL, NULL, NULL, 0, '[{\"config_earning_id\":\"1\",\"earning_comp_id\":\"14\",\"label\":\"Sal-Reg\",\"amount\":36187},{\"config_earning_id\":\"3\",\"earning_comp_id\":\"15\",\"label\":\"PERA\",\"amount\":2000}]', '[{\"config_deduction_id\":\"1\",\"deduct_comp_id\":\"33\",\"label\":\"W_TAX\",\"amount\":1600},{\"config_deduction_id\":\"2\",\"deduct_comp_id\":\"28\",\"label\":\"LR_INS\",\"amount\":3256.83},{\"config_deduction_id\":\"4\",\"deduct_comp_id\":\"31\",\"label\":\"PAG_PREM\",\"amount\":300},{\"config_deduction_id\":\"17\",\"deduct_comp_id\":\"34\",\"label\":\"PMG_DS\",\"amount\":381.87},{\"config_deduction_id\":\"21\",\"deduct_comp_id\":\"32\",\"label\":\"PHIC-PREM\",\"amount\":904.67},{\"config_deduction_id\":\"26\",\"deduct_comp_id\":\"30\",\"label\":\"COM_LN\",\"amount\":1966.67},{\"config_deduction_id\":\"27\",\"deduct_comp_id\":\"29\",\"label\":\"GMPL\",\"amount\":2648.41}]', '[{\"govshare_id\":\"1\",\"emp_govshare_id\":\"14\",\"label\":\"L_R\",\"amount\":4342.44},{\"govshare_id\":\"5\",\"emp_govshare_id\":\"15\",\"label\":\"HDMF\",\"amount\":200},{\"govshare_id\":\"7\",\"emp_govshare_id\":\"16\",\"label\":\"PHIC\",\"amount\":904.68},{\"govshare_id\":\"8\",\"emp_govshare_id\":\"13\",\"label\":\"ECC\",\"amount\":100}]', 'Regular', '2026-03-10 04:33:50', '2026-03-10 04:57:51'),
(113, 124, 253, 5, 1, 1, '36187.00', '38187.00', '8226.70', '14980.15', 'APPROVED', 10, '2026-03-10 12:57:31', 10, '2026-03-10 12:57:51', NULL, NULL, NULL, NULL, NULL, 0, '[{\"config_earning_id\":\"1\",\"earning_comp_id\":\"308\",\"label\":\"Sal-Reg\",\"amount\":36187},{\"config_earning_id\":\"3\",\"earning_comp_id\":\"309\",\"label\":\"PERA\",\"amount\":2000}]', '[{\"config_deduction_id\":\"1\",\"deduct_comp_id\":\"897\",\"label\":\"W_TAX\",\"amount\":1600},{\"config_deduction_id\":\"2\",\"deduct_comp_id\":\"898\",\"label\":\"LR_INS\",\"amount\":3256.83},{\"config_deduction_id\":\"4\",\"deduct_comp_id\":\"899\",\"label\":\"PAG_PREM\",\"amount\":300},{\"config_deduction_id\":\"17\",\"deduct_comp_id\":\"900\",\"label\":\"PMG_DS\",\"amount\":381.87},{\"config_deduction_id\":\"21\",\"deduct_comp_id\":\"901\",\"label\":\"PHIC-PREM\",\"amount\":904.67},{\"config_deduction_id\":\"28\",\"deduct_comp_id\":\"902\",\"label\":\"MPLTE\",\"amount\":1783.33}]', '[{\"govshare_id\":\"1\",\"emp_govshare_id\":\"10\",\"label\":\"L_R\",\"amount\":4342.44},{\"govshare_id\":\"5\",\"emp_govshare_id\":\"11\",\"label\":\"HDMF\",\"amount\":200},{\"govshare_id\":\"7\",\"emp_govshare_id\":\"12\",\"label\":\"PHIC\",\"amount\":904.68},{\"govshare_id\":\"8\",\"emp_govshare_id\":\"9\",\"label\":\"ECC\",\"amount\":100}]', 'Regular', '2026-03-10 04:33:50', '2026-03-10 04:57:51'),
(114, 67, 121, 5, 1, 1, '27022.00', '29022.00', '6301.95', '11360.03', 'APPROVED', 10, '2026-03-10 12:57:31', 10, '2026-03-10 12:57:51', NULL, NULL, NULL, NULL, NULL, 0, '[{\"config_earning_id\":\"1\",\"earning_comp_id\":\"18\",\"label\":\"Sal-Reg\",\"amount\":27022},{\"config_earning_id\":\"3\",\"earning_comp_id\":\"19\",\"label\":\"PERA\",\"amount\":2000}]', '[{\"config_deduction_id\":\"1\",\"deduct_comp_id\":\"1606\",\"label\":\"W_TAX\",\"amount\":380},{\"config_deduction_id\":\"2\",\"deduct_comp_id\":\"1607\",\"label\":\"LR_INS\",\"amount\":2431.98},{\"config_deduction_id\":\"4\",\"deduct_comp_id\":\"1608\",\"label\":\"PAG_PREM\",\"amount\":500},{\"config_deduction_id\":\"14\",\"deduct_comp_id\":\"1609\",\"label\":\"SSS\",\"amount\":750},{\"config_deduction_id\":\"17\",\"deduct_comp_id\":\"1610\",\"label\":\"PMG_DS\",\"amount\":290.22},{\"config_deduction_id\":\"21\",\"deduct_comp_id\":\"1611\",\"label\":\"PHIC-PREM\",\"amount\":675.55},{\"config_deduction_id\":\"27\",\"deduct_comp_id\":\"1612\",\"label\":\"GMPL\",\"amount\":774.2},{\"config_deduction_id\":\"31\",\"deduct_comp_id\":\"1613\",\"label\":\"MP2\",\"amount\":500}]', '[{\"govshare_id\":\"1\",\"emp_govshare_id\":\"22\",\"label\":\"L_R\",\"amount\":3242.64},{\"govshare_id\":\"5\",\"emp_govshare_id\":\"23\",\"label\":\"HDMF\",\"amount\":200},{\"govshare_id\":\"7\",\"emp_govshare_id\":\"24\",\"label\":\"PHIC\",\"amount\":675.55},{\"govshare_id\":\"8\",\"emp_govshare_id\":\"21\",\"label\":\"ECC\",\"amount\":100}]', 'Regular', '2026-03-10 04:33:50', '2026-03-10 04:57:51'),
(115, 5, 122, 5, 1, 1, '19478.00', '21478.00', '3504.75', '8986.63', 'APPROVED', 10, '2026-03-10 12:57:31', 10, '2026-03-10 12:57:51', NULL, NULL, NULL, NULL, NULL, 0, '[{\"config_earning_id\":\"1\",\"earning_comp_id\":\"20\",\"label\":\"Sal-Reg\",\"amount\":19478},{\"config_earning_id\":\"3\",\"earning_comp_id\":\"21\",\"label\":\"PERA\",\"amount\":2000}]', '[{\"config_deduction_id\":\"2\",\"deduct_comp_id\":\"52\",\"label\":\"LR_INS\",\"amount\":1753.02},{\"config_deduction_id\":\"4\",\"deduct_comp_id\":\"53\",\"label\":\"PAG_PREM\",\"amount\":300},{\"config_deduction_id\":\"14\",\"deduct_comp_id\":\"55\",\"label\":\"SSS\",\"amount\":750},{\"config_deduction_id\":\"17\",\"deduct_comp_id\":\"56\",\"label\":\"PMG_DS\",\"amount\":214.78},{\"config_deduction_id\":\"21\",\"deduct_comp_id\":\"54\",\"label\":\"PHIC-PREM\",\"amount\":486.95}]', '[{\"govshare_id\":\"1\",\"emp_govshare_id\":\"26\",\"label\":\"L_R\",\"amount\":2337.36},{\"govshare_id\":\"5\",\"emp_govshare_id\":\"27\",\"label\":\"HDMF\",\"amount\":200},{\"govshare_id\":\"7\",\"emp_govshare_id\":\"28\",\"label\":\"PHIC\",\"amount\":486.95},{\"govshare_id\":\"8\",\"emp_govshare_id\":\"25\",\"label\":\"ECC\",\"amount\":100}]', 'Regular', '2026-03-10 04:33:50', '2026-03-10 05:54:56'),
(116, 78, 125, 5, 1, 1, '15150.00', '17150.00', '5680.42', '5734.79', 'APPROVED', 10, '2026-03-10 12:57:31', 10, '2026-03-10 12:57:51', NULL, NULL, NULL, NULL, NULL, 0, '[{\"config_earning_id\":\"1\",\"earning_comp_id\":\"26\",\"label\":\"Sal-Reg\",\"amount\":15150},{\"config_earning_id\":\"3\",\"earning_comp_id\":\"27\",\"label\":\"PERA\",\"amount\":2000}]', '[{\"config_deduction_id\":\"2\",\"deduct_comp_id\":\"70\",\"label\":\"LR_INS\",\"amount\":1363.5},{\"config_deduction_id\":\"4\",\"deduct_comp_id\":\"72\",\"label\":\"PAG_PREM\",\"amount\":300},{\"config_deduction_id\":\"17\",\"deduct_comp_id\":\"75\",\"label\":\"PMG_DS\",\"amount\":171.5},{\"config_deduction_id\":\"18\",\"deduct_comp_id\":\"74\",\"label\":\"PMG_LN\",\"amount\":1500},{\"config_deduction_id\":\"21\",\"deduct_comp_id\":\"73\",\"label\":\"PHIC-PREM\",\"amount\":378.75},{\"config_deduction_id\":\"26\",\"deduct_comp_id\":\"71\",\"label\":\"COM_LN\",\"amount\":1966.67}]', '[{\"govshare_id\":\"1\",\"emp_govshare_id\":\"38\",\"label\":\"L_R\",\"amount\":1818},{\"govshare_id\":\"5\",\"emp_govshare_id\":\"39\",\"label\":\"HDMF\",\"amount\":200},{\"govshare_id\":\"7\",\"emp_govshare_id\":\"40\",\"label\":\"PHIC\",\"amount\":378.75},{\"govshare_id\":\"8\",\"emp_govshare_id\":\"37\",\"label\":\"ECC\",\"amount\":100}]', 'Regular', '2026-03-10 04:33:50', '2026-03-10 04:57:51'),
(117, 43, 126, 5, 1, 1, '15150.00', '17150.00', '7106.34', '5021.83', 'APPROVED', 10, '2026-03-10 12:57:31', 10, '2026-03-10 12:57:51', NULL, NULL, NULL, NULL, NULL, 0, '[{\"config_earning_id\":\"1\",\"earning_comp_id\":\"28\",\"label\":\"Sal-Reg\",\"amount\":15150},{\"config_earning_id\":\"3\",\"earning_comp_id\":\"29\",\"label\":\"PERA\",\"amount\":2000}]', '[{\"config_deduction_id\":\"2\",\"deduct_comp_id\":\"1598\",\"label\":\"LR_INS\",\"amount\":1363.5},{\"config_deduction_id\":\"4\",\"deduct_comp_id\":\"1599\",\"label\":\"PAG_PREM\",\"amount\":300},{\"config_deduction_id\":\"14\",\"deduct_comp_id\":\"1600\",\"label\":\"SSS\",\"amount\":750},{\"config_deduction_id\":\"16\",\"deduct_comp_id\":\"1601\",\"label\":\"PLREG\",\"amount\":100},{\"config_deduction_id\":\"17\",\"deduct_comp_id\":\"1602\",\"label\":\"PMG_DS\",\"amount\":171.5},{\"config_deduction_id\":\"18\",\"deduct_comp_id\":\"1605\",\"label\":\"PMG_LN\",\"amount\":500},{\"config_deduction_id\":\"19\",\"deduct_comp_id\":\"1603\",\"label\":\"GFAL\",\"amount\":3542.59},{\"config_deduction_id\":\"21\",\"deduct_comp_id\":\"1604\",\"label\":\"PHIC-PREM\",\"amount\":378.75}]', '[{\"govshare_id\":\"1\",\"emp_govshare_id\":\"42\",\"label\":\"L_R\",\"amount\":1818},{\"govshare_id\":\"5\",\"emp_govshare_id\":\"43\",\"label\":\"HDMF\",\"amount\":200},{\"govshare_id\":\"7\",\"emp_govshare_id\":\"44\",\"label\":\"PHIC\",\"amount\":378.75},{\"govshare_id\":\"8\",\"emp_govshare_id\":\"41\",\"label\":\"ECC\",\"amount\":100}]', 'Regular', '2026-03-10 04:33:50', '2026-03-10 04:57:51'),
(118, 88, 127, 5, 1, 1, '15150.00', '20180.00', '14420.22', '2879.89', 'APPROVED', 10, '2026-03-10 12:57:31', 10, '2026-03-10 12:57:51', NULL, NULL, NULL, NULL, NULL, 0, '[{\"config_earning_id\":\"1\",\"earning_comp_id\":\"495\",\"label\":\"Sal-Reg\",\"amount\":15150},{\"config_earning_id\":\"3\",\"earning_comp_id\":\"496\",\"label\":\"PERA\",\"amount\":2000},{\"config_earning_id\":\"9\",\"earning_comp_id\":\"497\",\"label\":\"HZD\",\"amount\":3030}]', '[{\"config_deduction_id\":\"2\",\"deduct_comp_id\":\"1341\",\"label\":\"LR_INS\",\"amount\":1363.5},{\"config_deduction_id\":\"4\",\"deduct_comp_id\":\"1342\",\"label\":\"PAG_PREM\",\"amount\":300},{\"config_deduction_id\":\"5\",\"deduct_comp_id\":\"1343\",\"label\":\"PAG_MPL\",\"amount\":3119.01},{\"config_deduction_id\":\"17\",\"deduct_comp_id\":\"1344\",\"label\":\"PMG_DS\",\"amount\":171.5},{\"config_deduction_id\":\"18\",\"deduct_comp_id\":\"1345\",\"label\":\"PMG_LN\",\"amount\":2500},{\"config_deduction_id\":\"21\",\"deduct_comp_id\":\"1346\",\"label\":\"PHIC-PREM\",\"amount\":378.75},{\"config_deduction_id\":\"25\",\"deduct_comp_id\":\"1350\",\"label\":\"EMG_LN\",\"amount\":1311.12},{\"config_deduction_id\":\"26\",\"deduct_comp_id\":\"1347\",\"label\":\"COM_LN\",\"amount\":1966.67},{\"config_deduction_id\":\"27\",\"deduct_comp_id\":\"1348\",\"label\":\"GMPL\",\"amount\":1443},{\"config_deduction_id\":\"28\",\"deduct_comp_id\":\"1349\",\"label\":\"MPLTE\",\"amount\":1866.67}]', '[{\"govshare_id\":\"1\",\"emp_govshare_id\":\"46\",\"label\":\"L_R\",\"amount\":1818},{\"govshare_id\":\"5\",\"emp_govshare_id\":\"47\",\"label\":\"HDMF\",\"amount\":200},{\"govshare_id\":\"7\",\"emp_govshare_id\":\"48\",\"label\":\"PHIC\",\"amount\":378.75},{\"govshare_id\":\"8\",\"emp_govshare_id\":\"45\",\"label\":\"ECC\",\"amount\":100}]', 'Regular', '2026-03-10 04:33:50', '2026-03-10 04:57:51'),
(119, 84, 123, 5, 1, 1, '15150.00', '17150.00', '10397.76', '3376.12', 'APPROVED', 10, '2026-03-10 12:57:31', 10, '2026-03-10 12:57:51', NULL, NULL, NULL, NULL, NULL, 0, '[{\"config_earning_id\":\"1\",\"earning_comp_id\":\"22\",\"label\":\"Sal-Reg\",\"amount\":15150},{\"config_earning_id\":\"3\",\"earning_comp_id\":\"23\",\"label\":\"PERA\",\"amount\":2000}]', '[{\"config_deduction_id\":\"2\",\"deduct_comp_id\":\"57\",\"label\":\"LR_INS\",\"amount\":1363.5},{\"config_deduction_id\":\"4\",\"deduct_comp_id\":\"60\",\"label\":\"PAG_PREM\",\"amount\":300},{\"config_deduction_id\":\"17\",\"deduct_comp_id\":\"62\",\"label\":\"PMG_DS\",\"amount\":171.5},{\"config_deduction_id\":\"18\",\"deduct_comp_id\":\"63\",\"label\":\"PMG_LN\",\"amount\":1500},{\"config_deduction_id\":\"19\",\"deduct_comp_id\":\"58\",\"label\":\"GFAL\",\"amount\":4717.34},{\"config_deduction_id\":\"21\",\"deduct_comp_id\":\"61\",\"label\":\"PHIC-PREM\",\"amount\":378.75},{\"config_deduction_id\":\"26\",\"deduct_comp_id\":\"59\",\"label\":\"COM_LN\",\"amount\":1966.67}]', '[{\"govshare_id\":\"1\",\"emp_govshare_id\":\"30\",\"label\":\"L_R\",\"amount\":1818},{\"govshare_id\":\"5\",\"emp_govshare_id\":\"31\",\"label\":\"HDMF\",\"amount\":200},{\"govshare_id\":\"7\",\"emp_govshare_id\":\"32\",\"label\":\"PHIC\",\"amount\":378.75},{\"govshare_id\":\"8\",\"emp_govshare_id\":\"29\",\"label\":\"ECC\",\"amount\":100}]', 'Regular', '2026-03-10 04:33:50', '2026-03-10 05:54:56'),
(120, 51, 124, 5, 1, 1, '15150.00', '17150.00', '7688.46', '4730.77', 'APPROVED', 10, '2026-03-10 12:57:31', 10, '2026-03-10 12:57:51', NULL, NULL, NULL, NULL, NULL, 0, '[{\"config_earning_id\":\"1\",\"earning_comp_id\":\"24\",\"label\":\"Sal-Reg\",\"amount\":15150},{\"config_earning_id\":\"3\",\"earning_comp_id\":\"25\",\"label\":\"PERA\",\"amount\":2000}]', '[{\"config_deduction_id\":\"2\",\"deduct_comp_id\":\"64\",\"label\":\"LR_INS\",\"amount\":1363.5},{\"config_deduction_id\":\"4\",\"deduct_comp_id\":\"65\",\"label\":\"PAG_PREM\",\"amount\":300},{\"config_deduction_id\":\"12\",\"deduct_comp_id\":\"68\",\"label\":\"LBP\",\"amount\":4724.71},{\"config_deduction_id\":\"14\",\"deduct_comp_id\":\"67\",\"label\":\"SSS\",\"amount\":750},{\"config_deduction_id\":\"17\",\"deduct_comp_id\":\"69\",\"label\":\"PMG_DS\",\"amount\":171.5},{\"config_deduction_id\":\"21\",\"deduct_comp_id\":\"66\",\"label\":\"PHIC-PREM\",\"amount\":378.75}]', '[{\"govshare_id\":\"1\",\"emp_govshare_id\":\"34\",\"label\":\"L_R\",\"amount\":1818},{\"govshare_id\":\"5\",\"emp_govshare_id\":\"35\",\"label\":\"HDMF\",\"amount\":200},{\"govshare_id\":\"7\",\"emp_govshare_id\":\"36\",\"label\":\"PHIC\",\"amount\":378.75},{\"govshare_id\":\"8\",\"emp_govshare_id\":\"33\",\"label\":\"ECC\",\"amount\":100}]', 'Regular', '2026-03-10 04:33:50', '2026-03-10 04:57:51'),
(121, 69, 128, 5, 1, 1, '12748.00', '14748.00', '8836.64', '2955.68', 'APPROVED', 10, '2026-03-10 12:57:31', 10, '2026-03-10 12:57:51', NULL, NULL, NULL, NULL, NULL, 0, '[{\"config_earning_id\":\"1\",\"earning_comp_id\":\"33\",\"label\":\"Sal-Reg\",\"amount\":12748},{\"config_earning_id\":\"3\",\"earning_comp_id\":\"34\",\"label\":\"PERA\",\"amount\":2000}]', '[{\"config_deduction_id\":\"2\",\"deduct_comp_id\":\"1297\",\"label\":\"LR_INS\",\"amount\":1147.32},{\"config_deduction_id\":\"4\",\"deduct_comp_id\":\"1298\",\"label\":\"PAG_PREM\",\"amount\":254.96},{\"config_deduction_id\":\"5\",\"deduct_comp_id\":\"1299\",\"label\":\"PAG_MPL\",\"amount\":819.62},{\"config_deduction_id\":\"17\",\"deduct_comp_id\":\"1300\",\"label\":\"PMG_DS\",\"amount\":147.48},{\"config_deduction_id\":\"21\",\"deduct_comp_id\":\"1301\",\"label\":\"PHIC-PREM\",\"amount\":318.7},{\"config_deduction_id\":\"25\",\"deduct_comp_id\":\"1305\",\"label\":\"EMG_LN\",\"amount\":1311.12},{\"config_deduction_id\":\"26\",\"deduct_comp_id\":\"1302\",\"label\":\"COM_LN\",\"amount\":1966.67},{\"config_deduction_id\":\"27\",\"deduct_comp_id\":\"1303\",\"label\":\"GMPL\",\"amount\":1470.77},{\"config_deduction_id\":\"28\",\"deduct_comp_id\":\"1304\",\"label\":\"MPLTE\",\"amount\":1400}]', '[{\"govshare_id\":\"1\",\"emp_govshare_id\":\"50\",\"label\":\"L_R\",\"amount\":1529.76},{\"govshare_id\":\"5\",\"emp_govshare_id\":\"51\",\"label\":\"HDMF\",\"amount\":200},{\"govshare_id\":\"7\",\"emp_govshare_id\":\"52\",\"label\":\"PHIC\",\"amount\":318.7},{\"govshare_id\":\"8\",\"emp_govshare_id\":\"49\",\"label\":\"ECC\",\"amount\":100}]', 'Regular', '2026-03-10 04:33:50', '2026-03-10 04:57:51'),
(122, 111, 129, 5, 1, 1, '12655.00', '14655.00', '6613.29', '4020.86', 'APPROVED', 10, '2026-03-10 12:57:31', 10, '2026-03-10 12:57:51', NULL, NULL, NULL, NULL, NULL, 0, '[{\"config_earning_id\":\"1\",\"earning_comp_id\":\"35\",\"label\":\"Sal-Reg\",\"amount\":12655},{\"config_earning_id\":\"3\",\"earning_comp_id\":\"36\",\"label\":\"PERA\",\"amount\":2000}]', '[{\"config_deduction_id\":\"2\",\"deduct_comp_id\":\"1429\",\"label\":\"LR_INS\",\"amount\":1138.95},{\"config_deduction_id\":\"4\",\"deduct_comp_id\":\"1430\",\"label\":\"PAG_PREM\",\"amount\":253.1},{\"config_deduction_id\":\"14\",\"deduct_comp_id\":\"1431\",\"label\":\"SSS\",\"amount\":750},{\"config_deduction_id\":\"17\",\"deduct_comp_id\":\"1432\",\"label\":\"PMG_DS\",\"amount\":146.55},{\"config_deduction_id\":\"18\",\"deduct_comp_id\":\"1433\",\"label\":\"PMG_LN\",\"amount\":1500},{\"config_deduction_id\":\"21\",\"deduct_comp_id\":\"1434\",\"label\":\"PHIC-PREM\",\"amount\":316.37},{\"config_deduction_id\":\"27\",\"deduct_comp_id\":\"1435\",\"label\":\"GMPL\",\"amount\":2508.32}]', '[{\"govshare_id\":\"1\",\"emp_govshare_id\":\"54\",\"label\":\"L_R\",\"amount\":1518.6},{\"govshare_id\":\"5\",\"emp_govshare_id\":\"55\",\"label\":\"HDMF\",\"amount\":200},{\"govshare_id\":\"7\",\"emp_govshare_id\":\"56\",\"label\":\"PHIC\",\"amount\":316.38},{\"govshare_id\":\"8\",\"emp_govshare_id\":\"53\",\"label\":\"ECC\",\"amount\":100}]', 'Regular', '2026-03-10 04:33:50', '2026-03-10 04:57:51'),
(123, 33, 197, 5, 1, 15, '89749.00', '122208.84', '55749.42', '33229.71', 'APPROVED', 10, '2026-03-10 17:42:47', 10, '2026-03-10 17:43:10', NULL, NULL, NULL, NULL, NULL, 0, '[{\"config_earning_id\":\"1\",\"earning_comp_id\":\"515\",\"label\":\"Sal-Reg\",\"amount\":89749},{\"config_earning_id\":\"3\",\"earning_comp_id\":\"516\",\"label\":\"PERA\",\"amount\":2000},{\"config_earning_id\":\"4\",\"earning_comp_id\":\"517\",\"label\":\"RA\",\"amount\":7650},{\"config_earning_id\":\"5\",\"earning_comp_id\":\"518\",\"label\":\"TA\",\"amount\":7650},{\"config_earning_id\":\"8\",\"earning_comp_id\":\"519\",\"label\":\"SUB\",\"amount\":800},{\"config_earning_id\":\"9\",\"earning_comp_id\":\"520\",\"label\":\"HZD\",\"amount\":14359.84}]', '[{\"config_deduction_id\":\"1\",\"deduct_comp_id\":\"1614\",\"label\":\"W_TAX\",\"amount\":17800},{\"config_deduction_id\":\"2\",\"deduct_comp_id\":\"1615\",\"label\":\"LR_INS\",\"amount\":8077.41},{\"config_deduction_id\":\"4\",\"deduct_comp_id\":\"1616\",\"label\":\"PAG_PREM\",\"amount\":300},{\"config_deduction_id\":\"8\",\"deduct_comp_id\":\"1617\",\"label\":\"RRB\",\"amount\":7222.46},{\"config_deduction_id\":\"17\",\"deduct_comp_id\":\"1618\",\"label\":\"PMG_DS\",\"amount\":917.49},{\"config_deduction_id\":\"21\",\"deduct_comp_id\":\"1619\",\"label\":\"PHIC-PREM\",\"amount\":2243.72},{\"config_deduction_id\":\"27\",\"deduct_comp_id\":\"1620\",\"label\":\"GMPL\",\"amount\":5450.43},{\"config_deduction_id\":\"32\",\"deduct_comp_id\":\"1621\",\"label\":\"CRBDI\",\"amount\":13737.91}]', '[{\"govshare_id\":\"1\",\"emp_govshare_id\":\"478\",\"label\":\"L_R\",\"amount\":10769.88},{\"govshare_id\":\"5\",\"emp_govshare_id\":\"479\",\"label\":\"HDMF\",\"amount\":200},{\"govshare_id\":\"7\",\"emp_govshare_id\":\"480\",\"label\":\"PHIC\",\"amount\":2243.73},{\"govshare_id\":\"8\",\"emp_govshare_id\":\"477\",\"label\":\"ECC\",\"amount\":100}]', 'Regular', '2026-03-10 09:36:52', '2026-03-10 09:43:10'),
(124, 82, 202, 5, 1, 15, '36187.00', '44776.92', '24578.61', '10099.16', 'APPROVED', 10, '2026-03-10 17:42:47', 10, '2026-03-10 17:43:10', NULL, NULL, NULL, NULL, NULL, 0, '[{\"config_earning_id\":\"1\",\"earning_comp_id\":\"501\",\"label\":\"Sal-Reg\",\"amount\":36187},{\"config_earning_id\":\"3\",\"earning_comp_id\":\"502\",\"label\":\"PERA\",\"amount\":2000},{\"config_earning_id\":\"8\",\"earning_comp_id\":\"504\",\"label\":\"SUB\",\"amount\":800},{\"config_earning_id\":\"9\",\"earning_comp_id\":\"503\",\"label\":\"HZD\",\"amount\":5789.92}]', '[{\"config_deduction_id\":\"1\",\"deduct_comp_id\":\"1622\",\"label\":\"W_TAX\",\"amount\":2650},{\"config_deduction_id\":\"2\",\"deduct_comp_id\":\"1623\",\"label\":\"LR_INS\",\"amount\":3256.83},{\"config_deduction_id\":\"4\",\"deduct_comp_id\":\"1624\",\"label\":\"PAG_PREM\",\"amount\":300},{\"config_deduction_id\":\"5\",\"deduct_comp_id\":\"1625\",\"label\":\"PAG_MPL\",\"amount\":1242.94},{\"config_deduction_id\":\"8\",\"deduct_comp_id\":\"1626\",\"label\":\"RRB\",\"amount\":12184.77},{\"config_deduction_id\":\"17\",\"deduct_comp_id\":\"1627\",\"label\":\"PMG_DS\",\"amount\":381.87},{\"config_deduction_id\":\"21\",\"deduct_comp_id\":\"1628\",\"label\":\"PHIC-PREM\",\"amount\":904.67},{\"config_deduction_id\":\"27\",\"deduct_comp_id\":\"1629\",\"label\":\"GMPL\",\"amount\":2257.53},{\"config_deduction_id\":\"28\",\"deduct_comp_id\":\"1630\",\"label\":\"MPLTE\",\"amount\":1400}]', '[{\"govshare_id\":\"1\",\"emp_govshare_id\":\"482\",\"label\":\"L_R\",\"amount\":4342.44},{\"govshare_id\":\"5\",\"emp_govshare_id\":\"483\",\"label\":\"HDMF\",\"amount\":200},{\"govshare_id\":\"7\",\"emp_govshare_id\":\"484\",\"label\":\"PHIC\",\"amount\":904.68},{\"govshare_id\":\"8\",\"emp_govshare_id\":\"481\",\"label\":\"ECC\",\"amount\":100}]', 'Regular', '2026-03-10 09:36:52', '2026-03-10 09:43:10'),
(125, 110, 198, 5, 1, 15, '27022.00', '34145.52', '6018.30', '14063.61', 'APPROVED', 10, '2026-03-10 17:42:47', 10, '2026-03-10 17:43:10', NULL, NULL, NULL, NULL, NULL, 0, '[{\"config_earning_id\":\"1\",\"earning_comp_id\":\"505\",\"label\":\"Sal-Reg\",\"amount\":27022},{\"config_earning_id\":\"3\",\"earning_comp_id\":\"506\",\"label\":\"PERA\",\"amount\":2000},{\"config_earning_id\":\"8\",\"earning_comp_id\":\"507\",\"label\":\"SUB\",\"amount\":800},{\"config_earning_id\":\"9\",\"earning_comp_id\":\"508\",\"label\":\"HZD\",\"amount\":4323.52}]', '[{\"config_deduction_id\":\"1\",\"deduct_comp_id\":\"1631\",\"label\":\"W_TAX\",\"amount\":750},{\"config_deduction_id\":\"2\",\"deduct_comp_id\":\"1632\",\"label\":\"LR_INS\",\"amount\":2431.98},{\"config_deduction_id\":\"4\",\"deduct_comp_id\":\"1633\",\"label\":\"PAG_PREM\",\"amount\":300},{\"config_deduction_id\":\"17\",\"deduct_comp_id\":\"1634\",\"label\":\"PMG_DS\",\"amount\":290.22},{\"config_deduction_id\":\"21\",\"deduct_comp_id\":\"1635\",\"label\":\"PHIC-PREM\",\"amount\":675.55},{\"config_deduction_id\":\"27\",\"deduct_comp_id\":\"1636\",\"label\":\"GMPL\",\"amount\":1570.55}]', '[{\"govshare_id\":\"1\",\"emp_govshare_id\":\"486\",\"label\":\"L_R\",\"amount\":3242.64},{\"govshare_id\":\"5\",\"emp_govshare_id\":\"487\",\"label\":\"HDMF\",\"amount\":200},{\"govshare_id\":\"7\",\"emp_govshare_id\":\"488\",\"label\":\"PHIC\",\"amount\":675.55},{\"govshare_id\":\"8\",\"emp_govshare_id\":\"485\",\"label\":\"ECC\",\"amount\":100}]', 'Regular', '2026-03-10 09:36:52', '2026-03-10 09:43:10'),
(126, 101, 203, 5, 1, 15, '23027.00', '28711.32', '3198.37', '12756.48', 'APPROVED', 10, '2026-03-10 17:42:47', 10, '2026-03-10 17:43:10', NULL, NULL, NULL, NULL, NULL, 0, '[{\"config_earning_id\":\"1\",\"earning_comp_id\":\"498\",\"label\":\"Sal-Reg\",\"amount\":23027},{\"config_earning_id\":\"3\",\"earning_comp_id\":\"499\",\"label\":\"PERA\",\"amount\":2000},{\"config_earning_id\":\"9\",\"earning_comp_id\":\"500\",\"label\":\"HZD\",\"amount\":3684.32}]', '[{\"config_deduction_id\":\"2\",\"deduct_comp_id\":\"1637\",\"label\":\"LR_INS\",\"amount\":2072.43},{\"config_deduction_id\":\"4\",\"deduct_comp_id\":\"1638\",\"label\":\"PAG_PREM\",\"amount\":300},{\"config_deduction_id\":\"17\",\"deduct_comp_id\":\"1639\",\"label\":\"PMG_DS\",\"amount\":250.27},{\"config_deduction_id\":\"21\",\"deduct_comp_id\":\"1640\",\"label\":\"PHIC-PREM\",\"amount\":575.67}]', '[{\"govshare_id\":\"1\",\"emp_govshare_id\":\"490\",\"label\":\"L_R\",\"amount\":2763.24},{\"govshare_id\":\"5\",\"emp_govshare_id\":\"491\",\"label\":\"HDMF\",\"amount\":200},{\"govshare_id\":\"7\",\"emp_govshare_id\":\"492\",\"label\":\"PHIC\",\"amount\":575.68},{\"govshare_id\":\"8\",\"emp_govshare_id\":\"489\",\"label\":\"ECC\",\"amount\":100}]', 'Regular', '2026-03-10 09:36:52', '2026-03-10 09:43:10'),
(127, 109, 275, 5, 1, 15, '19303.00', '24198.45', '2732.87', '10732.79', 'APPROVED', 10, '2026-03-10 17:42:47', 10, '2026-03-10 17:43:10', NULL, NULL, NULL, NULL, NULL, 0, '[{\"config_earning_id\":\"1\",\"earning_comp_id\":\"512\",\"label\":\"Sal-Reg\",\"amount\":19303},{\"config_earning_id\":\"3\",\"earning_comp_id\":\"513\",\"label\":\"PERA\",\"amount\":2000},{\"config_earning_id\":\"9\",\"earning_comp_id\":\"514\",\"label\":\"HZD\",\"amount\":2895.45}]', '[{\"config_deduction_id\":\"2\",\"deduct_comp_id\":\"1641\",\"label\":\"LR_INS\",\"amount\":1737.27},{\"config_deduction_id\":\"4\",\"deduct_comp_id\":\"1642\",\"label\":\"PAG_PREM\",\"amount\":300},{\"config_deduction_id\":\"17\",\"deduct_comp_id\":\"1643\",\"label\":\"PMG_DS\",\"amount\":213.03},{\"config_deduction_id\":\"21\",\"deduct_comp_id\":\"1644\",\"label\":\"PHIC-PREM\",\"amount\":482.57}]', '[{\"govshare_id\":\"1\",\"emp_govshare_id\":\"498\",\"label\":\"L_R\",\"amount\":2316.36},{\"govshare_id\":\"5\",\"emp_govshare_id\":\"499\",\"label\":\"HDMF\",\"amount\":200},{\"govshare_id\":\"7\",\"emp_govshare_id\":\"500\",\"label\":\"PHIC\",\"amount\":482.58},{\"govshare_id\":\"8\",\"emp_govshare_id\":\"497\",\"label\":\"ECC\",\"amount\":100}]', 'Regular', '2026-03-10 09:36:52', '2026-03-10 09:43:10'),
(128, 14, 199, 5, 1, 15, '20011.00', '25512.93', '20412.93', '2550.00', 'APPROVED', 10, '2026-03-10 17:42:47', 10, '2026-03-10 17:43:10', NULL, NULL, NULL, NULL, NULL, 0, '[{\"config_earning_id\":\"1\",\"earning_comp_id\":\"509\",\"label\":\"Sal-Reg\",\"amount\":20011},{\"config_earning_id\":\"3\",\"earning_comp_id\":\"510\",\"label\":\"PERA\",\"amount\":2000},{\"config_earning_id\":\"9\",\"earning_comp_id\":\"511\",\"label\":\"HZD\",\"amount\":3501.93}]', '[{\"config_deduction_id\":\"2\",\"deduct_comp_id\":\"1656\",\"label\":\"LR_INS\",\"amount\":1800.99},{\"config_deduction_id\":\"4\",\"deduct_comp_id\":\"1657\",\"label\":\"PAG_PREM\",\"amount\":300},{\"config_deduction_id\":\"5\",\"deduct_comp_id\":\"1658\",\"label\":\"PAG_MPL\",\"amount\":5074.99},{\"config_deduction_id\":\"8\",\"deduct_comp_id\":\"1659\",\"label\":\"RRB\",\"amount\":1912.72},{\"config_deduction_id\":\"17\",\"deduct_comp_id\":\"1660\",\"label\":\"PMG_DS\",\"amount\":220.11},{\"config_deduction_id\":\"18\",\"deduct_comp_id\":\"1667\",\"label\":\"PMG_LN\",\"amount\":2130.94},{\"config_deduction_id\":\"19\",\"deduct_comp_id\":\"1661\",\"label\":\"GFAL\",\"amount\":2047.32},{\"config_deduction_id\":\"21\",\"deduct_comp_id\":\"1662\",\"label\":\"PHIC-PREM\",\"amount\":500.27},{\"config_deduction_id\":\"26\",\"deduct_comp_id\":\"1663\",\"label\":\"COM_LN\",\"amount\":1966.67},{\"config_deduction_id\":\"27\",\"deduct_comp_id\":\"1664\",\"label\":\"GMPL\",\"amount\":2653.2},{\"config_deduction_id\":\"28\",\"deduct_comp_id\":\"1665\",\"label\":\"MPLTE\",\"amount\":1166.67},{\"config_deduction_id\":\"30\",\"deduct_comp_id\":\"1666\",\"label\":\"CAL_LN\",\"amount\":639.05}]', '[{\"govshare_id\":\"1\",\"emp_govshare_id\":\"493\",\"label\":\"L_R\",\"amount\":2401.32},{\"govshare_id\":\"5\",\"emp_govshare_id\":\"495\",\"label\":\"HDMF\",\"amount\":200},{\"govshare_id\":\"7\",\"emp_govshare_id\":\"496\",\"label\":\"PHIC\",\"amount\":500.28},{\"govshare_id\":\"8\",\"emp_govshare_id\":\"494\",\"label\":\"ECC\",\"amount\":100}]', 'Regular', '2026-03-10 09:36:52', '2026-03-10 09:43:10'),
(129, 3, 201, 5, 1, 15, '17188.00', '22453.72', '16545.08', '2954.32', 'APPROVED', 10, '2026-03-10 17:42:47', 10, '2026-03-10 17:43:10', NULL, NULL, NULL, NULL, NULL, 0, '[{\"config_earning_id\":\"1\",\"earning_comp_id\":\"521\",\"label\":\"Sal-Reg\",\"amount\":17188},{\"config_earning_id\":\"3\",\"earning_comp_id\":\"522\",\"label\":\"PERA\",\"amount\":2000},{\"config_earning_id\":\"9\",\"earning_comp_id\":\"523\",\"label\":\"HZD\",\"amount\":3265.72}]', '[{\"config_deduction_id\":\"2\",\"deduct_comp_id\":\"1645\",\"label\":\"LR_INS\",\"amount\":1546.92},{\"config_deduction_id\":\"4\",\"deduct_comp_id\":\"1646\",\"label\":\"PAG_PREM\",\"amount\":300},{\"config_deduction_id\":\"5\",\"deduct_comp_id\":\"1647\",\"label\":\"PAG_MPL\",\"amount\":624.93},{\"config_deduction_id\":\"8\",\"deduct_comp_id\":\"1648\",\"label\":\"RRB\",\"amount\":7350.86},{\"config_deduction_id\":\"16\",\"deduct_comp_id\":\"1649\",\"label\":\"PLREG\",\"amount\":100},{\"config_deduction_id\":\"17\",\"deduct_comp_id\":\"1650\",\"label\":\"PMG_DS\",\"amount\":191.88},{\"config_deduction_id\":\"18\",\"deduct_comp_id\":\"1651\",\"label\":\"PMG_LN\",\"amount\":1500},{\"config_deduction_id\":\"21\",\"deduct_comp_id\":\"1652\",\"label\":\"PHIC-PREM\",\"amount\":429.7},{\"config_deduction_id\":\"26\",\"deduct_comp_id\":\"1653\",\"label\":\"COM_LN\",\"amount\":1966.67},{\"config_deduction_id\":\"27\",\"deduct_comp_id\":\"1654\",\"label\":\"GMPL\",\"amount\":1134.12},{\"config_deduction_id\":\"28\",\"deduct_comp_id\":\"1655\",\"label\":\"MPLTE\",\"amount\":1400}]', '[{\"govshare_id\":\"1\",\"emp_govshare_id\":\"502\",\"label\":\"L_R\",\"amount\":2062.56},{\"govshare_id\":\"5\",\"emp_govshare_id\":\"503\",\"label\":\"HDMF\",\"amount\":200},{\"govshare_id\":\"7\",\"emp_govshare_id\":\"504\",\"label\":\"PHIC\",\"amount\":429.7},{\"govshare_id\":\"8\",\"emp_govshare_id\":\"501\",\"label\":\"ECC\",\"amount\":100}]', 'Regular', '2026-03-10 09:36:52', '2026-03-10 09:43:10'),
(150, 108, 229, 5, 1, 11, '98185.00', '125371.65', '38643.12', '43364.27', 'DRAFT', NULL, NULL, NULL, NULL, NULL, NULL, NULL, NULL, NULL, 0, '[{\"config_earning_id\":\"1\",\"earning_comp_id\":\"383\",\"label\":\"Sal-Reg\",\"amount\":98185},{\"config_earning_id\":\"3\",\"earning_comp_id\":\"384\",\"label\":\"PERA\",\"amount\":2000},{\"config_earning_id\":\"4\",\"earning_comp_id\":\"385\",\"label\":\"RA\",\"amount\":7650},{\"config_earning_id\":\"5\",\"earning_comp_id\":\"386\",\"label\":\"TA\",\"amount\":7650},{\"config_earning_id\":\"8\",\"earning_comp_id\":\"389\",\"label\":\"SUB\",\"amount\":900},{\"config_earning_id\":\"9\",\"earning_comp_id\":\"387\",\"label\":\"HZD\",\"amount\":8836.65},{\"config_earning_id\":\"10\",\"earning_comp_id\":\"388\",\"label\":\"LNDRY\",\"amount\":150}]', '[{\"config_deduction_id\":\"1\",\"deduct_comp_id\":\"735\",\"label\":\"W_TAX\",\"amount\":18500},{\"config_deduction_id\":\"2\",\"deduct_comp_id\":\"731\",\"label\":\"LR_INS\",\"amount\":8836.65},{\"config_deduction_id\":\"4\",\"deduct_comp_id\":\"732\",\"label\":\"PAG_PREM\",\"amount\":300},{\"config_deduction_id\":\"14\",\"deduct_comp_id\":\"736\",\"label\":\"SSS\",\"amount\":2550},{\"config_deduction_id\":\"17\",\"deduct_comp_id\":\"737\",\"label\":\"PMG_DS\",\"amount\":1001.85},{\"config_deduction_id\":\"21\",\"deduct_comp_id\":\"734\",\"label\":\"PHIC-PREM\",\"amount\":2454.62},{\"config_deduction_id\":\"31\",\"deduct_comp_id\":\"733\",\"label\":\"MP2\",\"amount\":5000}]', '[{\"govshare_id\":\"1\",\"emp_govshare_id\":\"390\",\"label\":\"L_R\",\"amount\":11782.2},{\"govshare_id\":\"5\",\"emp_govshare_id\":\"391\",\"label\":\"HDMF\",\"amount\":200},{\"govshare_id\":\"7\",\"emp_govshare_id\":\"392\",\"label\":\"PHIC\",\"amount\":2454.63},{\"govshare_id\":\"8\",\"emp_govshare_id\":\"389\",\"label\":\"ECC\",\"amount\":100}]', 'Regular', '2026-03-11 06:16:23', '2026-03-11 06:16:23'),
(151, 71, 230, 5, 1, 11, '47727.00', '58929.23', '40389.69', '9269.77', 'DRAFT', NULL, NULL, NULL, NULL, NULL, NULL, NULL, NULL, NULL, 0, '[{\"config_earning_id\":\"1\",\"earning_comp_id\":\"390\",\"label\":\"Sal-Reg\",\"amount\":47727},{\"config_earning_id\":\"3\",\"earning_comp_id\":\"391\",\"label\":\"PERA\",\"amount\":2000},{\"config_earning_id\":\"8\",\"earning_comp_id\":\"393\",\"label\":\"SUB\",\"amount\":700},{\"config_earning_id\":\"9\",\"earning_comp_id\":\"392\",\"label\":\"HZD\",\"amount\":8352.23},{\"config_earning_id\":\"10\",\"earning_comp_id\":\"394\",\"label\":\"LNDRY\",\"amount\":150}]', '[{\"config_deduction_id\":\"1\",\"deduct_comp_id\":\"743\",\"label\":\"W_TAX\",\"amount\":6000},{\"config_deduction_id\":\"2\",\"deduct_comp_id\":\"738\",\"label\":\"LR_INS\",\"amount\":4295.43},{\"config_deduction_id\":\"4\",\"deduct_comp_id\":\"741\",\"label\":\"PAG_PREM\",\"amount\":300},{\"config_deduction_id\":\"12\",\"deduct_comp_id\":\"745\",\"label\":\"LBP\",\"amount\":20516.53},{\"config_deduction_id\":\"17\",\"deduct_comp_id\":\"744\",\"label\":\"PMG_DS\",\"amount\":497.27},{\"config_deduction_id\":\"21\",\"deduct_comp_id\":\"742\",\"label\":\"PHIC-PREM\",\"amount\":1193.17},{\"config_deduction_id\":\"25\",\"deduct_comp_id\":\"739\",\"label\":\"EMG_LN\",\"amount\":812.06},{\"config_deduction_id\":\"27\",\"deduct_comp_id\":\"740\",\"label\":\"GMPL\",\"amount\":6775.23}]', '[{\"govshare_id\":\"1\",\"emp_govshare_id\":\"394\",\"label\":\"L_R\",\"amount\":5727.24},{\"govshare_id\":\"5\",\"emp_govshare_id\":\"395\",\"label\":\"HDMF\",\"amount\":200},{\"govshare_id\":\"7\",\"emp_govshare_id\":\"396\",\"label\":\"PHIC\",\"amount\":1193.18},{\"govshare_id\":\"8\",\"emp_govshare_id\":\"393\",\"label\":\"ECC\",\"amount\":100}]', 'Regular', '2026-03-11 06:16:23', '2026-03-11 06:16:23'),
(152, 61, 249, 5, 1, 11, '43996.00', '56945.10', '43392.73', '6776.19', 'DRAFT', NULL, NULL, NULL, NULL, NULL, NULL, NULL, NULL, NULL, 0, '[{\"config_earning_id\":\"1\",\"earning_comp_id\":\"395\",\"label\":\"Sal-Reg\",\"amount\":43996},{\"config_earning_id\":\"3\",\"earning_comp_id\":\"396\",\"label\":\"PERA\",\"amount\":2000},{\"config_earning_id\":\"8\",\"earning_comp_id\":\"399\",\"label\":\"SUB\",\"amount\":900},{\"config_earning_id\":\"9\",\"earning_comp_id\":\"397\",\"label\":\"HZD\",\"amount\":9899.1},{\"config_earning_id\":\"10\",\"earning_comp_id\":\"398\",\"label\":\"LNDRY\",\"amount\":150}]', '[{\"config_deduction_id\":\"1\",\"deduct_comp_id\":\"1258\",\"label\":\"W_TAX\",\"amount\":5050},{\"config_deduction_id\":\"2\",\"deduct_comp_id\":\"1259\",\"label\":\"LR_INS\",\"amount\":3959.64},{\"config_deduction_id\":\"4\",\"deduct_comp_id\":\"1260\",\"label\":\"PAG_PREM\",\"amount\":300},{\"config_deduction_id\":\"8\",\"deduct_comp_id\":\"1261\",\"label\":\"RRB\",\"amount\":7350.86},{\"config_deduction_id\":\"16\",\"deduct_comp_id\":\"1262\",\"label\":\"PLREG\",\"amount\":500},{\"config_deduction_id\":\"17\",\"deduct_comp_id\":\"1263\",\"label\":\"PMG_DS\",\"amount\":459.96},{\"config_deduction_id\":\"18\",\"deduct_comp_id\":\"1264\",\"label\":\"PMG_LN\",\"amount\":2500},{\"config_deduction_id\":\"21\",\"deduct_comp_id\":\"1265\",\"label\":\"PHIC-PREM\",\"amount\":1099.9},{\"config_deduction_id\":\"25\",\"deduct_comp_id\":\"1270\",\"label\":\"EMG_LN\",\"amount\":1311.12},{\"config_deduction_id\":\"26\",\"deduct_comp_id\":\"1266\",\"label\":\"COM_LN\",\"amount\":1966.67},{\"config_deduction_id\":\"27\",\"deduct_comp_id\":\"1267\",\"label\":\"GMPL\",\"amount\":6551.51},{\"config_deduction_id\":\"28\",\"deduct_comp_id\":\"1268\",\"label\":\"MPLTE\",\"amount\":2333.33},{\"config_deduction_id\":\"32\",\"deduct_comp_id\":\"1269\",\"label\":\"CRBDI\",\"amount\":10009.74}]', '[{\"govshare_id\":\"1\",\"emp_govshare_id\":\"398\",\"label\":\"L_R\",\"amount\":5279.52},{\"govshare_id\":\"5\",\"emp_govshare_id\":\"399\",\"label\":\"HDMF\",\"amount\":200},{\"govshare_id\":\"7\",\"emp_govshare_id\":\"400\",\"label\":\"PHIC\",\"amount\":1099.9},{\"govshare_id\":\"8\",\"emp_govshare_id\":\"397\",\"label\":\"ECC\",\"amount\":100}]', 'Regular', '2026-03-11 06:16:23', '2026-03-11 06:16:23'),
(153, 38, 243, 5, 1, 11, '40604.00', '53347.45', '18944.36', '17201.55', 'DRAFT', NULL, NULL, NULL, NULL, NULL, NULL, NULL, NULL, NULL, 0, '[{\"config_earning_id\":\"1\",\"earning_comp_id\":\"400\",\"label\":\"Sal-Reg\",\"amount\":40604},{\"config_earning_id\":\"3\",\"earning_comp_id\":\"401\",\"label\":\"PERA\",\"amount\":2000},{\"config_earning_id\":\"8\",\"earning_comp_id\":\"402\",\"label\":\"SUB\",\"amount\":950},{\"config_earning_id\":\"9\",\"earning_comp_id\":\"403\",\"label\":\"HZD\",\"amount\":9643.45},{\"config_earning_id\":\"10\",\"earning_comp_id\":\"404\",\"label\":\"LNDRY\",\"amount\":150}]', '[{\"config_deduction_id\":\"1\",\"deduct_comp_id\":\"819\",\"label\":\"W_TAX\",\"amount\":4150},{\"config_deduction_id\":\"2\",\"deduct_comp_id\":\"813\",\"label\":\"LR_INS\",\"amount\":3654.36},{\"config_deduction_id\":\"4\",\"deduct_comp_id\":\"816\",\"label\":\"PAG_PREM\",\"amount\":300},{\"config_deduction_id\":\"5\",\"deduct_comp_id\":\"817\",\"label\":\"PAG_MPL\",\"amount\":3275.34},{\"config_deduction_id\":\"17\",\"deduct_comp_id\":\"820\",\"label\":\"PMG_DS\",\"amount\":426.04},{\"config_deduction_id\":\"21\",\"deduct_comp_id\":\"818\",\"label\":\"PHIC-PREM\",\"amount\":1015.1},{\"config_deduction_id\":\"25\",\"deduct_comp_id\":\"814\",\"label\":\"EMG_LN\",\"amount\":655.56},{\"config_deduction_id\":\"27\",\"deduct_comp_id\":\"815\",\"label\":\"GMPL\",\"amount\":5467.96}]', '[{\"govshare_id\":\"1\",\"emp_govshare_id\":\"402\",\"label\":\"L_R\",\"amount\":4872.48},{\"govshare_id\":\"5\",\"emp_govshare_id\":\"403\",\"label\":\"HDMF\",\"amount\":200},{\"govshare_id\":\"7\",\"emp_govshare_id\":\"404\",\"label\":\"PHIC\",\"amount\":1015.1},{\"govshare_id\":\"8\",\"emp_govshare_id\":\"401\",\"label\":\"ECC\",\"amount\":100}]', 'Regular', '2026-03-11 06:16:23', '2026-03-11 06:16:23'),
(154, 18, 239, 5, 1, 11, '34733.00', '46566.25', '35468.13', '5549.06', 'DRAFT', NULL, NULL, NULL, NULL, NULL, NULL, NULL, NULL, NULL, 0, '[{\"config_earning_id\":\"1\",\"earning_comp_id\":\"410\",\"label\":\"Sal-Reg\",\"amount\":34733},{\"config_earning_id\":\"3\",\"earning_comp_id\":\"411\",\"label\":\"PERA\",\"amount\":2000},{\"config_earning_id\":\"8\",\"earning_comp_id\":\"412\",\"label\":\"SUB\",\"amount\":1000},{\"config_earning_id\":\"9\",\"earning_comp_id\":\"413\",\"label\":\"HZD\",\"amount\":8683.25},{\"config_earning_id\":\"10\",\"earning_comp_id\":\"414\",\"label\":\"LNDRY\",\"amount\":150}]', '[{\"config_deduction_id\":\"1\",\"deduct_comp_id\":\"1176\",\"label\":\"W_TAX\",\"amount\":2650},{\"config_deduction_id\":\"2\",\"deduct_comp_id\":\"1177\",\"label\":\"LR_INS\",\"amount\":3125.97},{\"config_deduction_id\":\"4\",\"deduct_comp_id\":\"1178\",\"label\":\"PAG_PREM\",\"amount\":300},{\"config_deduction_id\":\"8\",\"deduct_comp_id\":\"1179\",\"label\":\"RRB\",\"amount\":2516.95},{\"config_deduction_id\":\"12\",\"deduct_comp_id\":\"1180\",\"label\":\"LBP\",\"amount\":13335.75},{\"config_deduction_id\":\"16\",\"deduct_comp_id\":\"1181\",\"label\":\"PLREG\",\"amount\":500},{\"config_deduction_id\":\"17\",\"deduct_comp_id\":\"1182\",\"label\":\"PMG_DS\",\"amount\":367.33},{\"config_deduction_id\":\"18\",\"deduct_comp_id\":\"1183\",\"label\":\"PMG_LN\",\"amount\":2500},{\"config_deduction_id\":\"21\",\"deduct_comp_id\":\"1184\",\"label\":\"PHIC-PREM\",\"amount\":868.32},{\"config_deduction_id\":\"25\",\"deduct_comp_id\":\"1185\",\"label\":\"EMG_LN\",\"amount\":1311.12},{\"config_deduction_id\":\"26\",\"deduct_comp_id\":\"1186\",\"label\":\"COM_LN\",\"amount\":1966.67},{\"config_deduction_id\":\"27\",\"deduct_comp_id\":\"1187\",\"label\":\"GMPL\",\"amount\":3692.69},{\"config_deduction_id\":\"28\",\"deduct_comp_id\":\"1188\",\"label\":\"MPLTE\",\"amount\":2333.33}]', '[{\"govshare_id\":\"1\",\"emp_govshare_id\":\"410\",\"label\":\"L_R\",\"amount\":4167.96},{\"govshare_id\":\"5\",\"emp_govshare_id\":\"411\",\"label\":\"HDMF\",\"amount\":200},{\"govshare_id\":\"7\",\"emp_govshare_id\":\"412\",\"label\":\"PHIC\",\"amount\":868.33},{\"govshare_id\":\"8\",\"emp_govshare_id\":\"409\",\"label\":\"ECC\",\"amount\":100}]', 'Regular', '2026-03-11 06:16:23', '2026-03-11 06:16:23'),
(155, 52, 231, 5, 1, 11, '35049.00', '46473.14', '20943.03', '12765.06', 'DRAFT', NULL, NULL, NULL, NULL, NULL, NULL, NULL, NULL, NULL, 0, '[{\"config_earning_id\":\"1\",\"earning_comp_id\":\"405\",\"label\":\"Sal-Reg\",\"amount\":35049},{\"config_earning_id\":\"3\",\"earning_comp_id\":\"406\",\"label\":\"PERA\",\"amount\":2000},{\"config_earning_id\":\"8\",\"earning_comp_id\":\"407\",\"label\":\"SUB\",\"amount\":950},{\"config_earning_id\":\"9\",\"earning_comp_id\":\"408\",\"label\":\"HZD\",\"amount\":8324.14},{\"config_earning_id\":\"10\",\"earning_comp_id\":\"409\",\"label\":\"LNDRY\",\"amount\":150}]', '[{\"config_deduction_id\":\"1\",\"deduct_comp_id\":\"1214\",\"label\":\"W_TAX\",\"amount\":2710},{\"config_deduction_id\":\"2\",\"deduct_comp_id\":\"1215\",\"label\":\"LR_INS\",\"amount\":3154.41},{\"config_deduction_id\":\"4\",\"deduct_comp_id\":\"1216\",\"label\":\"PAG_PREM\",\"amount\":300},{\"config_deduction_id\":\"5\",\"deduct_comp_id\":\"1217\",\"label\":\"PAG_MPL\",\"amount\":2251.03},{\"config_deduction_id\":\"16\",\"deduct_comp_id\":\"1218\",\"label\":\"PLREG\",\"amount\":500},{\"config_deduction_id\":\"17\",\"deduct_comp_id\":\"1219\",\"label\":\"PMG_DS\",\"amount\":370.49},{\"config_deduction_id\":\"21\",\"deduct_comp_id\":\"1220\",\"label\":\"PHIC-PREM\",\"amount\":876.22},{\"config_deduction_id\":\"25\",\"deduct_comp_id\":\"1224\",\"label\":\"EMG_LN\",\"amount\":1311.12},{\"config_deduction_id\":\"26\",\"deduct_comp_id\":\"1221\",\"label\":\"COM_LN\",\"amount\":1966.67},{\"config_deduction_id\":\"27\",\"deduct_comp_id\":\"1222\",\"label\":\"GMPL\",\"amount\":5169.76},{\"config_deduction_id\":\"28\",\"deduct_comp_id\":\"1223\",\"label\":\"MPLTE\",\"amount\":2333.33}]', '[{\"govshare_id\":\"1\",\"emp_govshare_id\":\"406\",\"label\":\"L_R\",\"amount\":4205.88},{\"govshare_id\":\"5\",\"emp_govshare_id\":\"407\",\"label\":\"HDMF\",\"amount\":200},{\"govshare_id\":\"7\",\"emp_govshare_id\":\"408\",\"label\":\"PHIC\",\"amount\":876.23},{\"govshare_id\":\"8\",\"emp_govshare_id\":\"405\",\"label\":\"ECC\",\"amount\":100}]', 'Regular', '2026-03-11 06:16:23', '2026-03-11 06:16:23'),
(156, 89, 233, 5, 1, 11, '32099.00', '43273.75', '26043.29', '8615.23', 'DRAFT', NULL, NULL, NULL, NULL, NULL, NULL, NULL, NULL, NULL, 0, '[{\"config_earning_id\":\"1\",\"earning_comp_id\":\"415\",\"label\":\"Sal-Reg\",\"amount\":32099},{\"config_earning_id\":\"3\",\"earning_comp_id\":\"416\",\"label\":\"PERA\",\"amount\":2000},{\"config_earning_id\":\"8\",\"earning_comp_id\":\"417\",\"label\":\"SUB\",\"amount\":1000},{\"config_earning_id\":\"9\",\"earning_comp_id\":\"418\",\"label\":\"HZD\",\"amount\":8024.75},{\"config_earning_id\":\"10\",\"earning_comp_id\":\"419\",\"label\":\"LNDRY\",\"amount\":150}]', '[{\"config_deduction_id\":\"1\",\"deduct_comp_id\":\"1357\",\"label\":\"W_TAX\",\"amount\":1950},{\"config_deduction_id\":\"2\",\"deduct_comp_id\":\"1358\",\"label\":\"LR_INS\",\"amount\":2888.91},{\"config_deduction_id\":\"4\",\"deduct_comp_id\":\"1359\",\"label\":\"PAG_PREM\",\"amount\":300},{\"config_deduction_id\":\"5\",\"deduct_comp_id\":\"1360\",\"label\":\"PAG_MPL\",\"amount\":1901.26},{\"config_deduction_id\":\"8\",\"deduct_comp_id\":\"1361\",\"label\":\"RRB\",\"amount\":12184.77},{\"config_deduction_id\":\"17\",\"deduct_comp_id\":\"1362\",\"label\":\"PMG_DS\",\"amount\":340.99},{\"config_deduction_id\":\"18\",\"deduct_comp_id\":\"1363\",\"label\":\"PMG_LN\",\"amount\":2500},{\"config_deduction_id\":\"21\",\"deduct_comp_id\":\"1364\",\"label\":\"PHIC-PREM\",\"amount\":802.47},{\"config_deduction_id\":\"25\",\"deduct_comp_id\":\"1366\",\"label\":\"EMG_LN\",\"amount\":841.56},{\"config_deduction_id\":\"28\",\"deduct_comp_id\":\"1365\",\"label\":\"MPLTE\",\"amount\":2333.33}]', '[{\"govshare_id\":\"1\",\"emp_govshare_id\":\"414\",\"label\":\"L_R\",\"amount\":3851.88},{\"govshare_id\":\"5\",\"emp_govshare_id\":\"415\",\"label\":\"HDMF\",\"amount\":200},{\"govshare_id\":\"7\",\"emp_govshare_id\":\"416\",\"label\":\"PHIC\",\"amount\":802.48},{\"govshare_id\":\"8\",\"emp_govshare_id\":\"413\",\"label\":\"ECC\",\"amount\":100}]', 'Regular', '2026-03-11 06:16:23', '2026-03-11 06:16:23'),
(157, 15, 270, 5, 1, 11, '31486.00', '42507.50', '27348.65', '7579.43', 'DRAFT', NULL, NULL, NULL, NULL, NULL, NULL, NULL, NULL, NULL, 0, '[{\"config_earning_id\":\"1\",\"earning_comp_id\":\"420\",\"label\":\"Sal-Reg\",\"amount\":31486},{\"config_earning_id\":\"3\",\"earning_comp_id\":\"421\",\"label\":\"PERA\",\"amount\":2000},{\"config_earning_id\":\"8\",\"earning_comp_id\":\"422\",\"label\":\"SUB\",\"amount\":1000},{\"config_earning_id\":\"9\",\"earning_comp_id\":\"423\",\"label\":\"HZD\",\"amount\":7871.5},{\"config_earning_id\":\"10\",\"earning_comp_id\":\"424\",\"label\":\"LNDRY\",\"amount\":150}]', '[{\"config_deduction_id\":\"1\",\"deduct_comp_id\":\"720\",\"label\":\"W_TAX\",\"amount\":1820},{\"config_deduction_id\":\"2\",\"deduct_comp_id\":\"712\",\"label\":\"LR_INS\",\"amount\":2833.74},{\"config_deduction_id\":\"4\",\"deduct_comp_id\":\"717\",\"label\":\"PAG_PREM\",\"amount\":300},{\"config_deduction_id\":\"5\",\"deduct_comp_id\":\"718\",\"label\":\"PAG_MPL\",\"amount\":4376.51},{\"config_deduction_id\":\"16\",\"deduct_comp_id\":\"713\",\"label\":\"PLREG\",\"amount\":500},{\"config_deduction_id\":\"17\",\"deduct_comp_id\":\"721\",\"label\":\"PMG_DS\",\"amount\":334.86},{\"config_deduction_id\":\"19\",\"deduct_comp_id\":\"714\",\"label\":\"GFAL\",\"amount\":8935.95},{\"config_deduction_id\":\"21\",\"deduct_comp_id\":\"719\",\"label\":\"PHIC-PREM\",\"amount\":787.15},{\"config_deduction_id\":\"27\",\"deduct_comp_id\":\"715\",\"label\":\"GMPL\",\"amount\":5127.11},{\"config_deduction_id\":\"28\",\"deduct_comp_id\":\"716\",\"label\":\"MPLTE\",\"amount\":2333.33}]', '[{\"govshare_id\":\"1\",\"emp_govshare_id\":\"418\",\"label\":\"L_R\",\"amount\":3778.32},{\"govshare_id\":\"5\",\"emp_govshare_id\":\"419\",\"label\":\"HDMF\",\"amount\":200},{\"govshare_id\":\"7\",\"emp_govshare_id\":\"420\",\"label\":\"PHIC\",\"amount\":787.15},{\"govshare_id\":\"8\",\"emp_govshare_id\":\"417\",\"label\":\"ECC\",\"amount\":100}]', 'Regular', '2026-03-11 06:16:23', '2026-03-11 06:16:23'),
(158, 60, 234, 5, 1, 11, '30597.00', '41396.25', '30141.27', '5627.49', 'DRAFT', NULL, NULL, NULL, NULL, NULL, NULL, NULL, NULL, NULL, 0, '[{\"config_earning_id\":\"1\",\"earning_comp_id\":\"430\",\"label\":\"Sal-Reg\",\"amount\":30597},{\"config_earning_id\":\"3\",\"earning_comp_id\":\"431\",\"label\":\"PERA\",\"amount\":2000},{\"config_earning_id\":\"8\",\"earning_comp_id\":\"432\",\"label\":\"SUB\",\"amount\":1000},{\"config_earning_id\":\"9\",\"earning_comp_id\":\"433\",\"label\":\"HZD\",\"amount\":7649.25},{\"config_earning_id\":\"10\",\"earning_comp_id\":\"434\",\"label\":\"LNDRY\",\"amount\":150}]', '[{\"config_deduction_id\":\"1\",\"deduct_comp_id\":\"1563\",\"label\":\"W_TAX\",\"amount\":1650},{\"config_deduction_id\":\"2\",\"deduct_comp_id\":\"1564\",\"label\":\"LR_INS\",\"amount\":2753.73},{\"config_deduction_id\":\"4\",\"deduct_comp_id\":\"1565\",\"label\":\"PAG_PREM\",\"amount\":300},{\"config_deduction_id\":\"8\",\"deduct_comp_id\":\"1566\",\"label\":\"RRB\",\"amount\":1550.17},{\"config_deduction_id\":\"12\",\"deduct_comp_id\":\"1567\",\"label\":\"LBP\",\"amount\":12412.5},{\"config_deduction_id\":\"17\",\"deduct_comp_id\":\"1568\",\"label\":\"PMG_DS\",\"amount\":325.97},{\"config_deduction_id\":\"18\",\"deduct_comp_id\":\"1569\",\"label\":\"PMG_LN\",\"amount\":1500},{\"config_deduction_id\":\"21\",\"deduct_comp_id\":\"1570\",\"label\":\"PHIC-PREM\",\"amount\":764.92},{\"config_deduction_id\":\"25\",\"deduct_comp_id\":\"1571\",\"label\":\"EMG_LN\",\"amount\":1311.12},{\"config_deduction_id\":\"26\",\"deduct_comp_id\":\"1572\",\"label\":\"COM_LN\",\"amount\":1966.67},{\"config_deduction_id\":\"27\",\"deduct_comp_id\":\"1573\",\"label\":\"GMPL\",\"amount\":3883.38},{\"config_deduction_id\":\"28\",\"deduct_comp_id\":\"1574\",\"label\":\"MPLTE\",\"amount\":1400},{\"config_deduction_id\":\"30\",\"deduct_comp_id\":\"1575\",\"label\":\"CAL_LN\",\"amount\":322.81}]', '[{\"govshare_id\":\"1\",\"emp_govshare_id\":\"426\",\"label\":\"L_R\",\"amount\":3671.64},{\"govshare_id\":\"5\",\"emp_govshare_id\":\"427\",\"label\":\"HDMF\",\"amount\":200},{\"govshare_id\":\"7\",\"emp_govshare_id\":\"428\",\"label\":\"PHIC\",\"amount\":764.93},{\"govshare_id\":\"8\",\"emp_govshare_id\":\"425\",\"label\":\"ECC\",\"amount\":100}]', 'Regular', '2026-03-11 06:16:23', '2026-03-11 06:16:23');
INSERT INTO `payroll_entries` (`payroll_entry_id`, `employee_id`, `employment_id`, `payroll_period_id`, `locked_period`, `dept_id`, `locked_basic`, `gross`, `total_deductions`, `net_pay`, `status`, `submitted_by`, `submitted_date`, `approved_by`, `approved_date`, `marked_paid_by`, `marked_paid_date`, `returned_reason`, `locked_by`, `locked_date`, `edit_count`, `earnings_breakdown`, `deductions_breakdown`, `govshares_breakdown`, `emp_type_stamp`, `created_at`, `updated_at`) VALUES
(159, 83, 271, 5, 1, 11, '30308.00', '40606.15', '30899.12', '4853.52', 'DRAFT', NULL, NULL, NULL, NULL, NULL, NULL, NULL, NULL, NULL, 0, '[{\"config_earning_id\":\"1\",\"earning_comp_id\":\"455\",\"label\":\"Sal-Reg\",\"amount\":30308},{\"config_earning_id\":\"3\",\"earning_comp_id\":\"456\",\"label\":\"PERA\",\"amount\":2000},{\"config_earning_id\":\"8\",\"earning_comp_id\":\"457\",\"label\":\"SUB\",\"amount\":950},{\"config_earning_id\":\"9\",\"earning_comp_id\":\"458\",\"label\":\"HZD\",\"amount\":7198.15},{\"config_earning_id\":\"10\",\"earning_comp_id\":\"459\",\"label\":\"LNDRY\",\"amount\":150}]', '[{\"config_deduction_id\":\"1\",\"deduct_comp_id\":\"1328\",\"label\":\"W_TAX\",\"amount\":1600},{\"config_deduction_id\":\"2\",\"deduct_comp_id\":\"1329\",\"label\":\"LR_INS\",\"amount\":2727.72},{\"config_deduction_id\":\"4\",\"deduct_comp_id\":\"1330\",\"label\":\"PAG_PREM\",\"amount\":300},{\"config_deduction_id\":\"8\",\"deduct_comp_id\":\"1331\",\"label\":\"RRB\",\"amount\":2516.95},{\"config_deduction_id\":\"12\",\"deduct_comp_id\":\"1332\",\"label\":\"LBP\",\"amount\":12412.5},{\"config_deduction_id\":\"16\",\"deduct_comp_id\":\"1333\",\"label\":\"PLREG\",\"amount\":200},{\"config_deduction_id\":\"17\",\"deduct_comp_id\":\"1334\",\"label\":\"PMG_DS\",\"amount\":323.08},{\"config_deduction_id\":\"18\",\"deduct_comp_id\":\"1335\",\"label\":\"PMG_LN\",\"amount\":1500},{\"config_deduction_id\":\"21\",\"deduct_comp_id\":\"1336\",\"label\":\"PHIC-PREM\",\"amount\":757.7},{\"config_deduction_id\":\"25\",\"deduct_comp_id\":\"1340\",\"label\":\"EMG_LN\",\"amount\":1311.12},{\"config_deduction_id\":\"26\",\"deduct_comp_id\":\"1337\",\"label\":\"COM_LN\",\"amount\":1966.67},{\"config_deduction_id\":\"27\",\"deduct_comp_id\":\"1338\",\"label\":\"GMPL\",\"amount\":3883.38},{\"config_deduction_id\":\"28\",\"deduct_comp_id\":\"1339\",\"label\":\"MPLTE\",\"amount\":1400}]', '[{\"govshare_id\":\"1\",\"emp_govshare_id\":\"446\",\"label\":\"L_R\",\"amount\":3636.96},{\"govshare_id\":\"5\",\"emp_govshare_id\":\"447\",\"label\":\"HDMF\",\"amount\":200},{\"govshare_id\":\"7\",\"emp_govshare_id\":\"448\",\"label\":\"PHIC\",\"amount\":757.7},{\"govshare_id\":\"8\",\"emp_govshare_id\":\"445\",\"label\":\"ECC\",\"amount\":100}]', 'Regular', '2026-03-11 06:16:23', '2026-03-11 06:16:23'),
(160, 77, 272, 5, 1, 11, '30597.00', '39882.63', '31852.83', '4014.90', 'DRAFT', NULL, NULL, NULL, NULL, NULL, NULL, NULL, NULL, NULL, 0, '[{\"config_earning_id\":\"1\",\"earning_comp_id\":\"445\",\"label\":\"Sal-Reg\",\"amount\":30597},{\"config_earning_id\":\"3\",\"earning_comp_id\":\"446\",\"label\":\"PERA\",\"amount\":2000},{\"config_earning_id\":\"8\",\"earning_comp_id\":\"447\",\"label\":\"SUB\",\"amount\":825},{\"config_earning_id\":\"9\",\"earning_comp_id\":\"448\",\"label\":\"HZD\",\"amount\":6310.63},{\"config_earning_id\":\"10\",\"earning_comp_id\":\"449\",\"label\":\"LNDRY\",\"amount\":150}]', '[{\"config_deduction_id\":\"1\",\"deduct_comp_id\":\"1013\",\"label\":\"W_TAX\",\"amount\":1650},{\"config_deduction_id\":\"2\",\"deduct_comp_id\":\"1005\",\"label\":\"LR_INS\",\"amount\":2753.73},{\"config_deduction_id\":\"4\",\"deduct_comp_id\":\"1010\",\"label\":\"PAG_PREM\",\"amount\":300},{\"config_deduction_id\":\"5\",\"deduct_comp_id\":\"1011\",\"label\":\"PAG_MPL\",\"amount\":1638.56},{\"config_deduction_id\":\"12\",\"deduct_comp_id\":\"1016\",\"label\":\"LBP\",\"amount\":14361.57},{\"config_deduction_id\":\"16\",\"deduct_comp_id\":\"1007\",\"label\":\"PLREG\",\"amount\":300},{\"config_deduction_id\":\"17\",\"deduct_comp_id\":\"1014\",\"label\":\"PMG_DS\",\"amount\":325.97},{\"config_deduction_id\":\"18\",\"deduct_comp_id\":\"1015\",\"label\":\"PMG_LN\",\"amount\":1500},{\"config_deduction_id\":\"21\",\"deduct_comp_id\":\"1012\",\"label\":\"PHIC-PREM\",\"amount\":764.92},{\"config_deduction_id\":\"25\",\"deduct_comp_id\":\"1006\",\"label\":\"EMG_LN\",\"amount\":1211.94},{\"config_deduction_id\":\"26\",\"deduct_comp_id\":\"1017\",\"label\":\"COM_LN\",\"amount\":1966.67},{\"config_deduction_id\":\"27\",\"deduct_comp_id\":\"1008\",\"label\":\"GMPL\",\"amount\":3679.47},{\"config_deduction_id\":\"28\",\"deduct_comp_id\":\"1009\",\"label\":\"MPLTE\",\"amount\":1400}]', '[{\"govshare_id\":\"1\",\"emp_govshare_id\":\"438\",\"label\":\"L_R\",\"amount\":3671.64},{\"govshare_id\":\"5\",\"emp_govshare_id\":\"439\",\"label\":\"HDMF\",\"amount\":200},{\"govshare_id\":\"7\",\"emp_govshare_id\":\"440\",\"label\":\"PHIC\",\"amount\":764.93},{\"govshare_id\":\"8\",\"emp_govshare_id\":\"437\",\"label\":\"ECC\",\"amount\":100}]', 'Regular', '2026-03-11 06:16:23', '2026-03-11 06:16:23'),
(161, 48, 241, 5, 1, 11, '30024.00', '40042.05', '28424.84', '5808.61', 'DRAFT', NULL, NULL, NULL, NULL, NULL, NULL, NULL, NULL, NULL, 0, '[{\"config_earning_id\":\"1\",\"earning_comp_id\":\"465\",\"label\":\"Sal-Reg\",\"amount\":30024},{\"config_earning_id\":\"3\",\"earning_comp_id\":\"466\",\"label\":\"PERA\",\"amount\":2000},{\"config_earning_id\":\"8\",\"earning_comp_id\":\"467\",\"label\":\"SUB\",\"amount\":925},{\"config_earning_id\":\"9\",\"earning_comp_id\":\"468\",\"label\":\"HZD\",\"amount\":6943.05},{\"config_earning_id\":\"10\",\"earning_comp_id\":\"469\",\"label\":\"LNDRY\",\"amount\":150}]', '[{\"config_deduction_id\":\"1\",\"deduct_comp_id\":\"1063\",\"label\":\"W_TAX\",\"amount\":1550},{\"config_deduction_id\":\"2\",\"deduct_comp_id\":\"1059\",\"label\":\"LR_INS\",\"amount\":2702.16},{\"config_deduction_id\":\"4\",\"deduct_comp_id\":\"1061\",\"label\":\"PAG_PREM\",\"amount\":300},{\"config_deduction_id\":\"8\",\"deduct_comp_id\":\"1064\",\"label\":\"RRB\",\"amount\":20644.1},{\"config_deduction_id\":\"17\",\"deduct_comp_id\":\"1065\",\"label\":\"PMG_DS\",\"amount\":320.24},{\"config_deduction_id\":\"21\",\"deduct_comp_id\":\"1062\",\"label\":\"PHIC-PREM\",\"amount\":750.6},{\"config_deduction_id\":\"27\",\"deduct_comp_id\":\"1060\",\"label\":\"GMPL\",\"amount\":2157.74}]', '[{\"govshare_id\":\"1\",\"emp_govshare_id\":\"454\",\"label\":\"L_R\",\"amount\":3602.88},{\"govshare_id\":\"5\",\"emp_govshare_id\":\"455\",\"label\":\"HDMF\",\"amount\":200},{\"govshare_id\":\"7\",\"emp_govshare_id\":\"456\",\"label\":\"PHIC\",\"amount\":750.6},{\"govshare_id\":\"8\",\"emp_govshare_id\":\"453\",\"label\":\"ECC\",\"amount\":100}]', 'Regular', '2026-03-11 06:16:23', '2026-03-11 06:16:23'),
(162, 9, 273, 5, 1, 11, '31486.00', '42507.50', '29548.54', '6479.48', 'DRAFT', NULL, NULL, NULL, NULL, NULL, NULL, NULL, NULL, NULL, 0, '[{\"config_earning_id\":\"1\",\"earning_comp_id\":\"425\",\"label\":\"Sal-Reg\",\"amount\":31486},{\"config_earning_id\":\"3\",\"earning_comp_id\":\"426\",\"label\":\"PERA\",\"amount\":2000},{\"config_earning_id\":\"8\",\"earning_comp_id\":\"427\",\"label\":\"SUB\",\"amount\":1000},{\"config_earning_id\":\"9\",\"earning_comp_id\":\"428\",\"label\":\"HZD\",\"amount\":7871.5},{\"config_earning_id\":\"10\",\"earning_comp_id\":\"429\",\"label\":\"LNDRY\",\"amount\":150}]', '[{\"config_deduction_id\":\"1\",\"deduct_comp_id\":\"758\",\"label\":\"W_TAX\",\"amount\":1820},{\"config_deduction_id\":\"2\",\"deduct_comp_id\":\"759\",\"label\":\"LR_INS\",\"amount\":2833.74},{\"config_deduction_id\":\"4\",\"deduct_comp_id\":\"760\",\"label\":\"PAG_PREM\",\"amount\":300},{\"config_deduction_id\":\"5\",\"deduct_comp_id\":\"761\",\"label\":\"PAG_MPL\",\"amount\":3557.42},{\"config_deduction_id\":\"17\",\"deduct_comp_id\":\"762\",\"label\":\"PMG_DS\",\"amount\":334.86},{\"config_deduction_id\":\"19\",\"deduct_comp_id\":\"763\",\"label\":\"GFAL\",\"amount\":9634.44},{\"config_deduction_id\":\"21\",\"deduct_comp_id\":\"764\",\"label\":\"PHIC-PREM\",\"amount\":787.15},{\"config_deduction_id\":\"25\",\"deduct_comp_id\":\"768\",\"label\":\"EMG_LN\",\"amount\":1311.12},{\"config_deduction_id\":\"26\",\"deduct_comp_id\":\"765\",\"label\":\"COM_LN\",\"amount\":1966.67},{\"config_deduction_id\":\"27\",\"deduct_comp_id\":\"766\",\"label\":\"GMPL\",\"amount\":4669.81},{\"config_deduction_id\":\"28\",\"deduct_comp_id\":\"767\",\"label\":\"MPLTE\",\"amount\":2333.33}]', '[{\"govshare_id\":\"1\",\"emp_govshare_id\":\"422\",\"label\":\"L_R\",\"amount\":3778.32},{\"govshare_id\":\"5\",\"emp_govshare_id\":\"423\",\"label\":\"HDMF\",\"amount\":200},{\"govshare_id\":\"7\",\"emp_govshare_id\":\"424\",\"label\":\"PHIC\",\"amount\":787.15},{\"govshare_id\":\"8\",\"emp_govshare_id\":\"421\",\"label\":\"ECC\",\"amount\":100}]', 'Regular', '2026-03-11 06:16:23', '2026-03-11 06:16:23'),
(163, 41, 268, 5, 1, 11, '30024.00', '39667.79', '27935.68', '5866.06', 'DRAFT', NULL, NULL, NULL, NULL, NULL, NULL, NULL, NULL, NULL, 0, '[{\"config_earning_id\":\"1\",\"earning_comp_id\":\"460\",\"label\":\"Sal-Reg\",\"amount\":30024},{\"config_earning_id\":\"3\",\"earning_comp_id\":\"461\",\"label\":\"PERA\",\"amount\":2000},{\"config_earning_id\":\"8\",\"earning_comp_id\":\"462\",\"label\":\"SUB\",\"amount\":881},{\"config_earning_id\":\"9\",\"earning_comp_id\":\"463\",\"label\":\"HZD\",\"amount\":6612.79},{\"config_earning_id\":\"10\",\"earning_comp_id\":\"464\",\"label\":\"LNDRY\",\"amount\":150}]', '[{\"config_deduction_id\":\"1\",\"deduct_comp_id\":\"1576\",\"label\":\"W_TAX\",\"amount\":1550},{\"config_deduction_id\":\"2\",\"deduct_comp_id\":\"1577\",\"label\":\"LR_INS\",\"amount\":2702.16},{\"config_deduction_id\":\"4\",\"deduct_comp_id\":\"1578\",\"label\":\"PAG_PREM\",\"amount\":300},{\"config_deduction_id\":\"8\",\"deduct_comp_id\":\"1579\",\"label\":\"RRB\",\"amount\":2516.95},{\"config_deduction_id\":\"17\",\"deduct_comp_id\":\"1580\",\"label\":\"PMG_DS\",\"amount\":320.24},{\"config_deduction_id\":\"18\",\"deduct_comp_id\":\"1581\",\"label\":\"PMG_LN\",\"amount\":2500},{\"config_deduction_id\":\"19\",\"deduct_comp_id\":\"1582\",\"label\":\"GFAL\",\"amount\":7242.57},{\"config_deduction_id\":\"21\",\"deduct_comp_id\":\"1583\",\"label\":\"PHIC-PREM\",\"amount\":750.6},{\"config_deduction_id\":\"25\",\"deduct_comp_id\":\"1584\",\"label\":\"EMG_LN\",\"amount\":1311.12},{\"config_deduction_id\":\"26\",\"deduct_comp_id\":\"1585\",\"label\":\"COM_LN\",\"amount\":1966.67},{\"config_deduction_id\":\"27\",\"deduct_comp_id\":\"1586\",\"label\":\"GMPL\",\"amount\":4442.04},{\"config_deduction_id\":\"28\",\"deduct_comp_id\":\"1587\",\"label\":\"MPLTE\",\"amount\":2333.33}]', '[{\"govshare_id\":\"1\",\"emp_govshare_id\":\"450\",\"label\":\"L_R\",\"amount\":3602.88},{\"govshare_id\":\"5\",\"emp_govshare_id\":\"451\",\"label\":\"HDMF\",\"amount\":200},{\"govshare_id\":\"7\",\"emp_govshare_id\":\"452\",\"label\":\"PHIC\",\"amount\":750.6},{\"govshare_id\":\"8\",\"emp_govshare_id\":\"449\",\"label\":\"ECC\",\"amount\":100}]', 'Regular', '2026-03-11 06:16:23', '2026-03-11 06:16:23'),
(164, 79, 232, 5, 1, 11, '30597.00', '41396.25', '29181.34', '6107.46', 'DRAFT', NULL, NULL, NULL, NULL, NULL, NULL, NULL, NULL, NULL, 0, '[{\"config_earning_id\":\"1\",\"earning_comp_id\":\"435\",\"label\":\"Sal-Reg\",\"amount\":30597},{\"config_earning_id\":\"3\",\"earning_comp_id\":\"436\",\"label\":\"PERA\",\"amount\":2000},{\"config_earning_id\":\"8\",\"earning_comp_id\":\"437\",\"label\":\"SUB\",\"amount\":1000},{\"config_earning_id\":\"9\",\"earning_comp_id\":\"438\",\"label\":\"HZD\",\"amount\":7649.25},{\"config_earning_id\":\"10\",\"earning_comp_id\":\"439\",\"label\":\"LNDRY\",\"amount\":150}]', '[{\"config_deduction_id\":\"1\",\"deduct_comp_id\":\"1668\",\"label\":\"W_TAX\",\"amount\":1650},{\"config_deduction_id\":\"2\",\"deduct_comp_id\":\"1669\",\"label\":\"LR_INS\",\"amount\":2753.73},{\"config_deduction_id\":\"4\",\"deduct_comp_id\":\"1670\",\"label\":\"PAG_PREM\",\"amount\":300},{\"config_deduction_id\":\"5\",\"deduct_comp_id\":\"1671\",\"label\":\"PAG_MPL\",\"amount\":3215.63},{\"config_deduction_id\":\"16\",\"deduct_comp_id\":\"1672\",\"label\":\"PLREG\",\"amount\":500},{\"config_deduction_id\":\"17\",\"deduct_comp_id\":\"1673\",\"label\":\"PMG_DS\",\"amount\":325.97},{\"config_deduction_id\":\"18\",\"deduct_comp_id\":\"1674\",\"label\":\"PMG_LN\",\"amount\":2500},{\"config_deduction_id\":\"19\",\"deduct_comp_id\":\"1675\",\"label\":\"GFAL\",\"amount\":9634.44},{\"config_deduction_id\":\"21\",\"deduct_comp_id\":\"1676\",\"label\":\"PHIC-PREM\",\"amount\":764.92},{\"config_deduction_id\":\"26\",\"deduct_comp_id\":\"1677\",\"label\":\"COM_LN\",\"amount\":1966.67},{\"config_deduction_id\":\"27\",\"deduct_comp_id\":\"1678\",\"label\":\"GMPL\",\"amount\":3236.65},{\"config_deduction_id\":\"28\",\"deduct_comp_id\":\"1679\",\"label\":\"MPLTE\",\"amount\":2333.33}]', '[{\"govshare_id\":\"1\",\"emp_govshare_id\":\"430\",\"label\":\"L_R\",\"amount\":3671.64},{\"govshare_id\":\"5\",\"emp_govshare_id\":\"431\",\"label\":\"HDMF\",\"amount\":200},{\"govshare_id\":\"7\",\"emp_govshare_id\":\"432\",\"label\":\"PHIC\",\"amount\":764.93},{\"govshare_id\":\"8\",\"emp_govshare_id\":\"429\",\"label\":\"ECC\",\"amount\":100}]', 'Regular', '2026-03-11 06:16:23', '2026-03-11 06:16:23'),
(165, 27, 269, 5, 1, 11, '30597.00', '41396.25', '29044.04', '6176.11', 'DRAFT', NULL, NULL, NULL, NULL, NULL, NULL, NULL, NULL, NULL, 0, '[{\"config_earning_id\":\"1\",\"earning_comp_id\":\"440\",\"label\":\"Sal-Reg\",\"amount\":30597},{\"config_earning_id\":\"3\",\"earning_comp_id\":\"441\",\"label\":\"PERA\",\"amount\":2000},{\"config_earning_id\":\"8\",\"earning_comp_id\":\"443\",\"label\":\"SUB\",\"amount\":1000},{\"config_earning_id\":\"9\",\"earning_comp_id\":\"442\",\"label\":\"HZD\",\"amount\":7649.25},{\"config_earning_id\":\"10\",\"earning_comp_id\":\"444\",\"label\":\"LNDRY\",\"amount\":150}]', '[{\"config_deduction_id\":\"1\",\"deduct_comp_id\":\"1000\",\"label\":\"W_TAX\",\"amount\":1650},{\"config_deduction_id\":\"2\",\"deduct_comp_id\":\"993\",\"label\":\"LR_INS\",\"amount\":2753.73},{\"config_deduction_id\":\"4\",\"deduct_comp_id\":\"997\",\"label\":\"PAG_PREM\",\"amount\":300},{\"config_deduction_id\":\"5\",\"deduct_comp_id\":\"998\",\"label\":\"PAG_MPL\",\"amount\":1689.45},{\"config_deduction_id\":\"12\",\"deduct_comp_id\":\"1003\",\"label\":\"LBP\",\"amount\":12309.92},{\"config_deduction_id\":\"16\",\"deduct_comp_id\":\"994\",\"label\":\"PLREG\",\"amount\":500},{\"config_deduction_id\":\"17\",\"deduct_comp_id\":\"1001\",\"label\":\"PMG_DS\",\"amount\":325.97},{\"config_deduction_id\":\"18\",\"deduct_comp_id\":\"1002\",\"label\":\"PMG_LN\",\"amount\":1500},{\"config_deduction_id\":\"21\",\"deduct_comp_id\":\"999\",\"label\":\"PHIC-PREM\",\"amount\":764.92},{\"config_deduction_id\":\"26\",\"deduct_comp_id\":\"1004\",\"label\":\"COM_LN\",\"amount\":1966.67},{\"config_deduction_id\":\"27\",\"deduct_comp_id\":\"995\",\"label\":\"GMPL\",\"amount\":3883.38},{\"config_deduction_id\":\"28\",\"deduct_comp_id\":\"996\",\"label\":\"MPLTE\",\"amount\":1400}]', '[{\"govshare_id\":\"1\",\"emp_govshare_id\":\"434\",\"label\":\"L_R\",\"amount\":3671.64},{\"govshare_id\":\"5\",\"emp_govshare_id\":\"435\",\"label\":\"HDMF\",\"amount\":200},{\"govshare_id\":\"7\",\"emp_govshare_id\":\"436\",\"label\":\"PHIC\",\"amount\":764.93},{\"govshare_id\":\"8\",\"emp_govshare_id\":\"433\",\"label\":\"ECC\",\"amount\":100}]', 'Regular', '2026-03-11 06:16:23', '2026-03-11 06:16:23'),
(166, 58, 244, 5, 1, 11, '30597.00', '39233.94', '5794.62', '16719.66', 'DRAFT', NULL, NULL, NULL, NULL, NULL, NULL, NULL, NULL, NULL, 0, '[{\"config_earning_id\":\"1\",\"earning_comp_id\":\"450\",\"label\":\"Sal-Reg\",\"amount\":30597},{\"config_earning_id\":\"3\",\"earning_comp_id\":\"451\",\"label\":\"PERA\",\"amount\":2000},{\"config_earning_id\":\"8\",\"earning_comp_id\":\"452\",\"label\":\"SUB\",\"amount\":750},{\"config_earning_id\":\"9\",\"earning_comp_id\":\"453\",\"label\":\"HZD\",\"amount\":5736.94},{\"config_earning_id\":\"10\",\"earning_comp_id\":\"454\",\"label\":\"LNDRY\",\"amount\":150}]', '[{\"config_deduction_id\":\"1\",\"deduct_comp_id\":\"1094\",\"label\":\"W_TAX\",\"amount\":1650},{\"config_deduction_id\":\"2\",\"deduct_comp_id\":\"1091\",\"label\":\"LR_INS\",\"amount\":2753.73},{\"config_deduction_id\":\"4\",\"deduct_comp_id\":\"1092\",\"label\":\"PAG_PREM\",\"amount\":300},{\"config_deduction_id\":\"17\",\"deduct_comp_id\":\"1095\",\"label\":\"PMG_DS\",\"amount\":325.97},{\"config_deduction_id\":\"21\",\"deduct_comp_id\":\"1093\",\"label\":\"PHIC-PREM\",\"amount\":764.92}]', '[{\"govshare_id\":\"1\",\"emp_govshare_id\":\"442\",\"label\":\"L_R\",\"amount\":3671.64},{\"govshare_id\":\"5\",\"emp_govshare_id\":\"443\",\"label\":\"HDMF\",\"amount\":200},{\"govshare_id\":\"7\",\"emp_govshare_id\":\"444\",\"label\":\"PHIC\",\"amount\":764.93},{\"govshare_id\":\"8\",\"emp_govshare_id\":\"441\",\"label\":\"ECC\",\"amount\":100}]', 'Regular', '2026-03-11 06:16:23', '2026-03-11 06:16:23'),
(167, 92, 250, 5, 1, 11, '25586.00', '34392.85', '4958.25', '14717.30', 'DRAFT', NULL, NULL, NULL, NULL, NULL, NULL, NULL, NULL, NULL, 0, '[{\"config_earning_id\":\"1\",\"earning_comp_id\":\"470\",\"label\":\"Sal-Reg\",\"amount\":25586},{\"config_earning_id\":\"3\",\"earning_comp_id\":\"471\",\"label\":\"PERA\",\"amount\":2000},{\"config_earning_id\":\"8\",\"earning_comp_id\":\"472\",\"label\":\"SUB\",\"amount\":900},{\"config_earning_id\":\"9\",\"earning_comp_id\":\"473\",\"label\":\"HZD\",\"amount\":5756.85},{\"config_earning_id\":\"10\",\"earning_comp_id\":\"474\",\"label\":\"LNDRY\",\"amount\":150}]', '[{\"config_deduction_id\":\"1\",\"deduct_comp_id\":\"1069\",\"label\":\"W_TAX\",\"amount\":680},{\"config_deduction_id\":\"2\",\"deduct_comp_id\":\"1066\",\"label\":\"LR_INS\",\"amount\":2302.74},{\"config_deduction_id\":\"4\",\"deduct_comp_id\":\"1067\",\"label\":\"PAG_PREM\",\"amount\":300},{\"config_deduction_id\":\"14\",\"deduct_comp_id\":\"1070\",\"label\":\"SSS\",\"amount\":760},{\"config_deduction_id\":\"17\",\"deduct_comp_id\":\"1071\",\"label\":\"PMG_DS\",\"amount\":275.86},{\"config_deduction_id\":\"21\",\"deduct_comp_id\":\"1068\",\"label\":\"PHIC-PREM\",\"amount\":639.65}]', '[{\"govshare_id\":\"1\",\"emp_govshare_id\":\"458\",\"label\":\"L_R\",\"amount\":3070.32},{\"govshare_id\":\"5\",\"emp_govshare_id\":\"459\",\"label\":\"HDMF\",\"amount\":200},{\"govshare_id\":\"7\",\"emp_govshare_id\":\"460\",\"label\":\"PHIC\",\"amount\":639.65},{\"govshare_id\":\"8\",\"emp_govshare_id\":\"457\",\"label\":\"ECC\",\"amount\":100}]', 'Regular', '2026-03-11 06:16:23', '2026-03-11 06:16:23'),
(168, 66, 251, 5, 1, 11, '18957.00', '26272.33', '17871.71', '4200.31', 'DRAFT', NULL, NULL, NULL, NULL, NULL, NULL, NULL, NULL, NULL, 0, '[{\"config_earning_id\":\"1\",\"earning_comp_id\":\"480\",\"label\":\"Sal-Reg\",\"amount\":18957},{\"config_earning_id\":\"3\",\"earning_comp_id\":\"481\",\"label\":\"PERA\",\"amount\":2000},{\"config_earning_id\":\"8\",\"earning_comp_id\":\"482\",\"label\":\"SUB\",\"amount\":900},{\"config_earning_id\":\"9\",\"earning_comp_id\":\"483\",\"label\":\"HZD\",\"amount\":4265.33},{\"config_earning_id\":\"10\",\"earning_comp_id\":\"484\",\"label\":\"LNDRY\",\"amount\":150}]', '[{\"config_deduction_id\":\"2\",\"deduct_comp_id\":\"1081\",\"label\":\"LR_INS\",\"amount\":1706.13},{\"config_deduction_id\":\"4\",\"deduct_comp_id\":\"1083\",\"label\":\"PAG_PREM\",\"amount\":300},{\"config_deduction_id\":\"12\",\"deduct_comp_id\":\"1086\",\"label\":\"LBP\",\"amount\":12720.25},{\"config_deduction_id\":\"17\",\"deduct_comp_id\":\"1085\",\"label\":\"PMG_DS\",\"amount\":209.57},{\"config_deduction_id\":\"21\",\"deduct_comp_id\":\"1084\",\"label\":\"PHIC-PREM\",\"amount\":473.92},{\"config_deduction_id\":\"27\",\"deduct_comp_id\":\"1082\",\"label\":\"GMPL\",\"amount\":2461.84}]', '[{\"govshare_id\":\"1\",\"emp_govshare_id\":\"466\",\"label\":\"L_R\",\"amount\":2274.84},{\"govshare_id\":\"5\",\"emp_govshare_id\":\"467\",\"label\":\"HDMF\",\"amount\":200},{\"govshare_id\":\"7\",\"emp_govshare_id\":\"468\",\"label\":\"PHIC\",\"amount\":473.93},{\"govshare_id\":\"8\",\"emp_govshare_id\":\"465\",\"label\":\"ECC\",\"amount\":100}]', 'Regular', '2026-03-11 06:16:23', '2026-03-11 06:16:23'),
(169, 21, 242, 5, 1, 11, '19526.00', '26675.28', '16900.62', '4887.33', 'DRAFT', NULL, NULL, NULL, NULL, NULL, NULL, NULL, NULL, NULL, 0, '[{\"config_earning_id\":\"1\",\"earning_comp_id\":\"475\",\"label\":\"Sal-Reg\",\"amount\":19526},{\"config_earning_id\":\"3\",\"earning_comp_id\":\"476\",\"label\":\"PERA\",\"amount\":2000},{\"config_earning_id\":\"8\",\"earning_comp_id\":\"477\",\"label\":\"SUB\",\"amount\":850},{\"config_earning_id\":\"9\",\"earning_comp_id\":\"478\",\"label\":\"HZD\",\"amount\":4149.28},{\"config_earning_id\":\"10\",\"earning_comp_id\":\"479\",\"label\":\"LNDRY\",\"amount\":150}]', '[{\"config_deduction_id\":\"2\",\"deduct_comp_id\":\"1588\",\"label\":\"LR_INS\",\"amount\":1757.34},{\"config_deduction_id\":\"4\",\"deduct_comp_id\":\"1589\",\"label\":\"PAG_PREM\",\"amount\":300},{\"config_deduction_id\":\"5\",\"deduct_comp_id\":\"1597\",\"label\":\"PAG_MPL\",\"amount\":5039.95},{\"config_deduction_id\":\"17\",\"deduct_comp_id\":\"1590\",\"label\":\"PMG_DS\",\"amount\":215.26},{\"config_deduction_id\":\"18\",\"deduct_comp_id\":\"1591\",\"label\":\"PMG_LN\",\"amount\":2500},{\"config_deduction_id\":\"21\",\"deduct_comp_id\":\"1592\",\"label\":\"PHIC-PREM\",\"amount\":488.15},{\"config_deduction_id\":\"25\",\"deduct_comp_id\":\"1593\",\"label\":\"EMG_LN\",\"amount\":1173.47},{\"config_deduction_id\":\"27\",\"deduct_comp_id\":\"1594\",\"label\":\"GMPL\",\"amount\":2798.39},{\"config_deduction_id\":\"28\",\"deduct_comp_id\":\"1595\",\"label\":\"MPLTE\",\"amount\":2333.33},{\"config_deduction_id\":\"30\",\"deduct_comp_id\":\"1596\",\"label\":\"CAL_LN\",\"amount\":294.73}]', '[{\"govshare_id\":\"1\",\"emp_govshare_id\":\"462\",\"label\":\"L_R\",\"amount\":2343.12},{\"govshare_id\":\"5\",\"emp_govshare_id\":\"463\",\"label\":\"HDMF\",\"amount\":200},{\"govshare_id\":\"7\",\"emp_govshare_id\":\"464\",\"label\":\"PHIC\",\"amount\":488.15},{\"govshare_id\":\"8\",\"emp_govshare_id\":\"461\",\"label\":\"ECC\",\"amount\":100}]', 'Regular', '2026-03-11 06:16:23', '2026-03-11 06:16:23'),
(170, 100, 248, 5, 1, 11, '16833.00', '23930.84', '2424.12', '10753.36', 'DRAFT', NULL, NULL, NULL, NULL, NULL, NULL, NULL, NULL, NULL, 0, '[{\"config_earning_id\":\"1\",\"earning_comp_id\":\"524\",\"label\":\"Sal-Reg\",\"amount\":16833},{\"config_earning_id\":\"3\",\"earning_comp_id\":\"525\",\"label\":\"PERA\",\"amount\":2000},{\"config_earning_id\":\"8\",\"earning_comp_id\":\"526\",\"label\":\"SUB\",\"amount\":950},{\"config_earning_id\":\"9\",\"earning_comp_id\":\"527\",\"label\":\"HZD\",\"amount\":3997.84},{\"config_earning_id\":\"10\",\"earning_comp_id\":\"528\",\"label\":\"LNDRY\",\"amount\":150}]', '[{\"config_deduction_id\":\"2\",\"deduct_comp_id\":\"1087\",\"label\":\"LR_INS\",\"amount\":1514.97},{\"config_deduction_id\":\"4\",\"deduct_comp_id\":\"1088\",\"label\":\"PAG_PREM\",\"amount\":300},{\"config_deduction_id\":\"17\",\"deduct_comp_id\":\"1090\",\"label\":\"PMG_DS\",\"amount\":188.33},{\"config_deduction_id\":\"21\",\"deduct_comp_id\":\"1089\",\"label\":\"PHIC-PREM\",\"amount\":420.82}]', '[{\"govshare_id\":\"1\",\"emp_govshare_id\":\"470\",\"label\":\"L_R\",\"amount\":2019.96},{\"govshare_id\":\"5\",\"emp_govshare_id\":\"471\",\"label\":\"HDMF\",\"amount\":200},{\"govshare_id\":\"7\",\"emp_govshare_id\":\"472\",\"label\":\"PHIC\",\"amount\":420.83},{\"govshare_id\":\"8\",\"emp_govshare_id\":\"469\",\"label\":\"ECC\",\"amount\":100}]', 'Regular', '2026-03-11 06:16:23', '2026-03-11 06:16:23'),
(171, 81, 274, 5, 1, 11, '16088.00', '23260.00', '13866.86', '4696.57', 'DRAFT', NULL, NULL, NULL, NULL, NULL, NULL, NULL, NULL, NULL, 0, '[{\"config_earning_id\":\"1\",\"earning_comp_id\":\"490\",\"label\":\"Sal-Reg\",\"amount\":16088},{\"config_earning_id\":\"3\",\"earning_comp_id\":\"491\",\"label\":\"PERA\",\"amount\":2000},{\"config_earning_id\":\"8\",\"earning_comp_id\":\"492\",\"label\":\"SUB\",\"amount\":1000},{\"config_earning_id\":\"9\",\"earning_comp_id\":\"493\",\"label\":\"HZD\",\"amount\":4022},{\"config_earning_id\":\"10\",\"earning_comp_id\":\"494\",\"label\":\"LNDRY\",\"amount\":150}]', '[{\"config_deduction_id\":\"2\",\"deduct_comp_id\":\"1319\",\"label\":\"LR_INS\",\"amount\":1447.92},{\"config_deduction_id\":\"4\",\"deduct_comp_id\":\"1320\",\"label\":\"PAG_PREM\",\"amount\":300},{\"config_deduction_id\":\"17\",\"deduct_comp_id\":\"1321\",\"label\":\"PMG_DS\",\"amount\":180.88},{\"config_deduction_id\":\"18\",\"deduct_comp_id\":\"1322\",\"label\":\"PMG_LN\",\"amount\":1000},{\"config_deduction_id\":\"19\",\"deduct_comp_id\":\"1323\",\"label\":\"GFAL\",\"amount\":4953.54},{\"config_deduction_id\":\"21\",\"deduct_comp_id\":\"1324\",\"label\":\"PHIC-PREM\",\"amount\":402.2},{\"config_deduction_id\":\"25\",\"deduct_comp_id\":\"1327\",\"label\":\"EMG_LN\",\"amount\":1311.12},{\"config_deduction_id\":\"26\",\"deduct_comp_id\":\"1325\",\"label\":\"COM_LN\",\"amount\":1966.67},{\"config_deduction_id\":\"27\",\"deduct_comp_id\":\"1326\",\"label\":\"GMPL\",\"amount\":2304.53}]', '[{\"govshare_id\":\"1\",\"emp_govshare_id\":\"474\",\"label\":\"L_R\",\"amount\":1930.56},{\"govshare_id\":\"5\",\"emp_govshare_id\":\"475\",\"label\":\"HDMF\",\"amount\":200},{\"govshare_id\":\"7\",\"emp_govshare_id\":\"476\",\"label\":\"PHIC\",\"amount\":402.2},{\"govshare_id\":\"8\",\"emp_govshare_id\":\"473\",\"label\":\"ECC\",\"amount\":100}]', 'Regular', '2026-03-11 06:16:23', '2026-03-11 06:16:23'),
(172, 20, 191, 5, 1, 4, '88367.00', '105667.00', '86760.66', '9453.17', 'DRAFT', NULL, NULL, NULL, NULL, NULL, NULL, NULL, NULL, NULL, 0, '[{\"config_earning_id\":\"1\",\"earning_comp_id\":\"169\",\"label\":\"Sal-Reg\",\"amount\":88367},{\"config_earning_id\":\"3\",\"earning_comp_id\":\"170\",\"label\":\"PERA\",\"amount\":2000},{\"config_earning_id\":\"4\",\"earning_comp_id\":\"171\",\"label\":\"RA\",\"amount\":7650},{\"config_earning_id\":\"5\",\"earning_comp_id\":\"172\",\"label\":\"TA\",\"amount\":7650}]', '[{\"config_deduction_id\":\"1\",\"deduct_comp_id\":\"263\",\"label\":\"W_TAX\",\"amount\":12950},{\"config_deduction_id\":\"2\",\"deduct_comp_id\":\"254\",\"label\":\"LR_INS\",\"amount\":7953.03},{\"config_deduction_id\":\"4\",\"deduct_comp_id\":\"259\",\"label\":\"PAG_PREM\",\"amount\":300},{\"config_deduction_id\":\"12\",\"deduct_comp_id\":\"265\",\"label\":\"LBP\",\"amount\":30774.8},{\"config_deduction_id\":\"16\",\"deduct_comp_id\":\"255\",\"label\":\"PLREG\",\"amount\":500},{\"config_deduction_id\":\"17\",\"deduct_comp_id\":\"264\",\"label\":\"PMG_DS\",\"amount\":903.67},{\"config_deduction_id\":\"19\",\"deduct_comp_id\":\"256\",\"label\":\"GFAL\",\"amount\":3914.99},{\"config_deduction_id\":\"21\",\"deduct_comp_id\":\"262\",\"label\":\"PHIC-PREM\",\"amount\":2209.17},{\"config_deduction_id\":\"25\",\"deduct_comp_id\":\"266\",\"label\":\"EMG_LN\",\"amount\":872.64},{\"config_deduction_id\":\"27\",\"deduct_comp_id\":\"257\",\"label\":\"GMPL\",\"amount\":18323.11},{\"config_deduction_id\":\"28\",\"deduct_comp_id\":\"258\",\"label\":\"MPLTE\",\"amount\":2333.33},{\"config_deduction_id\":\"30\",\"deduct_comp_id\":\"261\",\"label\":\"CAL_LN\",\"amount\":4725.92},{\"config_deduction_id\":\"31\",\"deduct_comp_id\":\"260\",\"label\":\"MP2\",\"amount\":1000}]', '[{\"govshare_id\":\"1\",\"emp_govshare_id\":\"146\",\"label\":\"L_R\",\"amount\":10604.04},{\"govshare_id\":\"5\",\"emp_govshare_id\":\"147\",\"label\":\"HDMF\",\"amount\":200},{\"govshare_id\":\"7\",\"emp_govshare_id\":\"148\",\"label\":\"PHIC\",\"amount\":2209.18},{\"govshare_id\":\"8\",\"emp_govshare_id\":\"145\",\"label\":\"ECC\",\"amount\":100}]', 'Regular', '2026-03-11 06:17:15', '2026-03-11 06:17:15'),
(173, 63, 196, 5, 1, 4, '33646.00', '35646.00', '26910.02', '4367.99', 'DRAFT', NULL, NULL, NULL, NULL, NULL, NULL, NULL, NULL, NULL, 0, '[{\"config_earning_id\":\"1\",\"earning_comp_id\":\"181\",\"label\":\"Sal-Reg\",\"amount\":33646},{\"config_earning_id\":\"3\",\"earning_comp_id\":\"182\",\"label\":\"PERA\",\"amount\":2000}]', '[{\"config_deduction_id\":\"1\",\"deduct_comp_id\":\"1282\",\"label\":\"W_TAX\",\"amount\":1250},{\"config_deduction_id\":\"2\",\"deduct_comp_id\":\"1283\",\"label\":\"LR_INS\",\"amount\":3028.14},{\"config_deduction_id\":\"4\",\"deduct_comp_id\":\"1284\",\"label\":\"PAG_PREM\",\"amount\":300},{\"config_deduction_id\":\"5\",\"deduct_comp_id\":\"1285\",\"label\":\"PAG_MPL\",\"amount\":5279.78},{\"config_deduction_id\":\"16\",\"deduct_comp_id\":\"1286\",\"label\":\"PLREG\",\"amount\":500},{\"config_deduction_id\":\"17\",\"deduct_comp_id\":\"1287\",\"label\":\"PMG_DS\",\"amount\":356.46},{\"config_deduction_id\":\"18\",\"deduct_comp_id\":\"1288\",\"label\":\"PMG_LN\",\"amount\":1500},{\"config_deduction_id\":\"19\",\"deduct_comp_id\":\"1289\",\"label\":\"GFAL\",\"amount\":3575.1},{\"config_deduction_id\":\"21\",\"deduct_comp_id\":\"1290\",\"label\":\"PHIC-PREM\",\"amount\":841.15},{\"config_deduction_id\":\"25\",\"deduct_comp_id\":\"1296\",\"label\":\"EMG_LN\",\"amount\":861.86},{\"config_deduction_id\":\"26\",\"deduct_comp_id\":\"1291\",\"label\":\"COM_LN\",\"amount\":1966.67},{\"config_deduction_id\":\"27\",\"deduct_comp_id\":\"1292\",\"label\":\"GMPL\",\"amount\":4461.21},{\"config_deduction_id\":\"28\",\"deduct_comp_id\":\"1294\",\"label\":\"MPLTE\",\"amount\":1633.33},{\"config_deduction_id\":\"30\",\"deduct_comp_id\":\"1295\",\"label\":\"CAL_LN\",\"amount\":1356.32}]', '[{\"govshare_id\":\"1\",\"emp_govshare_id\":\"150\",\"label\":\"L_R\",\"amount\":4037.52},{\"govshare_id\":\"5\",\"emp_govshare_id\":\"151\",\"label\":\"HDMF\",\"amount\":200},{\"govshare_id\":\"7\",\"emp_govshare_id\":\"152\",\"label\":\"PHIC\",\"amount\":841.15},{\"govshare_id\":\"8\",\"emp_govshare_id\":\"149\",\"label\":\"ECC\",\"amount\":100}]', 'Regular', '2026-03-11 06:17:15', '2026-03-11 06:17:15'),
(174, 54, 195, 5, 1, 4, '30979.00', '32979.00', '20342.15', '6318.43', 'DRAFT', NULL, NULL, NULL, NULL, NULL, NULL, NULL, NULL, NULL, 0, '[{\"config_earning_id\":\"1\",\"earning_comp_id\":\"179\",\"label\":\"Sal-Reg\",\"amount\":30979},{\"config_earning_id\":\"3\",\"earning_comp_id\":\"180\",\"label\":\"PERA\",\"amount\":2000}]', '[{\"config_deduction_id\":\"1\",\"deduct_comp_id\":\"1690\",\"label\":\"W_TAX\",\"amount\":900},{\"config_deduction_id\":\"2\",\"deduct_comp_id\":\"1691\",\"label\":\"LR_INS\",\"amount\":2788.11},{\"config_deduction_id\":\"4\",\"deduct_comp_id\":\"1692\",\"label\":\"PAG_PREM\",\"amount\":300},{\"config_deduction_id\":\"14\",\"deduct_comp_id\":\"1693\",\"label\":\"SSS\",\"amount\":2220},{\"config_deduction_id\":\"17\",\"deduct_comp_id\":\"1694\",\"label\":\"PMG_DS\",\"amount\":415.83},{\"config_deduction_id\":\"18\",\"deduct_comp_id\":\"1695\",\"label\":\"PMG_LN\",\"amount\":9166.68},{\"config_deduction_id\":\"21\",\"deduct_comp_id\":\"1696\",\"label\":\"PHIC-PREM\",\"amount\":774.47},{\"config_deduction_id\":\"30\",\"deduct_comp_id\":\"1697\",\"label\":\"CAL_LN\",\"amount\":777.06},{\"config_deduction_id\":\"31\",\"deduct_comp_id\":\"1698\",\"label\":\"MP2\",\"amount\":3000}]', '[{\"govshare_id\":\"1\",\"emp_govshare_id\":\"154\",\"label\":\"L_R\",\"amount\":3717.48},{\"govshare_id\":\"5\",\"emp_govshare_id\":\"155\",\"label\":\"HDMF\",\"amount\":200},{\"govshare_id\":\"7\",\"emp_govshare_id\":\"156\",\"label\":\"PHIC\",\"amount\":774.48},{\"govshare_id\":\"8\",\"emp_govshare_id\":\"153\",\"label\":\"ECC\",\"amount\":100}]', 'Regular', '2026-03-11 06:17:15', '2026-03-11 06:17:15'),
(175, 86, 192, 5, 1, 4, '23027.00', '25027.00', '3198.37', '10914.32', 'DRAFT', NULL, NULL, NULL, NULL, NULL, NULL, NULL, NULL, NULL, 0, '[{\"config_earning_id\":\"1\",\"earning_comp_id\":\"173\",\"label\":\"Sal-Reg\",\"amount\":23027},{\"config_earning_id\":\"3\",\"earning_comp_id\":\"174\",\"label\":\"PERA\",\"amount\":2000}]', '[{\"config_deduction_id\":\"2\",\"deduct_comp_id\":\"267\",\"label\":\"LR_INS\",\"amount\":2072.43},{\"config_deduction_id\":\"4\",\"deduct_comp_id\":\"268\",\"label\":\"PAG_PREM\",\"amount\":300},{\"config_deduction_id\":\"17\",\"deduct_comp_id\":\"270\",\"label\":\"PMG_DS\",\"amount\":250.27},{\"config_deduction_id\":\"21\",\"deduct_comp_id\":\"269\",\"label\":\"PHIC-PREM\",\"amount\":575.67}]', '[{\"govshare_id\":\"1\",\"emp_govshare_id\":\"158\",\"label\":\"L_R\",\"amount\":2763.24},{\"govshare_id\":\"5\",\"emp_govshare_id\":\"159\",\"label\":\"HDMF\",\"amount\":200},{\"govshare_id\":\"7\",\"emp_govshare_id\":\"160\",\"label\":\"PHIC\",\"amount\":575.68},{\"govshare_id\":\"8\",\"emp_govshare_id\":\"157\",\"label\":\"ECC\",\"amount\":100}]', 'Regular', '2026-03-11 06:17:15', '2026-03-11 06:17:15'),
(176, 95, 257, 5, 1, 4, '19303.00', '21303.00', '13235.57', '4033.72', 'DRAFT', NULL, NULL, NULL, NULL, NULL, NULL, NULL, NULL, NULL, 0, '[{\"config_earning_id\":\"1\",\"earning_comp_id\":\"327\",\"label\":\"Sal-Reg\",\"amount\":19303},{\"config_earning_id\":\"3\",\"earning_comp_id\":\"328\",\"label\":\"PERA\",\"amount\":2000}]', '[{\"config_deduction_id\":\"2\",\"deduct_comp_id\":\"271\",\"label\":\"LR_INS\",\"amount\":1737.27},{\"config_deduction_id\":\"4\",\"deduct_comp_id\":\"276\",\"label\":\"PAG_PREM\",\"amount\":300},{\"config_deduction_id\":\"17\",\"deduct_comp_id\":\"279\",\"label\":\"PMG_DS\",\"amount\":213.03},{\"config_deduction_id\":\"18\",\"deduct_comp_id\":\"280\",\"label\":\"PMG_LN\",\"amount\":1600},{\"config_deduction_id\":\"21\",\"deduct_comp_id\":\"278\",\"label\":\"PHIC-PREM\",\"amount\":482.57},{\"config_deduction_id\":\"22\",\"deduct_comp_id\":\"281\",\"label\":\"POEMCO\",\"amount\":1000},{\"config_deduction_id\":\"25\",\"deduct_comp_id\":\"273\",\"label\":\"EMG_LN\",\"amount\":1125},{\"config_deduction_id\":\"26\",\"deduct_comp_id\":\"272\",\"label\":\"COM_LN\",\"amount\":1966.67},{\"config_deduction_id\":\"27\",\"deduct_comp_id\":\"274\",\"label\":\"GMPL\",\"amount\":2215.31},{\"config_deduction_id\":\"28\",\"deduct_comp_id\":\"275\",\"label\":\"MPLTE\",\"amount\":1400},{\"config_deduction_id\":\"30\",\"deduct_comp_id\":\"277\",\"label\":\"CAL_LN\",\"amount\":1195.72}]', '[{\"govshare_id\":\"1\",\"emp_govshare_id\":\"162\",\"label\":\"L_R\",\"amount\":2316.36},{\"govshare_id\":\"5\",\"emp_govshare_id\":\"163\",\"label\":\"HDMF\",\"amount\":200},{\"govshare_id\":\"7\",\"emp_govshare_id\":\"164\",\"label\":\"PHIC\",\"amount\":482.58},{\"govshare_id\":\"8\",\"emp_govshare_id\":\"161\",\"label\":\"ECC\",\"amount\":100}]', 'Regular', '2026-03-11 06:17:15', '2026-03-11 06:17:15'),
(177, 17, 194, 5, 1, 4, '17061.00', '19061.00', '3952.62', '7554.19', 'DRAFT', NULL, NULL, NULL, NULL, NULL, NULL, NULL, NULL, NULL, 0, '[{\"config_earning_id\":\"1\",\"earning_comp_id\":\"177\",\"label\":\"Sal-Reg\",\"amount\":17061},{\"config_earning_id\":\"3\",\"earning_comp_id\":\"178\",\"label\":\"PERA\",\"amount\":2000}]', '[{\"config_deduction_id\":\"2\",\"deduct_comp_id\":\"282\",\"label\":\"LR_INS\",\"amount\":1535.49},{\"config_deduction_id\":\"4\",\"deduct_comp_id\":\"283\",\"label\":\"PAG_PREM\",\"amount\":300},{\"config_deduction_id\":\"17\",\"deduct_comp_id\":\"285\",\"label\":\"PMG_DS\",\"amount\":190.61},{\"config_deduction_id\":\"18\",\"deduct_comp_id\":\"286\",\"label\":\"PMG_LN\",\"amount\":1500},{\"config_deduction_id\":\"21\",\"deduct_comp_id\":\"284\",\"label\":\"PHIC-PREM\",\"amount\":426.52}]', '[{\"govshare_id\":\"1\",\"emp_govshare_id\":\"166\",\"label\":\"L_R\",\"amount\":2047.32},{\"govshare_id\":\"5\",\"emp_govshare_id\":\"167\",\"label\":\"HDMF\",\"amount\":200},{\"govshare_id\":\"7\",\"emp_govshare_id\":\"168\",\"label\":\"PHIC\",\"amount\":426.53},{\"govshare_id\":\"8\",\"emp_govshare_id\":\"165\",\"label\":\"ECC\",\"amount\":100}]', 'Regular', '2026-03-11 06:17:15', '2026-03-11 06:17:15'),
(178, 36, 144, 5, 1, 10, '88367.00', '105667.00', '43881.69', '30892.66', 'DRAFT', NULL, NULL, NULL, NULL, NULL, NULL, NULL, NULL, NULL, 0, '[{\"config_earning_id\":\"1\",\"earning_comp_id\":\"69\",\"label\":\"Sal-Reg\",\"amount\":88367},{\"config_earning_id\":\"3\",\"earning_comp_id\":\"70\",\"label\":\"PERA\",\"amount\":2000},{\"config_earning_id\":\"4\",\"earning_comp_id\":\"71\",\"label\":\"RA\",\"amount\":7650},{\"config_earning_id\":\"5\",\"earning_comp_id\":\"72\",\"label\":\"TA\",\"amount\":7650}]', '[{\"config_deduction_id\":\"1\",\"deduct_comp_id\":\"1680\",\"label\":\"W_TAX\",\"amount\":12950},{\"config_deduction_id\":\"2\",\"deduct_comp_id\":\"1681\",\"label\":\"LR_INS\",\"amount\":7953.03},{\"config_deduction_id\":\"4\",\"deduct_comp_id\":\"1682\",\"label\":\"PAG_PREM\",\"amount\":300},{\"config_deduction_id\":\"16\",\"deduct_comp_id\":\"1683\",\"label\":\"PLREG\",\"amount\":300},{\"config_deduction_id\":\"17\",\"deduct_comp_id\":\"1684\",\"label\":\"PMG_DS\",\"amount\":903.67},{\"config_deduction_id\":\"21\",\"deduct_comp_id\":\"1685\",\"label\":\"PHIC-PREM\",\"amount\":2209.17},{\"config_deduction_id\":\"25\",\"deduct_comp_id\":\"1686\",\"label\":\"EMG_LN\",\"amount\":655.56},{\"config_deduction_id\":\"27\",\"deduct_comp_id\":\"1687\",\"label\":\"GMPL\",\"amount\":11226.93},{\"config_deduction_id\":\"28\",\"deduct_comp_id\":\"1689\",\"label\":\"MPLTE\",\"amount\":2333.33},{\"config_deduction_id\":\"29\",\"deduct_comp_id\":\"1688\",\"label\":\"HSNG_LN\",\"amount\":5050}]', '[{\"govshare_id\":\"1\",\"emp_govshare_id\":\"342\",\"label\":\"L_R\",\"amount\":10604.04},{\"govshare_id\":\"5\",\"emp_govshare_id\":\"343\",\"label\":\"HDMF\",\"amount\":200},{\"govshare_id\":\"7\",\"emp_govshare_id\":\"344\",\"label\":\"PHIC\",\"amount\":2209.18},{\"govshare_id\":\"8\",\"emp_govshare_id\":\"341\",\"label\":\"ECC\",\"amount\":100}]', 'Regular', '2026-03-11 06:17:35', '2026-03-11 06:17:35'),
(179, 45, 147, 5, 1, 10, '39204.00', '41204.00', '19793.93', '10705.04', 'DRAFT', NULL, NULL, NULL, NULL, NULL, NULL, NULL, NULL, NULL, 0, '[{\"config_earning_id\":\"1\",\"earning_comp_id\":\"75\",\"label\":\"Sal-Reg\",\"amount\":39204},{\"config_earning_id\":\"3\",\"earning_comp_id\":\"76\",\"label\":\"PERA\",\"amount\":2000}]', '[{\"config_deduction_id\":\"1\",\"deduct_comp_id\":\"1515\",\"label\":\"W_TAX\",\"amount\":2020},{\"config_deduction_id\":\"2\",\"deduct_comp_id\":\"1516\",\"label\":\"LR_INS\",\"amount\":3528.36},{\"config_deduction_id\":\"4\",\"deduct_comp_id\":\"1517\",\"label\":\"PAG_PREM\",\"amount\":300},{\"config_deduction_id\":\"14\",\"deduct_comp_id\":\"1518\",\"label\":\"SSS\",\"amount\":750},{\"config_deduction_id\":\"17\",\"deduct_comp_id\":\"1519\",\"label\":\"PMG_DS\",\"amount\":412.04},{\"config_deduction_id\":\"18\",\"deduct_comp_id\":\"1522\",\"label\":\"PMG_LN\",\"amount\":1500},{\"config_deduction_id\":\"21\",\"deduct_comp_id\":\"1520\",\"label\":\"PHIC-PREM\",\"amount\":980.1},{\"config_deduction_id\":\"32\",\"deduct_comp_id\":\"1521\",\"label\":\"CRBDI\",\"amount\":10303.43}]', '[{\"govshare_id\":\"1\",\"emp_govshare_id\":\"346\",\"label\":\"L_R\",\"amount\":4704.48},{\"govshare_id\":\"5\",\"emp_govshare_id\":\"347\",\"label\":\"HDMF\",\"amount\":200},{\"govshare_id\":\"7\",\"emp_govshare_id\":\"348\",\"label\":\"PHIC\",\"amount\":980.1},{\"govshare_id\":\"8\",\"emp_govshare_id\":\"345\",\"label\":\"ECC\",\"amount\":100}]', 'Regular', '2026-03-11 06:17:35', '2026-03-11 06:17:35'),
(180, 97, 146, 5, 1, 10, '29021.00', '31021.00', '4597.62', '13211.69', 'DRAFT', NULL, NULL, NULL, NULL, NULL, NULL, NULL, NULL, NULL, 0, '[{\"config_earning_id\":\"1\",\"earning_comp_id\":\"73\",\"label\":\"Sal-Reg\",\"amount\":29021},{\"config_earning_id\":\"3\",\"earning_comp_id\":\"74\",\"label\":\"PERA\",\"amount\":2000}]', '[{\"config_deduction_id\":\"1\",\"deduct_comp_id\":\"656\",\"label\":\"W_TAX\",\"amount\":650},{\"config_deduction_id\":\"2\",\"deduct_comp_id\":\"653\",\"label\":\"LR_INS\",\"amount\":2611.89},{\"config_deduction_id\":\"4\",\"deduct_comp_id\":\"654\",\"label\":\"PAG_PREM\",\"amount\":300},{\"config_deduction_id\":\"17\",\"deduct_comp_id\":\"657\",\"label\":\"PMG_DS\",\"amount\":310.21},{\"config_deduction_id\":\"21\",\"deduct_comp_id\":\"655\",\"label\":\"PHIC-PREM\",\"amount\":725.52}]', '[{\"govshare_id\":\"1\",\"emp_govshare_id\":\"350\",\"label\":\"L_R\",\"amount\":3482.52},{\"govshare_id\":\"5\",\"emp_govshare_id\":\"351\",\"label\":\"HDMF\",\"amount\":200},{\"govshare_id\":\"7\",\"emp_govshare_id\":\"352\",\"label\":\"PHIC\",\"amount\":725.53},{\"govshare_id\":\"8\",\"emp_govshare_id\":\"349\",\"label\":\"ECC\",\"amount\":100}]', 'Regular', '2026-03-11 06:17:35', '2026-03-11 06:17:35'),
(192, 126, 130, 5, 1, 13, '88367.00', '105667.00', '23662.20', '41002.40', 'APPROVED', 10, '2026-03-11 15:41:17', 10, '2026-03-11 15:43:41', NULL, NULL, NULL, NULL, NULL, 0, '[{\"config_earning_id\":\"1\",\"earning_comp_id\":\"39\",\"label\":\"Sal-Reg\",\"amount\":88367},{\"config_earning_id\":\"3\",\"earning_comp_id\":\"42\",\"label\":\"PERA\",\"amount\":2000},{\"config_earning_id\":\"4\",\"earning_comp_id\":\"40\",\"label\":\"RA\",\"amount\":7650},{\"config_earning_id\":\"5\",\"earning_comp_id\":\"41\",\"label\":\"TA\",\"amount\":7650}]', '[{\"config_deduction_id\":\"1\",\"deduct_comp_id\":\"110\",\"label\":\"W_TAX\",\"amount\":13200},{\"config_deduction_id\":\"2\",\"deduct_comp_id\":\"107\",\"label\":\"LR_INS\",\"amount\":7953.03},{\"config_deduction_id\":\"4\",\"deduct_comp_id\":\"108\",\"label\":\"PAG_PREM\",\"amount\":300},{\"config_deduction_id\":\"21\",\"deduct_comp_id\":\"109\",\"label\":\"PHIC-PREM\",\"amount\":2209.17}]', '[{\"govshare_id\":\"1\",\"emp_govshare_id\":\"57\",\"label\":\"L_R\",\"amount\":10604.04},{\"govshare_id\":\"5\",\"emp_govshare_id\":\"59\",\"label\":\"HDMF\",\"amount\":200},{\"govshare_id\":\"7\",\"emp_govshare_id\":\"60\",\"label\":\"PHIC\",\"amount\":2209.18},{\"govshare_id\":\"8\",\"emp_govshare_id\":\"58\",\"label\":\"ECC\",\"amount\":100}]', 'Regular', '2026-03-11 07:40:57', '2026-03-11 07:43:41'),
(193, 23, 139, 5, 1, 13, '36544.00', '38544.00', '24819.98', '6862.01', 'APPROVED', 10, '2026-03-11 15:41:17', 10, '2026-03-11 15:43:41', NULL, NULL, NULL, NULL, NULL, 0, '[{\"config_earning_id\":\"1\",\"earning_comp_id\":\"59\",\"label\":\"Sal-Reg\",\"amount\":36544},{\"config_earning_id\":\"3\",\"earning_comp_id\":\"60\",\"label\":\"PERA\",\"amount\":2000}]', '[{\"config_deduction_id\":\"1\",\"deduct_comp_id\":\"983\",\"label\":\"W_TAX\",\"amount\":1650},{\"config_deduction_id\":\"2\",\"deduct_comp_id\":\"984\",\"label\":\"LR_INS\",\"amount\":3288.96},{\"config_deduction_id\":\"4\",\"deduct_comp_id\":\"985\",\"label\":\"PAG_PREM\",\"amount\":300},{\"config_deduction_id\":\"17\",\"deduct_comp_id\":\"986\",\"label\":\"PMG_DS\",\"amount\":385.44},{\"config_deduction_id\":\"18\",\"deduct_comp_id\":\"987\",\"label\":\"PMG_LN\",\"amount\":2500},{\"config_deduction_id\":\"19\",\"deduct_comp_id\":\"988\",\"label\":\"GFAL\",\"amount\":6040.2},{\"config_deduction_id\":\"21\",\"deduct_comp_id\":\"989\",\"label\":\"PHIC-PREM\",\"amount\":913.6},{\"config_deduction_id\":\"26\",\"deduct_comp_id\":\"990\",\"label\":\"COM_LN\",\"amount\":1966.67},{\"config_deduction_id\":\"27\",\"deduct_comp_id\":\"992\",\"label\":\"GMPL\",\"amount\":5441.78},{\"config_deduction_id\":\"28\",\"deduct_comp_id\":\"991\",\"label\":\"MPLTE\",\"amount\":2333.33}]', '[{\"govshare_id\":\"1\",\"emp_govshare_id\":\"61\",\"label\":\"L_R\",\"amount\":4385.28},{\"govshare_id\":\"5\",\"emp_govshare_id\":\"63\",\"label\":\"HDMF\",\"amount\":200},{\"govshare_id\":\"7\",\"emp_govshare_id\":\"64\",\"label\":\"PHIC\",\"amount\":913.6},{\"govshare_id\":\"8\",\"emp_govshare_id\":\"62\",\"label\":\"ECC\",\"amount\":100}]', 'Regular', '2026-03-11 07:40:57', '2026-03-11 07:43:41'),
(194, 80, 131, 5, 1, 13, '33646.00', '35646.00', '29664.26', '2990.87', 'APPROVED', 10, '2026-03-11 15:41:17', 10, '2026-03-11 15:43:41', NULL, NULL, NULL, NULL, NULL, 0, '[{\"config_earning_id\":\"1\",\"earning_comp_id\":\"43\",\"label\":\"Sal-Reg\",\"amount\":33646},{\"config_earning_id\":\"3\",\"earning_comp_id\":\"44\",\"label\":\"PERA\",\"amount\":2000}]', '[{\"config_deduction_id\":\"1\",\"deduct_comp_id\":\"1306\",\"label\":\"W_TAX\",\"amount\":1250},{\"config_deduction_id\":\"2\",\"deduct_comp_id\":\"1307\",\"label\":\"LR_INS\",\"amount\":3028.14},{\"config_deduction_id\":\"4\",\"deduct_comp_id\":\"1308\",\"label\":\"PAG_PREM\",\"amount\":300},{\"config_deduction_id\":\"5\",\"deduct_comp_id\":\"1309\",\"label\":\"PAG_MPL\",\"amount\":3172.47},{\"config_deduction_id\":\"17\",\"deduct_comp_id\":\"1310\",\"label\":\"PMG_DS\",\"amount\":356.46},{\"config_deduction_id\":\"18\",\"deduct_comp_id\":\"1311\",\"label\":\"PMG_LN\",\"amount\":2500},{\"config_deduction_id\":\"19\",\"deduct_comp_id\":\"1312\",\"label\":\"GFAL\",\"amount\":5448.28},{\"config_deduction_id\":\"21\",\"deduct_comp_id\":\"1313\",\"label\":\"PHIC-PREM\",\"amount\":841.15},{\"config_deduction_id\":\"25\",\"deduct_comp_id\":\"1318\",\"label\":\"EMG_LN\",\"amount\":1311.12},{\"config_deduction_id\":\"26\",\"deduct_comp_id\":\"1314\",\"label\":\"COM_LN\",\"amount\":1966.67},{\"config_deduction_id\":\"27\",\"deduct_comp_id\":\"1315\",\"label\":\"GMPL\",\"amount\":4451.3},{\"config_deduction_id\":\"28\",\"deduct_comp_id\":\"1316\",\"label\":\"MPLTE\",\"amount\":2333.33},{\"config_deduction_id\":\"32\",\"deduct_comp_id\":\"1317\",\"label\":\"CRBDI\",\"amount\":2705.34}]', '[{\"govshare_id\":\"1\",\"emp_govshare_id\":\"65\",\"label\":\"L_R\",\"amount\":4037.52},{\"govshare_id\":\"5\",\"emp_govshare_id\":\"67\",\"label\":\"HDMF\",\"amount\":200},{\"govshare_id\":\"7\",\"emp_govshare_id\":\"68\",\"label\":\"PHIC\",\"amount\":841.15},{\"govshare_id\":\"8\",\"emp_govshare_id\":\"66\",\"label\":\"ECC\",\"amount\":100}]', 'Regular', '2026-03-11 07:40:57', '2026-03-11 07:43:41'),
(195, 12, 132, 5, 1, 13, '27022.00', '29022.00', '14631.17', '7195.42', 'APPROVED', 10, '2026-03-11 15:41:17', 10, '2026-03-11 15:43:41', NULL, NULL, NULL, NULL, NULL, 0, '[{\"config_earning_id\":\"1\",\"earning_comp_id\":\"45\",\"label\":\"Sal-Reg\",\"amount\":27022},{\"config_earning_id\":\"3\",\"earning_comp_id\":\"46\",\"label\":\"PERA\",\"amount\":2000}]', '[{\"config_deduction_id\":\"1\",\"deduct_comp_id\":\"779\",\"label\":\"W_TAX\",\"amount\":380},{\"config_deduction_id\":\"2\",\"deduct_comp_id\":\"780\",\"label\":\"LR_INS\",\"amount\":2431.98},{\"config_deduction_id\":\"4\",\"deduct_comp_id\":\"781\",\"label\":\"PAG_PREM\",\"amount\":300},{\"config_deduction_id\":\"17\",\"deduct_comp_id\":\"782\",\"label\":\"PMG_DS\",\"amount\":290.22},{\"config_deduction_id\":\"19\",\"deduct_comp_id\":\"783\",\"label\":\"GFAL\",\"amount\":2471.36},{\"config_deduction_id\":\"21\",\"deduct_comp_id\":\"784\",\"label\":\"PHIC-PREM\",\"amount\":675.55},{\"config_deduction_id\":\"22\",\"deduct_comp_id\":\"785\",\"label\":\"POEMCO\",\"amount\":1000},{\"config_deduction_id\":\"26\",\"deduct_comp_id\":\"788\",\"label\":\"COM_LN\",\"amount\":1966.67},{\"config_deduction_id\":\"27\",\"deduct_comp_id\":\"786\",\"label\":\"GMPL\",\"amount\":2782.06},{\"config_deduction_id\":\"28\",\"deduct_comp_id\":\"787\",\"label\":\"MPLTE\",\"amount\":2333.33}]', '[{\"govshare_id\":\"1\",\"emp_govshare_id\":\"69\",\"label\":\"L_R\",\"amount\":3242.64},{\"govshare_id\":\"5\",\"emp_govshare_id\":\"71\",\"label\":\"HDMF\",\"amount\":200},{\"govshare_id\":\"7\",\"emp_govshare_id\":\"72\",\"label\":\"PHIC\",\"amount\":675.55},{\"govshare_id\":\"8\",\"emp_govshare_id\":\"70\",\"label\":\"ECC\",\"amount\":100}]', 'Regular', '2026-03-11 07:40:57', '2026-03-11 07:43:41'),
(196, 8, 140, 5, 1, 13, '19303.00', '21303.00', '2732.87', '9285.07', 'APPROVED', 10, '2026-03-11 15:41:17', 10, '2026-03-11 15:43:41', NULL, NULL, NULL, NULL, NULL, 0, '[{\"config_earning_id\":\"1\",\"earning_comp_id\":\"61\",\"label\":\"Sal-Reg\",\"amount\":19303},{\"config_earning_id\":\"3\",\"earning_comp_id\":\"62\",\"label\":\"PERA\",\"amount\":2000}]', '[{\"config_deduction_id\":\"2\",\"deduct_comp_id\":\"140\",\"label\":\"LR_INS\",\"amount\":1737.27},{\"config_deduction_id\":\"4\",\"deduct_comp_id\":\"141\",\"label\":\"PAG_PREM\",\"amount\":300},{\"config_deduction_id\":\"17\",\"deduct_comp_id\":\"143\",\"label\":\"PMG_DS\",\"amount\":213.03},{\"config_deduction_id\":\"21\",\"deduct_comp_id\":\"142\",\"label\":\"PHIC-PREM\",\"amount\":482.57}]', '[{\"govshare_id\":\"1\",\"emp_govshare_id\":\"73\",\"label\":\"L_R\",\"amount\":2316.36},{\"govshare_id\":\"5\",\"emp_govshare_id\":\"75\",\"label\":\"HDMF\",\"amount\":200},{\"govshare_id\":\"7\",\"emp_govshare_id\":\"76\",\"label\":\"PHIC\",\"amount\":482.58},{\"govshare_id\":\"8\",\"emp_govshare_id\":\"74\",\"label\":\"ECC\",\"amount\":100}]', 'Regular', '2026-03-11 07:40:57', '2026-03-11 07:43:41');
INSERT INTO `payroll_entries` (`payroll_entry_id`, `employee_id`, `employment_id`, `payroll_period_id`, `locked_period`, `dept_id`, `locked_basic`, `gross`, `total_deductions`, `net_pay`, `status`, `submitted_by`, `submitted_date`, `approved_by`, `approved_date`, `marked_paid_by`, `marked_paid_date`, `returned_reason`, `locked_by`, `locked_date`, `edit_count`, `earnings_breakdown`, `deductions_breakdown`, `govshares_breakdown`, `emp_type_stamp`, `created_at`, `updated_at`) VALUES
(197, 107, 134, 5, 1, 13, '17188.00', '19188.00', '11911.70', '3638.15', 'APPROVED', 10, '2026-03-11 15:41:17', 10, '2026-03-11 15:43:41', NULL, NULL, NULL, NULL, NULL, 0, '[{\"config_earning_id\":\"1\",\"earning_comp_id\":\"49\",\"label\":\"Sal-Reg\",\"amount\":17188},{\"config_earning_id\":\"3\",\"earning_comp_id\":\"50\",\"label\":\"PERA\",\"amount\":2000}]', '[{\"config_deduction_id\":\"2\",\"deduct_comp_id\":\"1699\",\"label\":\"LR_INS\",\"amount\":1546.92},{\"config_deduction_id\":\"4\",\"deduct_comp_id\":\"1700\",\"label\":\"PAG_PREM\",\"amount\":300},{\"config_deduction_id\":\"8\",\"deduct_comp_id\":\"1701\",\"label\":\"RRB\",\"amount\":3725.43},{\"config_deduction_id\":\"16\",\"deduct_comp_id\":\"1702\",\"label\":\"PLREG\",\"amount\":50},{\"config_deduction_id\":\"17\",\"deduct_comp_id\":\"1703\",\"label\":\"PMG_DS\",\"amount\":191.88},{\"config_deduction_id\":\"18\",\"deduct_comp_id\":\"1704\",\"label\":\"PMG_LN\",\"amount\":1500},{\"config_deduction_id\":\"21\",\"deduct_comp_id\":\"1705\",\"label\":\"PHIC-PREM\",\"amount\":429.7},{\"config_deduction_id\":\"25\",\"deduct_comp_id\":\"1706\",\"label\":\"EMG_LN\",\"amount\":655.56},{\"config_deduction_id\":\"26\",\"deduct_comp_id\":\"1707\",\"label\":\"COM_LN\",\"amount\":1966.67},{\"config_deduction_id\":\"27\",\"deduct_comp_id\":\"1708\",\"label\":\"GMPL\",\"amount\":1078.87},{\"config_deduction_id\":\"28\",\"deduct_comp_id\":\"1709\",\"label\":\"MPLTE\",\"amount\":466.67}]', '[{\"govshare_id\":\"1\",\"emp_govshare_id\":\"77\",\"label\":\"L_R\",\"amount\":2062.56},{\"govshare_id\":\"5\",\"emp_govshare_id\":\"79\",\"label\":\"HDMF\",\"amount\":200},{\"govshare_id\":\"7\",\"emp_govshare_id\":\"80\",\"label\":\"PHIC\",\"amount\":429.7},{\"govshare_id\":\"8\",\"emp_govshare_id\":\"78\",\"label\":\"ECC\",\"amount\":100}]', 'Regular', '2026-03-11 07:40:57', '2026-03-11 07:43:41'),
(198, 115, 133, 5, 1, 13, '16079.00', '18079.00', '2329.87', '7874.57', 'APPROVED', 10, '2026-03-11 15:41:17', 10, '2026-03-11 15:43:41', NULL, NULL, NULL, NULL, NULL, 0, '[{\"config_earning_id\":\"1\",\"earning_comp_id\":\"47\",\"label\":\"Sal-Reg\",\"amount\":16079},{\"config_earning_id\":\"3\",\"earning_comp_id\":\"48\",\"label\":\"PERA\",\"amount\":2000}]', '[{\"config_deduction_id\":\"2\",\"deduct_comp_id\":\"156\",\"label\":\"LR_INS\",\"amount\":1447.11},{\"config_deduction_id\":\"4\",\"deduct_comp_id\":\"157\",\"label\":\"PAG_PREM\",\"amount\":300},{\"config_deduction_id\":\"17\",\"deduct_comp_id\":\"159\",\"label\":\"PMG_DS\",\"amount\":180.79},{\"config_deduction_id\":\"21\",\"deduct_comp_id\":\"158\",\"label\":\"PHIC-PREM\",\"amount\":401.97}]', '[{\"govshare_id\":\"1\",\"emp_govshare_id\":\"81\",\"label\":\"L_R\",\"amount\":1929.48},{\"govshare_id\":\"5\",\"emp_govshare_id\":\"83\",\"label\":\"HDMF\",\"amount\":200},{\"govshare_id\":\"7\",\"emp_govshare_id\":\"84\",\"label\":\"PHIC\",\"amount\":401.98},{\"govshare_id\":\"8\",\"emp_govshare_id\":\"82\",\"label\":\"ECC\",\"amount\":100}]', 'Regular', '2026-03-11 07:40:57', '2026-03-11 07:43:41'),
(199, 96, 136, 5, 1, 13, '15150.00', '17150.00', '4180.42', '6484.79', 'APPROVED', 10, '2026-03-11 15:41:17', 10, '2026-03-11 15:43:41', NULL, NULL, NULL, NULL, NULL, 0, '[{\"config_earning_id\":\"1\",\"earning_comp_id\":\"53\",\"label\":\"Sal-Reg\",\"amount\":15150},{\"config_earning_id\":\"3\",\"earning_comp_id\":\"54\",\"label\":\"PERA\",\"amount\":2000}]', '[{\"config_deduction_id\":\"2\",\"deduct_comp_id\":\"165\",\"label\":\"LR_INS\",\"amount\":1363.5},{\"config_deduction_id\":\"4\",\"deduct_comp_id\":\"167\",\"label\":\"PAG_PREM\",\"amount\":300},{\"config_deduction_id\":\"17\",\"deduct_comp_id\":\"169\",\"label\":\"PMG_DS\",\"amount\":171.5},{\"config_deduction_id\":\"21\",\"deduct_comp_id\":\"168\",\"label\":\"PHIC-PREM\",\"amount\":378.75},{\"config_deduction_id\":\"26\",\"deduct_comp_id\":\"166\",\"label\":\"COM_LN\",\"amount\":1966.67}]', '[{\"govshare_id\":\"1\",\"emp_govshare_id\":\"89\",\"label\":\"L_R\",\"amount\":1818},{\"govshare_id\":\"5\",\"emp_govshare_id\":\"91\",\"label\":\"HDMF\",\"amount\":200},{\"govshare_id\":\"7\",\"emp_govshare_id\":\"92\",\"label\":\"PHIC\",\"amount\":378.75},{\"govshare_id\":\"8\",\"emp_govshare_id\":\"90\",\"label\":\"ECC\",\"amount\":100}]', 'Regular', '2026-03-11 07:40:57', '2026-03-11 07:43:41'),
(200, 11, 138, 5, 1, 13, '15262.00', '17262.00', '2977.75', '7142.13', 'APPROVED', 10, '2026-03-11 15:41:17', 10, '2026-03-11 15:43:41', NULL, NULL, NULL, NULL, NULL, 0, '[{\"config_earning_id\":\"1\",\"earning_comp_id\":\"57\",\"label\":\"Sal-Reg\",\"amount\":15262},{\"config_earning_id\":\"3\",\"earning_comp_id\":\"58\",\"label\":\"PERA\",\"amount\":2000}]', '[{\"config_deduction_id\":\"2\",\"deduct_comp_id\":\"160\",\"label\":\"LR_INS\",\"amount\":1373.58},{\"config_deduction_id\":\"4\",\"deduct_comp_id\":\"161\",\"label\":\"PAG_PREM\",\"amount\":300},{\"config_deduction_id\":\"14\",\"deduct_comp_id\":\"163\",\"label\":\"SSS\",\"amount\":750},{\"config_deduction_id\":\"17\",\"deduct_comp_id\":\"164\",\"label\":\"PMG_DS\",\"amount\":172.62},{\"config_deduction_id\":\"21\",\"deduct_comp_id\":\"162\",\"label\":\"PHIC-PREM\",\"amount\":381.55}]', '[{\"govshare_id\":\"1\",\"emp_govshare_id\":\"85\",\"label\":\"L_R\",\"amount\":1831.44},{\"govshare_id\":\"5\",\"emp_govshare_id\":\"87\",\"label\":\"HDMF\",\"amount\":200},{\"govshare_id\":\"7\",\"emp_govshare_id\":\"88\",\"label\":\"PHIC\",\"amount\":381.55},{\"govshare_id\":\"8\",\"emp_govshare_id\":\"86\",\"label\":\"ECC\",\"amount\":100}]', 'Regular', '2026-03-11 07:40:57', '2026-03-11 07:43:41'),
(201, 26, 137, 5, 1, 13, '14696.00', '16696.00', '2150.92', '7272.54', 'APPROVED', 10, '2026-03-11 15:41:17', 10, '2026-03-11 15:43:41', NULL, NULL, NULL, NULL, NULL, 0, '[{\"config_earning_id\":\"1\",\"earning_comp_id\":\"55\",\"label\":\"Sal-Reg\",\"amount\":14696},{\"config_earning_id\":\"3\",\"earning_comp_id\":\"56\",\"label\":\"PERA\",\"amount\":2000}]', '[{\"config_deduction_id\":\"2\",\"deduct_comp_id\":\"170\",\"label\":\"LR_INS\",\"amount\":1322.64},{\"config_deduction_id\":\"4\",\"deduct_comp_id\":\"171\",\"label\":\"PAG_PREM\",\"amount\":293.92},{\"config_deduction_id\":\"17\",\"deduct_comp_id\":\"173\",\"label\":\"PMG_DS\",\"amount\":166.96},{\"config_deduction_id\":\"21\",\"deduct_comp_id\":\"172\",\"label\":\"PHIC-PREM\",\"amount\":367.4}]', '[{\"govshare_id\":\"1\",\"emp_govshare_id\":\"93\",\"label\":\"L_R\",\"amount\":1763.52},{\"govshare_id\":\"5\",\"emp_govshare_id\":\"95\",\"label\":\"HDMF\",\"amount\":200},{\"govshare_id\":\"7\",\"emp_govshare_id\":\"96\",\"label\":\"PHIC\",\"amount\":367.4},{\"govshare_id\":\"8\",\"emp_govshare_id\":\"94\",\"label\":\"ECC\",\"amount\":100}]', 'Regular', '2026-03-11 07:40:57', '2026-03-11 07:43:41'),
(202, 106, 135, 5, 1, 13, '14267.00', '16267.00', '11245.40', '2510.80', 'APPROVED', 10, '2026-03-11 15:41:17', 10, '2026-03-11 15:43:41', NULL, NULL, NULL, NULL, NULL, 0, '[{\"config_earning_id\":\"1\",\"earning_comp_id\":\"51\",\"label\":\"Sal-Reg\",\"amount\":14267},{\"config_earning_id\":\"3\",\"earning_comp_id\":\"52\",\"label\":\"PERA\",\"amount\":2000}]', '[{\"config_deduction_id\":\"2\",\"deduct_comp_id\":\"1553\",\"label\":\"LR_INS\",\"amount\":1284.03},{\"config_deduction_id\":\"4\",\"deduct_comp_id\":\"1554\",\"label\":\"PAG_PREM\",\"amount\":285.34},{\"config_deduction_id\":\"8\",\"deduct_comp_id\":\"1555\",\"label\":\"RRB\",\"amount\":4550.52},{\"config_deduction_id\":\"17\",\"deduct_comp_id\":\"1556\",\"label\":\"PMG_DS\",\"amount\":162.67},{\"config_deduction_id\":\"18\",\"deduct_comp_id\":\"1557\",\"label\":\"PMG_LN\",\"amount\":450},{\"config_deduction_id\":\"21\",\"deduct_comp_id\":\"1558\",\"label\":\"PHIC-PREM\",\"amount\":356.67},{\"config_deduction_id\":\"25\",\"deduct_comp_id\":\"1559\",\"label\":\"EMG_LN\",\"amount\":655.56},{\"config_deduction_id\":\"26\",\"deduct_comp_id\":\"1560\",\"label\":\"COM_LN\",\"amount\":1966.67},{\"config_deduction_id\":\"27\",\"deduct_comp_id\":\"1561\",\"label\":\"GMPL\",\"amount\":583.94},{\"config_deduction_id\":\"28\",\"deduct_comp_id\":\"1562\",\"label\":\"MPLTE\",\"amount\":950}]', '[{\"govshare_id\":\"1\",\"emp_govshare_id\":\"97\",\"label\":\"L_R\",\"amount\":1712.04},{\"govshare_id\":\"5\",\"emp_govshare_id\":\"99\",\"label\":\"HDMF\",\"amount\":200},{\"govshare_id\":\"7\",\"emp_govshare_id\":\"100\",\"label\":\"PHIC\",\"amount\":356.68},{\"govshare_id\":\"8\",\"emp_govshare_id\":\"98\",\"label\":\"ECC\",\"amount\":100}]', 'Regular', '2026-03-11 07:40:57', '2026-03-11 07:43:41');

-- --------------------------------------------------------

--
-- Table structure for table `payroll_entries_audit`
--

CREATE TABLE `payroll_entries_audit` (
  `audit_id` int(11) NOT NULL,
  `payroll_entry_id` int(11) NOT NULL,
  `action` varchar(50) NOT NULL COMMENT 'CREATE, UPDATE, DELETE, APPROVE, LOCK, STATUS_CHANGE',
  `changed_by` int(11) NOT NULL COMMENT 'User ID who performed the action',
  `old_values` longtext CHARACTER SET utf8mb4 COLLATE utf8mb4_bin DEFAULT NULL COMMENT 'Previous values before change' CHECK (json_valid(`old_values`)),
  `new_values` longtext CHARACTER SET utf8mb4 COLLATE utf8mb4_bin DEFAULT NULL COMMENT 'New values after change' CHECK (json_valid(`new_values`)),
  `action_date` datetime DEFAULT current_timestamp(),
  `ip_address` varchar(45) DEFAULT NULL COMMENT 'IP address of user who made change',
  `user_agent` varchar(255) DEFAULT NULL COMMENT 'Browser user agent for audit trail'
) ENGINE=InnoDB DEFAULT CHARSET=utf8mb4;

--
-- Dumping data for table `payroll_entries_audit`
--

INSERT INTO `payroll_entries_audit` (`audit_id`, `payroll_entry_id`, `action`, `changed_by`, `old_values`, `new_values`, `action_date`, `ip_address`, `user_agent`) VALUES
(1, 1, 'BULK_STATUS_UPDATE', 10, '{\"from_statuses\":{\"1\":\"DRAFT\"},\"count\":1}', '{\"to_status\":\"REVIEW\",\"reason\":null,\"affected\":1}', '2026-03-06 11:25:40', '3232235878', 'Mozilla/5.0 (Windows NT 10.0; Win64; x64) AppleWebKit/537.36 (KHTML, like Gecko) Chrome/145.0.0.0 Safari/537.36'),
(2, 2, 'BULK_STATUS_UPDATE', 10, '{\"from_statuses\":{\"2\":\"DRAFT\"},\"count\":1}', '{\"to_status\":\"REVIEW\",\"reason\":null,\"affected\":1}', '2026-03-06 11:26:01', '3232235878', 'Mozilla/5.0 (Windows NT 10.0; Win64; x64) AppleWebKit/537.36 (KHTML, like Gecko) Chrome/145.0.0.0 Safari/537.36'),
(3, 3, 'BULK_STATUS_UPDATE', 10, '{\"from_statuses\":{\"3\":\"DRAFT\"},\"count\":1}', '{\"to_status\":\"REVIEW\",\"reason\":null,\"affected\":1}', '2026-03-06 11:26:12', '3232235878', 'Mozilla/5.0 (Windows NT 10.0; Win64; x64) AppleWebKit/537.36 (KHTML, like Gecko) Chrome/145.0.0.0 Safari/537.36'),
(4, 4, 'BULK_STATUS_UPDATE', 10, '{\"from_statuses\":{\"4\":\"DRAFT\"},\"count\":1}', '{\"to_status\":\"REVIEW\",\"reason\":null,\"affected\":1}', '2026-03-06 11:26:20', '3232235878', 'Mozilla/5.0 (Windows NT 10.0; Win64; x64) AppleWebKit/537.36 (KHTML, like Gecko) Chrome/145.0.0.0 Safari/537.36'),
(5, 5, 'BULK_STATUS_UPDATE', 10, '{\"from_statuses\":{\"5\":\"DRAFT\"},\"count\":1}', '{\"to_status\":\"REVIEW\",\"reason\":null,\"affected\":1}', '2026-03-06 11:26:34', '3232235878', 'Mozilla/5.0 (Windows NT 10.0; Win64; x64) AppleWebKit/537.36 (KHTML, like Gecko) Chrome/145.0.0.0 Safari/537.36'),
(6, 6, 'BULK_STATUS_UPDATE', 10, '{\"from_statuses\":{\"6\":\"DRAFT\"},\"count\":1}', '{\"to_status\":\"REVIEW\",\"reason\":null,\"affected\":1}', '2026-03-06 11:26:45', '3232235878', 'Mozilla/5.0 (Windows NT 10.0; Win64; x64) AppleWebKit/537.36 (KHTML, like Gecko) Chrome/145.0.0.0 Safari/537.36'),
(7, 7, 'BULK_STATUS_UPDATE', 10, '{\"from_statuses\":{\"7\":\"DRAFT\"},\"count\":1}', '{\"to_status\":\"REVIEW\",\"reason\":null,\"affected\":1}', '2026-03-06 11:27:05', '3232235878', 'Mozilla/5.0 (Windows NT 10.0; Win64; x64) AppleWebKit/537.36 (KHTML, like Gecko) Chrome/145.0.0.0 Safari/537.36'),
(8, 1, 'BULK_STATUS_UPDATE', 10, '{\"from_statuses\":{\"1\":\"REVIEW\"},\"count\":1}', '{\"to_status\":\"APPROVED\",\"reason\":null,\"affected\":1}', '2026-03-06 11:28:03', '3232235878', 'Mozilla/5.0 (Windows NT 10.0; Win64; x64) AppleWebKit/537.36 (KHTML, like Gecko) Chrome/145.0.0.0 Safari/537.36'),
(9, 2, 'BULK_STATUS_UPDATE', 10, '{\"from_statuses\":{\"2\":\"REVIEW\"},\"count\":1}', '{\"to_status\":\"APPROVED\",\"reason\":null,\"affected\":1}', '2026-03-06 11:28:08', '3232235878', 'Mozilla/5.0 (Windows NT 10.0; Win64; x64) AppleWebKit/537.36 (KHTML, like Gecko) Chrome/145.0.0.0 Safari/537.36'),
(10, 3, 'BULK_STATUS_UPDATE', 10, '{\"from_statuses\":{\"3\":\"REVIEW\"},\"count\":1}', '{\"to_status\":\"APPROVED\",\"reason\":null,\"affected\":1}', '2026-03-06 11:28:14', '3232235878', 'Mozilla/5.0 (Windows NT 10.0; Win64; x64) AppleWebKit/537.36 (KHTML, like Gecko) Chrome/145.0.0.0 Safari/537.36'),
(11, 4, 'BULK_STATUS_UPDATE', 10, '{\"from_statuses\":{\"4\":\"REVIEW\"},\"count\":1}', '{\"to_status\":\"APPROVED\",\"reason\":null,\"affected\":1}', '2026-03-06 11:28:18', '3232235878', 'Mozilla/5.0 (Windows NT 10.0; Win64; x64) AppleWebKit/537.36 (KHTML, like Gecko) Chrome/145.0.0.0 Safari/537.36'),
(12, 5, 'BULK_STATUS_UPDATE', 10, '{\"from_statuses\":{\"5\":\"REVIEW\"},\"count\":1}', '{\"to_status\":\"APPROVED\",\"reason\":null,\"affected\":1}', '2026-03-06 11:28:22', '3232235878', 'Mozilla/5.0 (Windows NT 10.0; Win64; x64) AppleWebKit/537.36 (KHTML, like Gecko) Chrome/145.0.0.0 Safari/537.36'),
(13, 6, 'BULK_STATUS_UPDATE', 10, '{\"from_statuses\":{\"6\":\"REVIEW\"},\"count\":1}', '{\"to_status\":\"APPROVED\",\"reason\":null,\"affected\":1}', '2026-03-06 11:28:27', '3232235878', 'Mozilla/5.0 (Windows NT 10.0; Win64; x64) AppleWebKit/537.36 (KHTML, like Gecko) Chrome/145.0.0.0 Safari/537.36'),
(14, 7, 'BULK_STATUS_UPDATE', 10, '{\"from_statuses\":{\"7\":\"REVIEW\"},\"count\":1}', '{\"to_status\":\"APPROVED\",\"reason\":null,\"affected\":1}', '2026-03-06 11:28:35', '3232235878', 'Mozilla/5.0 (Windows NT 10.0; Win64; x64) AppleWebKit/537.36 (KHTML, like Gecko) Chrome/145.0.0.0 Safari/537.36'),
(15, 8, 'BULK_STATUS_UPDATE', 10, '{\"from_statuses\":{\"8\":\"DRAFT\"},\"count\":1}', '{\"to_status\":\"REVIEW\",\"reason\":null,\"affected\":1}', '2026-03-06 11:32:26', '3232235878', 'Mozilla/5.0 (Windows NT 10.0; Win64; x64) AppleWebKit/537.36 (KHTML, like Gecko) Chrome/145.0.0.0 Safari/537.36'),
(16, 9, 'BULK_STATUS_UPDATE', 10, '{\"from_statuses\":{\"9\":\"DRAFT\"},\"count\":1}', '{\"to_status\":\"REVIEW\",\"reason\":null,\"affected\":1}', '2026-03-06 11:32:32', '3232235878', 'Mozilla/5.0 (Windows NT 10.0; Win64; x64) AppleWebKit/537.36 (KHTML, like Gecko) Chrome/145.0.0.0 Safari/537.36'),
(17, 10, 'BULK_STATUS_UPDATE', 10, '{\"from_statuses\":{\"10\":\"DRAFT\"},\"count\":1}', '{\"to_status\":\"REVIEW\",\"reason\":null,\"affected\":1}', '2026-03-06 11:32:38', '3232235878', 'Mozilla/5.0 (Windows NT 10.0; Win64; x64) AppleWebKit/537.36 (KHTML, like Gecko) Chrome/145.0.0.0 Safari/537.36'),
(18, 11, 'BULK_STATUS_UPDATE', 10, '{\"from_statuses\":{\"11\":\"DRAFT\"},\"count\":1}', '{\"to_status\":\"REVIEW\",\"reason\":null,\"affected\":1}', '2026-03-06 11:32:42', '3232235878', 'Mozilla/5.0 (Windows NT 10.0; Win64; x64) AppleWebKit/537.36 (KHTML, like Gecko) Chrome/145.0.0.0 Safari/537.36'),
(19, 12, 'BULK_STATUS_UPDATE', 10, '{\"from_statuses\":{\"12\":\"DRAFT\"},\"count\":1}', '{\"to_status\":\"REVIEW\",\"reason\":null,\"affected\":1}', '2026-03-06 11:32:47', '3232235878', 'Mozilla/5.0 (Windows NT 10.0; Win64; x64) AppleWebKit/537.36 (KHTML, like Gecko) Chrome/145.0.0.0 Safari/537.36'),
(20, 8, 'BULK_STATUS_UPDATE', 10, '{\"from_statuses\":{\"8\":\"REVIEW\"},\"count\":1}', '{\"to_status\":\"APPROVED\",\"reason\":null,\"affected\":1}', '2026-03-06 11:33:02', '3232235878', 'Mozilla/5.0 (Windows NT 10.0; Win64; x64) AppleWebKit/537.36 (KHTML, like Gecko) Chrome/145.0.0.0 Safari/537.36'),
(21, 9, 'BULK_STATUS_UPDATE', 10, '{\"from_statuses\":{\"9\":\"REVIEW\"},\"count\":1}', '{\"to_status\":\"APPROVED\",\"reason\":null,\"affected\":1}', '2026-03-06 11:33:06', '3232235878', 'Mozilla/5.0 (Windows NT 10.0; Win64; x64) AppleWebKit/537.36 (KHTML, like Gecko) Chrome/145.0.0.0 Safari/537.36'),
(22, 10, 'BULK_STATUS_UPDATE', 10, '{\"from_statuses\":{\"10\":\"REVIEW\"},\"count\":1}', '{\"to_status\":\"APPROVED\",\"reason\":null,\"affected\":1}', '2026-03-06 11:33:11', '3232235878', 'Mozilla/5.0 (Windows NT 10.0; Win64; x64) AppleWebKit/537.36 (KHTML, like Gecko) Chrome/145.0.0.0 Safari/537.36'),
(23, 11, 'BULK_STATUS_UPDATE', 10, '{\"from_statuses\":{\"11\":\"REVIEW\"},\"count\":1}', '{\"to_status\":\"APPROVED\",\"reason\":null,\"affected\":1}', '2026-03-06 11:33:14', '3232235878', 'Mozilla/5.0 (Windows NT 10.0; Win64; x64) AppleWebKit/537.36 (KHTML, like Gecko) Chrome/145.0.0.0 Safari/537.36'),
(24, 12, 'BULK_STATUS_UPDATE', 10, '{\"from_statuses\":{\"12\":\"REVIEW\"},\"count\":1}', '{\"to_status\":\"APPROVED\",\"reason\":null,\"affected\":1}', '2026-03-06 11:33:18', '3232235878', 'Mozilla/5.0 (Windows NT 10.0; Win64; x64) AppleWebKit/537.36 (KHTML, like Gecko) Chrome/145.0.0.0 Safari/537.36'),
(25, 13, 'BULK_STATUS_UPDATE', 10, '{\"from_statuses\":{\"13\":\"DRAFT\"},\"count\":1}', '{\"to_status\":\"REVIEW\",\"reason\":null,\"affected\":1}', '2026-03-06 13:11:28', '3232235878', 'Mozilla/5.0 (Windows NT 10.0; Win64; x64) AppleWebKit/537.36 (KHTML, like Gecko) Chrome/145.0.0.0 Safari/537.36'),
(26, 14, 'BULK_STATUS_UPDATE', 10, '{\"from_statuses\":{\"14\":\"DRAFT\"},\"count\":1}', '{\"to_status\":\"REVIEW\",\"reason\":null,\"affected\":1}', '2026-03-06 13:11:45', '3232235878', 'Mozilla/5.0 (Windows NT 10.0; Win64; x64) AppleWebKit/537.36 (KHTML, like Gecko) Chrome/145.0.0.0 Safari/537.36'),
(27, 15, 'BULK_STATUS_UPDATE', 10, '{\"from_statuses\":{\"15\":\"DRAFT\"},\"count\":1}', '{\"to_status\":\"REVIEW\",\"reason\":null,\"affected\":1}', '2026-03-06 13:11:52', '3232235878', 'Mozilla/5.0 (Windows NT 10.0; Win64; x64) AppleWebKit/537.36 (KHTML, like Gecko) Chrome/145.0.0.0 Safari/537.36'),
(28, 16, 'BULK_STATUS_UPDATE', 10, '{\"from_statuses\":{\"16\":\"DRAFT\"},\"count\":1}', '{\"to_status\":\"REVIEW\",\"reason\":null,\"affected\":1}', '2026-03-06 13:12:11', '3232235878', 'Mozilla/5.0 (Windows NT 10.0; Win64; x64) AppleWebKit/537.36 (KHTML, like Gecko) Chrome/145.0.0.0 Safari/537.36'),
(29, 13, 'BULK_STATUS_UPDATE', 10, '{\"from_statuses\":{\"13\":\"REVIEW\"},\"count\":1}', '{\"to_status\":\"APPROVED\",\"reason\":null,\"affected\":1}', '2026-03-06 13:12:19', '3232235878', 'Mozilla/5.0 (Windows NT 10.0; Win64; x64) AppleWebKit/537.36 (KHTML, like Gecko) Chrome/145.0.0.0 Safari/537.36'),
(30, 14, 'BULK_STATUS_UPDATE', 10, '{\"from_statuses\":{\"14\":\"REVIEW\",\"15\":\"REVIEW\",\"16\":\"REVIEW\"},\"count\":3}', '{\"to_status\":\"APPROVED\",\"reason\":null,\"affected\":3}', '2026-03-06 13:17:04', '3232235878', 'Mozilla/5.0 (Windows NT 10.0; Win64; x64) AppleWebKit/537.36 (KHTML, like Gecko) Chrome/145.0.0.0 Safari/537.36'),
(31, 17, 'BULK_STATUS_UPDATE', 10, '{\"from_statuses\":{\"17\":\"DRAFT\"},\"count\":1}', '{\"to_status\":\"REVIEW\",\"reason\":null,\"affected\":1}', '2026-03-06 14:33:36', '3232235878', 'Mozilla/5.0 (Windows NT 10.0; Win64; x64) AppleWebKit/537.36 (KHTML, like Gecko) Chrome/145.0.0.0 Safari/537.36'),
(32, 18, 'BULK_STATUS_UPDATE', 10, '{\"from_statuses\":{\"18\":\"DRAFT\"},\"count\":1}', '{\"to_status\":\"REVIEW\",\"reason\":null,\"affected\":1}', '2026-03-06 14:33:43', '3232235878', 'Mozilla/5.0 (Windows NT 10.0; Win64; x64) AppleWebKit/537.36 (KHTML, like Gecko) Chrome/145.0.0.0 Safari/537.36'),
(33, 19, 'BULK_STATUS_UPDATE', 10, '{\"from_statuses\":{\"19\":\"DRAFT\"},\"count\":1}', '{\"to_status\":\"REVIEW\",\"reason\":null,\"affected\":1}', '2026-03-06 14:33:48', '3232235878', 'Mozilla/5.0 (Windows NT 10.0; Win64; x64) AppleWebKit/537.36 (KHTML, like Gecko) Chrome/145.0.0.0 Safari/537.36'),
(34, 20, 'BULK_STATUS_UPDATE', 10, '{\"from_statuses\":{\"20\":\"DRAFT\"},\"count\":1}', '{\"to_status\":\"REVIEW\",\"reason\":null,\"affected\":1}', '2026-03-06 14:33:54', '3232235878', 'Mozilla/5.0 (Windows NT 10.0; Win64; x64) AppleWebKit/537.36 (KHTML, like Gecko) Chrome/145.0.0.0 Safari/537.36'),
(35, 21, 'BULK_STATUS_UPDATE', 10, '{\"from_statuses\":{\"21\":\"DRAFT\"},\"count\":1}', '{\"to_status\":\"REVIEW\",\"reason\":null,\"affected\":1}', '2026-03-06 14:33:58', '3232235878', 'Mozilla/5.0 (Windows NT 10.0; Win64; x64) AppleWebKit/537.36 (KHTML, like Gecko) Chrome/145.0.0.0 Safari/537.36'),
(36, 17, 'BULK_STATUS_UPDATE', 10, '{\"from_statuses\":{\"17\":\"REVIEW\",\"18\":\"REVIEW\",\"19\":\"REVIEW\",\"20\":\"REVIEW\",\"21\":\"REVIEW\"},\"count\":5}', '{\"to_status\":\"APPROVED\",\"reason\":null,\"affected\":5}', '2026-03-06 14:34:15', '3232235878', 'Mozilla/5.0 (Windows NT 10.0; Win64; x64) AppleWebKit/537.36 (KHTML, like Gecko) Chrome/145.0.0.0 Safari/537.36'),
(45, 28, 'BULK_STATUS_UPDATE', 10, '{\"from_statuses\":{\"28\":\"DRAFT\"},\"count\":1}', '{\"to_status\":\"REVIEW\",\"reason\":null,\"affected\":1}', '2026-03-06 15:20:19', '3232235878', 'Mozilla/5.0 (Windows NT 10.0; Win64; x64) AppleWebKit/537.36 (KHTML, like Gecko) Chrome/145.0.0.0 Safari/537.36'),
(46, 29, 'BULK_STATUS_UPDATE', 10, '{\"from_statuses\":{\"29\":\"DRAFT\"},\"count\":1}', '{\"to_status\":\"REVIEW\",\"reason\":null,\"affected\":1}', '2026-03-06 15:20:29', '3232235878', 'Mozilla/5.0 (Windows NT 10.0; Win64; x64) AppleWebKit/537.36 (KHTML, like Gecko) Chrome/145.0.0.0 Safari/537.36'),
(47, 28, 'BULK_STATUS_UPDATE', 10, '{\"from_statuses\":{\"28\":\"REVIEW\",\"29\":\"REVIEW\"},\"count\":2}', '{\"to_status\":\"APPROVED\",\"reason\":null,\"affected\":2}', '2026-03-06 15:20:44', '3232235878', 'Mozilla/5.0 (Windows NT 10.0; Win64; x64) AppleWebKit/537.36 (KHTML, like Gecko) Chrome/145.0.0.0 Safari/537.36'),
(48, 30, 'BULK_STATUS_UPDATE', 10, '{\"from_statuses\":{\"30\":\"DRAFT\"},\"count\":1}', '{\"to_status\":\"REVIEW\",\"reason\":null,\"affected\":1}', '2026-03-06 15:40:58', '3232235878', 'Mozilla/5.0 (Windows NT 10.0; Win64; x64) AppleWebKit/537.36 (KHTML, like Gecko) Chrome/145.0.0.0 Safari/537.36'),
(49, 31, 'BULK_STATUS_UPDATE', 10, '{\"from_statuses\":{\"31\":\"DRAFT\"},\"count\":1}', '{\"to_status\":\"REVIEW\",\"reason\":null,\"affected\":1}', '2026-03-06 15:41:03', '3232235878', 'Mozilla/5.0 (Windows NT 10.0; Win64; x64) AppleWebKit/537.36 (KHTML, like Gecko) Chrome/145.0.0.0 Safari/537.36'),
(50, 32, 'BULK_STATUS_UPDATE', 10, '{\"from_statuses\":{\"32\":\"DRAFT\"},\"count\":1}', '{\"to_status\":\"REVIEW\",\"reason\":null,\"affected\":1}', '2026-03-06 15:41:09', '3232235878', 'Mozilla/5.0 (Windows NT 10.0; Win64; x64) AppleWebKit/537.36 (KHTML, like Gecko) Chrome/145.0.0.0 Safari/537.36'),
(51, 33, 'BULK_STATUS_UPDATE', 10, '{\"from_statuses\":{\"33\":\"DRAFT\"},\"count\":1}', '{\"to_status\":\"REVIEW\",\"reason\":null,\"affected\":1}', '2026-03-06 15:41:14', '3232235878', 'Mozilla/5.0 (Windows NT 10.0; Win64; x64) AppleWebKit/537.36 (KHTML, like Gecko) Chrome/145.0.0.0 Safari/537.36'),
(52, 34, 'BULK_STATUS_UPDATE', 10, '{\"from_statuses\":{\"34\":\"DRAFT\"},\"count\":1}', '{\"to_status\":\"REVIEW\",\"reason\":null,\"affected\":1}', '2026-03-06 15:41:18', '3232235878', 'Mozilla/5.0 (Windows NT 10.0; Win64; x64) AppleWebKit/537.36 (KHTML, like Gecko) Chrome/145.0.0.0 Safari/537.36'),
(53, 35, 'BULK_STATUS_UPDATE', 10, '{\"from_statuses\":{\"35\":\"DRAFT\"},\"count\":1}', '{\"to_status\":\"REVIEW\",\"reason\":null,\"affected\":1}', '2026-03-06 15:41:23', '3232235878', 'Mozilla/5.0 (Windows NT 10.0; Win64; x64) AppleWebKit/537.36 (KHTML, like Gecko) Chrome/145.0.0.0 Safari/537.36'),
(54, 36, 'BULK_STATUS_UPDATE', 10, '{\"from_statuses\":{\"36\":\"DRAFT\"},\"count\":1}', '{\"to_status\":\"REVIEW\",\"reason\":null,\"affected\":1}', '2026-03-06 15:41:28', '3232235878', 'Mozilla/5.0 (Windows NT 10.0; Win64; x64) AppleWebKit/537.36 (KHTML, like Gecko) Chrome/145.0.0.0 Safari/537.36'),
(55, 37, 'BULK_STATUS_UPDATE', 10, '{\"from_statuses\":{\"37\":\"DRAFT\"},\"count\":1}', '{\"to_status\":\"REVIEW\",\"reason\":null,\"affected\":1}', '2026-03-06 15:41:34', '3232235878', 'Mozilla/5.0 (Windows NT 10.0; Win64; x64) AppleWebKit/537.36 (KHTML, like Gecko) Chrome/145.0.0.0 Safari/537.36'),
(56, 38, 'BULK_STATUS_UPDATE', 10, '{\"from_statuses\":{\"38\":\"DRAFT\"},\"count\":1}', '{\"to_status\":\"REVIEW\",\"reason\":null,\"affected\":1}', '2026-03-06 15:41:40', '3232235878', 'Mozilla/5.0 (Windows NT 10.0; Win64; x64) AppleWebKit/537.36 (KHTML, like Gecko) Chrome/145.0.0.0 Safari/537.36'),
(57, 30, 'BULK_STATUS_UPDATE', 10, '{\"from_statuses\":{\"30\":\"REVIEW\",\"31\":\"REVIEW\",\"32\":\"REVIEW\",\"33\":\"REVIEW\",\"34\":\"REVIEW\",\"35\":\"REVIEW\",\"36\":\"REVIEW\",\"37\":\"REVIEW\",\"38\":\"REVIEW\"},\"count\":9}', '{\"to_status\":\"APPROVED\",\"reason\":null,\"affected\":9}', '2026-03-06 15:42:00', '3232235878', 'Mozilla/5.0 (Windows NT 10.0; Win64; x64) AppleWebKit/537.36 (KHTML, like Gecko) Chrome/145.0.0.0 Safari/537.36'),
(58, 39, 'BULK_STATUS_UPDATE', 10, '{\"from_statuses\":{\"39\":\"DRAFT\"},\"count\":1}', '{\"to_status\":\"REVIEW\",\"reason\":null,\"affected\":1}', '2026-03-06 15:54:15', '3232235878', 'Mozilla/5.0 (Windows NT 10.0; Win64; x64) AppleWebKit/537.36 (KHTML, like Gecko) Chrome/145.0.0.0 Safari/537.36'),
(59, 40, 'BULK_STATUS_UPDATE', 10, '{\"from_statuses\":{\"40\":\"DRAFT\"},\"count\":1}', '{\"to_status\":\"REVIEW\",\"reason\":null,\"affected\":1}', '2026-03-06 15:54:19', '3232235878', 'Mozilla/5.0 (Windows NT 10.0; Win64; x64) AppleWebKit/537.36 (KHTML, like Gecko) Chrome/145.0.0.0 Safari/537.36'),
(60, 41, 'BULK_STATUS_UPDATE', 10, '{\"from_statuses\":{\"41\":\"DRAFT\"},\"count\":1}', '{\"to_status\":\"REVIEW\",\"reason\":null,\"affected\":1}', '2026-03-06 15:54:23', '3232235878', 'Mozilla/5.0 (Windows NT 10.0; Win64; x64) AppleWebKit/537.36 (KHTML, like Gecko) Chrome/145.0.0.0 Safari/537.36'),
(61, 42, 'BULK_STATUS_UPDATE', 10, '{\"from_statuses\":{\"42\":\"DRAFT\"},\"count\":1}', '{\"to_status\":\"REVIEW\",\"reason\":null,\"affected\":1}', '2026-03-06 15:54:27', '3232235878', 'Mozilla/5.0 (Windows NT 10.0; Win64; x64) AppleWebKit/537.36 (KHTML, like Gecko) Chrome/145.0.0.0 Safari/537.36'),
(62, 43, 'BULK_STATUS_UPDATE', 10, '{\"from_statuses\":{\"43\":\"DRAFT\"},\"count\":1}', '{\"to_status\":\"REVIEW\",\"reason\":null,\"affected\":1}', '2026-03-06 15:54:31', '3232235878', 'Mozilla/5.0 (Windows NT 10.0; Win64; x64) AppleWebKit/537.36 (KHTML, like Gecko) Chrome/145.0.0.0 Safari/537.36'),
(63, 39, 'BULK_STATUS_UPDATE', 10, '{\"from_statuses\":{\"39\":\"REVIEW\",\"40\":\"REVIEW\",\"41\":\"REVIEW\",\"42\":\"REVIEW\",\"43\":\"REVIEW\"},\"count\":5}', '{\"to_status\":\"APPROVED\",\"reason\":null,\"affected\":5}', '2026-03-06 15:54:44', '3232235878', 'Mozilla/5.0 (Windows NT 10.0; Win64; x64) AppleWebKit/537.36 (KHTML, like Gecko) Chrome/145.0.0.0 Safari/537.36'),
(68, 47, 'BULK_STATUS_UPDATE', 10, '{\"from_statuses\":{\"47\":\"DRAFT\"},\"count\":1}', '{\"to_status\":\"REVIEW\",\"reason\":null,\"affected\":1}', '2026-03-06 17:19:40', '3232235878', 'Mozilla/5.0 (Windows NT 10.0; Win64; x64) AppleWebKit/537.36 (KHTML, like Gecko) Chrome/145.0.0.0 Safari/537.36'),
(69, 48, 'BULK_STATUS_UPDATE', 10, '{\"from_statuses\":{\"48\":\"DRAFT\"},\"count\":1}', '{\"to_status\":\"REVIEW\",\"reason\":null,\"affected\":1}', '2026-03-06 17:19:46', '3232235878', 'Mozilla/5.0 (Windows NT 10.0; Win64; x64) AppleWebKit/537.36 (KHTML, like Gecko) Chrome/145.0.0.0 Safari/537.36'),
(70, 49, 'BULK_STATUS_UPDATE', 10, '{\"from_statuses\":{\"49\":\"DRAFT\"},\"count\":1}', '{\"to_status\":\"REVIEW\",\"reason\":null,\"affected\":1}', '2026-03-06 17:19:53', '3232235878', 'Mozilla/5.0 (Windows NT 10.0; Win64; x64) AppleWebKit/537.36 (KHTML, like Gecko) Chrome/145.0.0.0 Safari/537.36'),
(71, 47, 'BULK_STATUS_UPDATE', 10, '{\"from_statuses\":{\"47\":\"REVIEW\",\"48\":\"REVIEW\",\"49\":\"REVIEW\"},\"count\":3}', '{\"to_status\":\"APPROVED\",\"reason\":null,\"affected\":3}', '2026-03-06 17:20:01', '3232235878', 'Mozilla/5.0 (Windows NT 10.0; Win64; x64) AppleWebKit/537.36 (KHTML, like Gecko) Chrome/145.0.0.0 Safari/537.36'),
(72, 50, 'BULK_STATUS_UPDATE', 10, '{\"from_statuses\":{\"50\":\"DRAFT\"},\"count\":1}', '{\"to_status\":\"REVIEW\",\"reason\":null,\"affected\":1}', '2026-03-06 17:34:56', '3232235878', 'Mozilla/5.0 (Windows NT 10.0; Win64; x64) AppleWebKit/537.36 (KHTML, like Gecko) Chrome/145.0.0.0 Safari/537.36'),
(73, 51, 'BULK_STATUS_UPDATE', 10, '{\"from_statuses\":{\"51\":\"DRAFT\"},\"count\":1}', '{\"to_status\":\"REVIEW\",\"reason\":null,\"affected\":1}', '2026-03-06 17:35:01', '3232235878', 'Mozilla/5.0 (Windows NT 10.0; Win64; x64) AppleWebKit/537.36 (KHTML, like Gecko) Chrome/145.0.0.0 Safari/537.36'),
(74, 52, 'BULK_STATUS_UPDATE', 10, '{\"from_statuses\":{\"52\":\"DRAFT\"},\"count\":1}', '{\"to_status\":\"REVIEW\",\"reason\":null,\"affected\":1}', '2026-03-06 17:35:05', '3232235878', 'Mozilla/5.0 (Windows NT 10.0; Win64; x64) AppleWebKit/537.36 (KHTML, like Gecko) Chrome/145.0.0.0 Safari/537.36'),
(75, 53, 'BULK_STATUS_UPDATE', 10, '{\"from_statuses\":{\"53\":\"DRAFT\"},\"count\":1}', '{\"to_status\":\"REVIEW\",\"reason\":null,\"affected\":1}', '2026-03-06 17:35:09', '3232235878', 'Mozilla/5.0 (Windows NT 10.0; Win64; x64) AppleWebKit/537.36 (KHTML, like Gecko) Chrome/145.0.0.0 Safari/537.36'),
(76, 50, 'BULK_STATUS_UPDATE', 10, '{\"from_statuses\":{\"50\":\"REVIEW\",\"51\":\"REVIEW\",\"52\":\"REVIEW\",\"53\":\"REVIEW\"},\"count\":4}', '{\"to_status\":\"APPROVED\",\"reason\":null,\"affected\":4}', '2026-03-06 17:35:15', '3232235878', 'Mozilla/5.0 (Windows NT 10.0; Win64; x64) AppleWebKit/537.36 (KHTML, like Gecko) Chrome/145.0.0.0 Safari/537.36'),
(77, 54, 'BULK_STATUS_UPDATE', 10, '{\"from_statuses\":{\"54\":\"DRAFT\"},\"count\":1}', '{\"to_status\":\"REVIEW\",\"reason\":null,\"affected\":1}', '2026-03-06 17:47:13', '3232235878', 'Mozilla/5.0 (Windows NT 10.0; Win64; x64) AppleWebKit/537.36 (KHTML, like Gecko) Chrome/145.0.0.0 Safari/537.36'),
(78, 55, 'BULK_STATUS_UPDATE', 10, '{\"from_statuses\":{\"55\":\"DRAFT\"},\"count\":1}', '{\"to_status\":\"REVIEW\",\"reason\":null,\"affected\":1}', '2026-03-06 17:47:18', '3232235878', 'Mozilla/5.0 (Windows NT 10.0; Win64; x64) AppleWebKit/537.36 (KHTML, like Gecko) Chrome/145.0.0.0 Safari/537.36'),
(79, 54, 'BULK_STATUS_UPDATE', 10, '{\"from_statuses\":{\"54\":\"REVIEW\",\"55\":\"REVIEW\"},\"count\":2}', '{\"to_status\":\"APPROVED\",\"reason\":null,\"affected\":2}', '2026-03-06 17:47:27', '3232235878', 'Mozilla/5.0 (Windows NT 10.0; Win64; x64) AppleWebKit/537.36 (KHTML, like Gecko) Chrome/145.0.0.0 Safari/537.36'),
(80, 56, 'BULK_STATUS_UPDATE', 10, '{\"from_statuses\":{\"56\":\"DRAFT\"},\"count\":1}', '{\"to_status\":\"REVIEW\",\"reason\":null,\"affected\":1}', '2026-03-06 18:03:27', '3232235878', 'Mozilla/5.0 (Windows NT 10.0; Win64; x64) AppleWebKit/537.36 (KHTML, like Gecko) Chrome/145.0.0.0 Safari/537.36'),
(81, 57, 'BULK_STATUS_UPDATE', 10, '{\"from_statuses\":{\"57\":\"DRAFT\"},\"count\":1}', '{\"to_status\":\"REVIEW\",\"reason\":null,\"affected\":1}', '2026-03-06 18:03:35', '3232235878', 'Mozilla/5.0 (Windows NT 10.0; Win64; x64) AppleWebKit/537.36 (KHTML, like Gecko) Chrome/145.0.0.0 Safari/537.36'),
(82, 58, 'BULK_STATUS_UPDATE', 10, '{\"from_statuses\":{\"58\":\"DRAFT\"},\"count\":1}', '{\"to_status\":\"REVIEW\",\"reason\":null,\"affected\":1}', '2026-03-06 18:03:39', '3232235878', 'Mozilla/5.0 (Windows NT 10.0; Win64; x64) AppleWebKit/537.36 (KHTML, like Gecko) Chrome/145.0.0.0 Safari/537.36'),
(83, 59, 'BULK_STATUS_UPDATE', 10, '{\"from_statuses\":{\"59\":\"DRAFT\"},\"count\":1}', '{\"to_status\":\"REVIEW\",\"reason\":null,\"affected\":1}', '2026-03-06 18:03:44', '3232235878', 'Mozilla/5.0 (Windows NT 10.0; Win64; x64) AppleWebKit/537.36 (KHTML, like Gecko) Chrome/145.0.0.0 Safari/537.36'),
(84, 60, 'BULK_STATUS_UPDATE', 10, '{\"from_statuses\":{\"60\":\"DRAFT\"},\"count\":1}', '{\"to_status\":\"REVIEW\",\"reason\":null,\"affected\":1}', '2026-03-06 18:03:49', '3232235878', 'Mozilla/5.0 (Windows NT 10.0; Win64; x64) AppleWebKit/537.36 (KHTML, like Gecko) Chrome/145.0.0.0 Safari/537.36'),
(85, 61, 'BULK_STATUS_UPDATE', 10, '{\"from_statuses\":{\"61\":\"DRAFT\"},\"count\":1}', '{\"to_status\":\"REVIEW\",\"reason\":null,\"affected\":1}', '2026-03-06 18:04:00', '3232235878', 'Mozilla/5.0 (Windows NT 10.0; Win64; x64) AppleWebKit/537.36 (KHTML, like Gecko) Chrome/145.0.0.0 Safari/537.36'),
(86, 62, 'BULK_STATUS_UPDATE', 10, '{\"from_statuses\":{\"62\":\"DRAFT\"},\"count\":1}', '{\"to_status\":\"REVIEW\",\"reason\":null,\"affected\":1}', '2026-03-06 18:04:05', '3232235878', 'Mozilla/5.0 (Windows NT 10.0; Win64; x64) AppleWebKit/537.36 (KHTML, like Gecko) Chrome/145.0.0.0 Safari/537.36'),
(87, 63, 'BULK_STATUS_UPDATE', 10, '{\"from_statuses\":{\"63\":\"DRAFT\"},\"count\":1}', '{\"to_status\":\"REVIEW\",\"reason\":null,\"affected\":1}', '2026-03-06 18:04:11', '3232235878', 'Mozilla/5.0 (Windows NT 10.0; Win64; x64) AppleWebKit/537.36 (KHTML, like Gecko) Chrome/145.0.0.0 Safari/537.36'),
(88, 64, 'BULK_STATUS_UPDATE', 10, '{\"from_statuses\":{\"64\":\"DRAFT\"},\"count\":1}', '{\"to_status\":\"REVIEW\",\"reason\":null,\"affected\":1}', '2026-03-06 18:04:16', '3232235878', 'Mozilla/5.0 (Windows NT 10.0; Win64; x64) AppleWebKit/537.36 (KHTML, like Gecko) Chrome/145.0.0.0 Safari/537.36'),
(89, 65, 'BULK_STATUS_UPDATE', 10, '{\"from_statuses\":{\"65\":\"DRAFT\"},\"count\":1}', '{\"to_status\":\"REVIEW\",\"reason\":null,\"affected\":1}', '2026-03-06 18:04:21', '3232235878', 'Mozilla/5.0 (Windows NT 10.0; Win64; x64) AppleWebKit/537.36 (KHTML, like Gecko) Chrome/145.0.0.0 Safari/537.36'),
(90, 66, 'BULK_STATUS_UPDATE', 10, '{\"from_statuses\":{\"66\":\"DRAFT\"},\"count\":1}', '{\"to_status\":\"REVIEW\",\"reason\":null,\"affected\":1}', '2026-03-06 18:04:26', '3232235878', 'Mozilla/5.0 (Windows NT 10.0; Win64; x64) AppleWebKit/537.36 (KHTML, like Gecko) Chrome/145.0.0.0 Safari/537.36'),
(91, 56, 'BULK_STATUS_UPDATE', 10, '{\"from_statuses\":{\"56\":\"REVIEW\",\"57\":\"REVIEW\",\"58\":\"REVIEW\",\"59\":\"REVIEW\",\"60\":\"REVIEW\",\"61\":\"REVIEW\",\"62\":\"REVIEW\",\"63\":\"REVIEW\",\"64\":\"REVIEW\",\"65\":\"REVIEW\",\"66\":\"REVIEW\"},\"count\":11}', '{\"to_status\":\"APPROVED\",\"reason\":null,\"affected\":11}', '2026-03-06 18:05:02', '3232235878', 'Mozilla/5.0 (Windows NT 10.0; Win64; x64) AppleWebKit/537.36 (KHTML, like Gecko) Chrome/145.0.0.0 Safari/537.36'),
(92, 67, 'BULK_STATUS_UPDATE', 10, '{\"from_statuses\":{\"67\":\"DRAFT\",\"68\":\"DRAFT\",\"69\":\"DRAFT\",\"70\":\"DRAFT\",\"71\":\"DRAFT\",\"72\":\"DRAFT\",\"73\":\"DRAFT\",\"74\":\"DRAFT\",\"75\":\"DRAFT\"},\"count\":9}', '{\"to_status\":\"REVIEW\",\"reason\":null,\"affected\":9}', '2026-03-06 18:31:57', '3232235878', 'Mozilla/5.0 (Windows NT 10.0; Win64; x64) AppleWebKit/537.36 (KHTML, like Gecko) Chrome/145.0.0.0 Safari/537.36'),
(93, 67, 'BULK_STATUS_UPDATE', 10, '{\"from_statuses\":{\"67\":\"REVIEW\",\"68\":\"REVIEW\",\"69\":\"REVIEW\",\"70\":\"REVIEW\",\"71\":\"REVIEW\",\"72\":\"REVIEW\",\"73\":\"REVIEW\",\"74\":\"REVIEW\",\"75\":\"REVIEW\"},\"count\":9}', '{\"to_status\":\"APPROVED\",\"reason\":null,\"affected\":9}', '2026-03-06 18:32:42', '3232235878', 'Mozilla/5.0 (Windows NT 10.0; Win64; x64) AppleWebKit/537.36 (KHTML, like Gecko) Chrome/145.0.0.0 Safari/537.36'),
(98, 109, 'BULK_STATUS_UPDATE', 10, '{\"from_statuses\":{\"109\":\"DRAFT\",\"110\":\"DRAFT\",\"111\":\"DRAFT\",\"112\":\"DRAFT\",\"113\":\"DRAFT\",\"114\":\"DRAFT\",\"115\":\"DRAFT\",\"116\":\"DRAFT\",\"117\":\"DRAFT\",\"118\":\"DRAFT\",\"119\":\"DRAFT\",\"120\":\"DRAFT\",\"121\":\"DRAFT\",\"122\":\"DRAFT\"},\"count\":14}', '{\"to_status\":\"REVIEW\",\"reason\":null,\"affected\":14}', '2026-03-10 12:57:31', '3232235878', 'Mozilla/5.0 (Windows NT 10.0; Win64; x64) AppleWebKit/537.36 (KHTML, like Gecko) Chrome/145.0.0.0 Safari/537.36'),
(99, 109, 'BULK_STATUS_UPDATE', 10, '{\"from_statuses\":{\"109\":\"REVIEW\",\"110\":\"REVIEW\",\"111\":\"REVIEW\",\"112\":\"REVIEW\",\"113\":\"REVIEW\",\"114\":\"REVIEW\",\"115\":\"REVIEW\",\"116\":\"REVIEW\",\"117\":\"REVIEW\",\"118\":\"REVIEW\",\"119\":\"REVIEW\",\"120\":\"REVIEW\",\"121\":\"REVIEW\",\"122\":\"REVIEW\"},\"count\":14}', '{\"to_status\":\"APPROVED\",\"reason\":null,\"affected\":14}', '2026-03-10 12:57:51', '3232235878', 'Mozilla/5.0 (Windows NT 10.0; Win64; x64) AppleWebKit/537.36 (KHTML, like Gecko) Chrome/145.0.0.0 Safari/537.36'),
(100, 123, 'BULK_STATUS_UPDATE', 10, '{\"from_statuses\":{\"123\":\"DRAFT\",\"124\":\"DRAFT\",\"125\":\"DRAFT\",\"126\":\"DRAFT\",\"127\":\"DRAFT\",\"128\":\"DRAFT\",\"129\":\"DRAFT\"},\"count\":7}', '{\"to_status\":\"REVIEW\",\"reason\":null,\"affected\":7}', '2026-03-10 17:42:47', '3232235878', 'Mozilla/5.0 (Windows NT 10.0; Win64; x64) AppleWebKit/537.36 (KHTML, like Gecko) Chrome/145.0.0.0 Safari/537.36'),
(101, 123, 'BULK_STATUS_UPDATE', 10, '{\"from_statuses\":{\"123\":\"REVIEW\",\"124\":\"REVIEW\",\"125\":\"REVIEW\",\"126\":\"REVIEW\",\"127\":\"REVIEW\",\"128\":\"REVIEW\",\"129\":\"REVIEW\"},\"count\":7}', '{\"to_status\":\"APPROVED\",\"reason\":null,\"affected\":7}', '2026-03-10 17:43:10', '3232235878', 'Mozilla/5.0 (Windows NT 10.0; Win64; x64) AppleWebKit/537.36 (KHTML, like Gecko) Chrome/145.0.0.0 Safari/537.36'),
(110, 192, 'BULK_STATUS_UPDATE', 10, '{\"from_statuses\":{\"192\":\"DRAFT\",\"193\":\"DRAFT\",\"194\":\"DRAFT\",\"195\":\"DRAFT\",\"196\":\"DRAFT\",\"197\":\"DRAFT\",\"198\":\"DRAFT\",\"199\":\"DRAFT\",\"200\":\"DRAFT\",\"201\":\"DRAFT\",\"202\":\"DRAFT\"},\"count\":11}', '{\"to_status\":\"REVIEW\",\"reason\":null,\"affected\":11}', '2026-03-11 15:41:17', '3232235901', 'Mozilla/5.0 (Windows NT 10.0; Win64; x64) AppleWebKit/537.36 (KHTML, like Gecko) Chrome/146.0.0.0 Safari/537.36'),
(111, 192, 'BULK_STATUS_UPDATE', 10, '{\"from_statuses\":{\"192\":\"REVIEW\",\"193\":\"REVIEW\",\"194\":\"REVIEW\",\"195\":\"REVIEW\",\"196\":\"REVIEW\",\"197\":\"REVIEW\",\"198\":\"REVIEW\",\"199\":\"REVIEW\",\"200\":\"REVIEW\",\"201\":\"REVIEW\",\"202\":\"REVIEW\"},\"count\":11}', '{\"to_status\":\"APPROVED\",\"reason\":null,\"affected\":11}', '2026-03-11 15:43:41', '3232235878', 'Mozilla/5.0 (Windows NT 10.0; Win64; x64) AppleWebKit/537.36 (KHTML, like Gecko) Chrome/145.0.0.0 Safari/537.36');

-- --------------------------------------------------------

--
-- Table structure for table `payroll_frequencies`
--

CREATE TABLE `payroll_frequencies` (
  `payroll_freq_id` int(11) NOT NULL,
  `freq_code` enum('monthly','semi-monthly') NOT NULL DEFAULT 'monthly',
  `freq_label` varchar(50) NOT NULL COMMENT 'Monthly, Semi-monthly',
  `is_active` tinyint(1) NOT NULL DEFAULT 0 COMMENT '1=active, 0=inactive ',
  `created_at` datetime NOT NULL DEFAULT current_timestamp()
) ENGINE=InnoDB DEFAULT CHARSET=utf8mb4;

--
-- Dumping data for table `payroll_frequencies`
--

INSERT INTO `payroll_frequencies` (`payroll_freq_id`, `freq_code`, `freq_label`, `is_active`, `created_at`) VALUES
(1, 'monthly', 'Monthly', 0, '2025-07-26 17:22:41'),
(2, 'semi-monthly', 'Semi-monthly', 1, '2025-07-26 17:22:41');

-- --------------------------------------------------------

--
-- Table structure for table `payroll_gaa_status`
--

CREATE TABLE `payroll_gaa_status` (
  `payroll_gaa_status_id` int(11) NOT NULL,
  `payroll_entry_id` int(11) NOT NULL,
  `gaa_violation_flag` tinyint(1) DEFAULT 0,
  `gaa_shortfall_amount` decimal(12,2) DEFAULT 0.00,
  `gaa_validated_date` datetime DEFAULT NULL,
  `created_at` datetime DEFAULT current_timestamp(),
  `updated_at` datetime DEFAULT current_timestamp() ON UPDATE current_timestamp()
) ENGINE=InnoDB DEFAULT CHARSET=utf8mb4;

--
-- Dumping data for table `payroll_gaa_status`
--

INSERT INTO `payroll_gaa_status` (`payroll_gaa_status_id`, `payroll_entry_id`, `gaa_violation_flag`, `gaa_shortfall_amount`, `gaa_validated_date`, `created_at`, `updated_at`) VALUES
(23, 109, 0, '0.00', '2026-03-10 12:33:50', '2026-03-10 12:33:50', '2026-03-10 12:33:50'),
(24, 110, 0, '0.00', '2026-03-10 12:33:50', '2026-03-10 12:33:50', '2026-03-10 12:33:50'),
(25, 111, 0, '0.00', '2026-03-10 12:33:50', '2026-03-10 12:33:50', '2026-03-10 12:33:50'),
(26, 112, 0, '0.00', '2026-03-10 12:33:50', '2026-03-10 12:33:50', '2026-03-10 12:33:50'),
(27, 113, 0, '0.00', '2026-03-10 12:33:50', '2026-03-10 12:33:50', '2026-03-10 12:33:50'),
(28, 114, 0, '0.00', '2026-03-10 12:33:50', '2026-03-10 12:33:50', '2026-03-10 12:33:50'),
(29, 115, 0, '0.00', '2026-03-10 12:33:50', '2026-03-10 12:33:50', '2026-03-10 12:33:50'),
(30, 116, 0, '0.00', '2026-03-10 12:33:50', '2026-03-10 12:33:50', '2026-03-10 12:33:50'),
(31, 117, 0, '0.00', '2026-03-10 12:33:50', '2026-03-10 12:33:50', '2026-03-10 12:33:50'),
(32, 118, 0, '0.00', '2026-03-10 12:33:50', '2026-03-10 12:33:50', '2026-03-10 12:33:50'),
(33, 119, 0, '0.00', '2026-03-10 12:33:50', '2026-03-10 12:33:50', '2026-03-10 12:33:50'),
(34, 120, 0, '0.00', '2026-03-10 12:33:50', '2026-03-10 12:33:50', '2026-03-10 12:33:50'),
(35, 121, 0, '0.00', '2026-03-10 12:33:50', '2026-03-10 12:33:50', '2026-03-10 12:33:50'),
(36, 122, 0, '0.00', '2026-03-10 12:33:50', '2026-03-10 12:33:50', '2026-03-10 12:33:50'),
(37, 123, 0, '0.00', '2026-03-10 17:36:52', '2026-03-10 17:36:52', '2026-03-10 17:36:52'),
(38, 124, 0, '0.00', '2026-03-10 17:36:52', '2026-03-10 17:36:52', '2026-03-10 17:36:52'),
(39, 125, 0, '0.00', '2026-03-10 17:36:52', '2026-03-10 17:36:52', '2026-03-10 17:36:52'),
(40, 126, 0, '0.00', '2026-03-10 17:36:52', '2026-03-10 17:36:52', '2026-03-10 17:36:52'),
(41, 127, 0, '0.00', '2026-03-10 17:36:52', '2026-03-10 17:36:52', '2026-03-10 17:36:52'),
(42, 128, 0, '0.00', '2026-03-10 17:36:52', '2026-03-10 17:36:52', '2026-03-10 17:36:52'),
(43, 129, 0, '0.00', '2026-03-10 17:36:52', '2026-03-10 17:36:52', '2026-03-10 17:36:52'),
(64, 150, 0, '0.00', '2026-03-11 14:16:24', '2026-03-11 14:16:24', '2026-03-11 14:16:24'),
(65, 151, 0, '0.00', '2026-03-11 14:16:24', '2026-03-11 14:16:24', '2026-03-11 14:16:24'),
(66, 152, 0, '0.00', '2026-03-11 14:16:24', '2026-03-11 14:16:24', '2026-03-11 14:16:24'),
(67, 153, 0, '0.00', '2026-03-11 14:16:24', '2026-03-11 14:16:24', '2026-03-11 14:16:24'),
(68, 154, 0, '0.00', '2026-03-11 14:16:24', '2026-03-11 14:16:24', '2026-03-11 14:16:24'),
(69, 155, 0, '0.00', '2026-03-11 14:16:24', '2026-03-11 14:16:24', '2026-03-11 14:16:24'),
(70, 156, 0, '0.00', '2026-03-11 14:16:24', '2026-03-11 14:16:24', '2026-03-11 14:16:24'),
(71, 157, 0, '0.00', '2026-03-11 14:16:24', '2026-03-11 14:16:24', '2026-03-11 14:16:24'),
(72, 158, 0, '0.00', '2026-03-11 14:16:24', '2026-03-11 14:16:24', '2026-03-11 14:16:24'),
(73, 159, 0, '0.00', '2026-03-11 14:16:24', '2026-03-11 14:16:24', '2026-03-11 14:16:24'),
(74, 160, 0, '0.00', '2026-03-11 14:16:24', '2026-03-11 14:16:24', '2026-03-11 14:16:24'),
(75, 161, 0, '0.00', '2026-03-11 14:16:24', '2026-03-11 14:16:24', '2026-03-11 14:16:24'),
(76, 162, 0, '0.00', '2026-03-11 14:16:24', '2026-03-11 14:16:24', '2026-03-11 14:16:24'),
(77, 163, 0, '0.00', '2026-03-11 14:16:24', '2026-03-11 14:16:24', '2026-03-11 14:16:24'),
(78, 164, 0, '0.00', '2026-03-11 14:16:24', '2026-03-11 14:16:24', '2026-03-11 14:16:24'),
(79, 165, 0, '0.00', '2026-03-11 14:16:24', '2026-03-11 14:16:24', '2026-03-11 14:16:24'),
(80, 166, 0, '0.00', '2026-03-11 14:16:24', '2026-03-11 14:16:24', '2026-03-11 14:16:24'),
(81, 167, 0, '0.00', '2026-03-11 14:16:24', '2026-03-11 14:16:24', '2026-03-11 14:16:24'),
(82, 168, 0, '0.00', '2026-03-11 14:16:24', '2026-03-11 14:16:24', '2026-03-11 14:16:24'),
(83, 169, 0, '0.00', '2026-03-11 14:16:24', '2026-03-11 14:16:24', '2026-03-11 14:16:24'),
(84, 170, 0, '0.00', '2026-03-11 14:16:24', '2026-03-11 14:16:24', '2026-03-11 14:16:24'),
(85, 171, 0, '0.00', '2026-03-11 14:16:24', '2026-03-11 14:16:24', '2026-03-11 14:16:24'),
(86, 172, 0, '0.00', '2026-03-11 14:17:15', '2026-03-11 14:17:15', '2026-03-11 14:17:15'),
(87, 173, 0, '0.00', '2026-03-11 14:17:15', '2026-03-11 14:17:15', '2026-03-11 14:17:15'),
(88, 174, 0, '0.00', '2026-03-11 14:17:15', '2026-03-11 14:17:15', '2026-03-11 14:17:15'),
(89, 175, 0, '0.00', '2026-03-11 14:17:15', '2026-03-11 14:17:15', '2026-03-11 14:17:15'),
(90, 176, 0, '0.00', '2026-03-11 14:17:15', '2026-03-11 14:17:15', '2026-03-11 14:17:15'),
(91, 177, 0, '0.00', '2026-03-11 14:17:15', '2026-03-11 14:17:15', '2026-03-11 14:17:15'),
(92, 178, 0, '0.00', '2026-03-11 14:17:35', '2026-03-11 14:17:35', '2026-03-11 14:17:35'),
(93, 179, 0, '0.00', '2026-03-11 14:17:35', '2026-03-11 14:17:35', '2026-03-11 14:17:35'),
(94, 180, 0, '0.00', '2026-03-11 14:17:35', '2026-03-11 14:17:35', '2026-03-11 14:17:35'),
(95, 1, 0, '0.00', '2026-03-11 14:52:16', '2026-03-11 14:52:16', '2026-03-11 14:52:16'),
(96, 2, 0, '0.00', '2026-03-11 14:52:16', '2026-03-11 14:52:16', '2026-03-11 14:52:16'),
(97, 3, 0, '0.00', '2026-03-11 14:52:16', '2026-03-11 14:52:16', '2026-03-11 14:52:16'),
(98, 4, 0, '0.00', '2026-03-11 14:52:16', '2026-03-11 14:52:16', '2026-03-11 14:52:16'),
(99, 6, 0, '0.00', '2026-03-11 14:52:16', '2026-03-11 14:52:16', '2026-03-11 14:52:16'),
(100, 5, 0, '0.00', '2026-03-11 14:52:16', '2026-03-11 14:52:16', '2026-03-11 14:52:16'),
(101, 7, 0, '0.00', '2026-03-11 14:52:16', '2026-03-11 14:52:16', '2026-03-11 14:52:16'),
(113, 192, 0, '0.00', '2026-03-11 15:40:57', '2026-03-11 15:40:57', '2026-03-11 15:40:57'),
(114, 193, 0, '0.00', '2026-03-11 15:40:57', '2026-03-11 15:40:57', '2026-03-11 15:40:57'),
(115, 194, 0, '0.00', '2026-03-11 15:40:57', '2026-03-11 15:40:57', '2026-03-11 15:40:57'),
(116, 195, 0, '0.00', '2026-03-11 15:40:57', '2026-03-11 15:40:57', '2026-03-11 15:40:57'),
(117, 196, 0, '0.00', '2026-03-11 15:40:57', '2026-03-11 15:40:57', '2026-03-11 15:40:57'),
(118, 197, 0, '0.00', '2026-03-11 15:40:57', '2026-03-11 15:40:57', '2026-03-11 15:40:57'),
(119, 198, 0, '0.00', '2026-03-11 15:40:57', '2026-03-11 15:40:57', '2026-03-11 15:40:57'),
(120, 199, 0, '0.00', '2026-03-11 15:40:57', '2026-03-11 15:40:57', '2026-03-11 15:40:57'),
(121, 200, 0, '0.00', '2026-03-11 15:40:57', '2026-03-11 15:40:57', '2026-03-11 15:40:57'),
(122, 201, 0, '0.00', '2026-03-11 15:40:57', '2026-03-11 15:40:57', '2026-03-11 15:40:57'),
(123, 202, 0, '0.00', '2026-03-11 15:40:57', '2026-03-11 15:40:57', '2026-03-11 15:40:57');

-- --------------------------------------------------------

--
-- Table structure for table `payroll_govshares`
--

CREATE TABLE `payroll_govshares` (
  `payroll_govshare_id` int(11) NOT NULL,
  `payroll_entry_id` int(11) NOT NULL,
  `employee_govshare_id` int(11) NOT NULL,
  `payroll_govshare_amount` decimal(10,2) NOT NULL,
  `created_at` date NOT NULL
) ENGINE=InnoDB DEFAULT CHARSET=utf8mb4;

--
-- Dumping data for table `payroll_govshares`
--

INSERT INTO `payroll_govshares` (`payroll_govshare_id`, `payroll_entry_id`, `employee_govshare_id`, `payroll_govshare_amount`, `created_at`) VALUES
(1, 1, 225, '10769.88', '2026-03-06'),
(2, 1, 227, '200.00', '2026-03-06'),
(3, 1, 228, '2243.73', '2026-03-06'),
(4, 1, 226, '100.00', '2026-03-06'),
(5, 2, 229, '4342.44', '2026-03-06'),
(6, 2, 231, '200.00', '2026-03-06'),
(7, 2, 232, '904.68', '2026-03-06'),
(8, 2, 230, '100.00', '2026-03-06'),
(9, 3, 233, '3242.64', '2026-03-06'),
(10, 3, 235, '200.00', '2026-03-06'),
(11, 3, 236, '675.55', '2026-03-06'),
(12, 3, 234, '100.00', '2026-03-06'),
(13, 4, 237, '2508.36', '2026-03-06'),
(14, 4, 239, '200.00', '2026-03-06'),
(15, 4, 240, '522.58', '2026-03-06'),
(16, 4, 238, '100.00', '2026-03-06'),
(17, 5, 245, '2316.36', '2026-03-06'),
(18, 5, 247, '200.00', '2026-03-06'),
(19, 5, 248, '482.58', '2026-03-06'),
(20, 5, 246, '100.00', '2026-03-06'),
(21, 6, 241, '2337.36', '2026-03-06'),
(22, 6, 243, '200.00', '2026-03-06'),
(23, 6, 244, '486.95', '2026-03-06'),
(24, 6, 242, '100.00', '2026-03-06'),
(25, 7, 338, '1818.00', '2026-03-06'),
(26, 7, 339, '200.00', '2026-03-06'),
(27, 7, 340, '378.75', '2026-03-06'),
(28, 7, 337, '100.00', '2026-03-06'),
(29, 8, 206, '10938.60', '2026-03-06'),
(30, 8, 207, '200.00', '2026-03-06'),
(31, 8, 208, '2278.88', '2026-03-06'),
(32, 8, 205, '100.00', '2026-03-06'),
(33, 9, 210, '4342.44', '2026-03-06'),
(34, 9, 211, '200.00', '2026-03-06'),
(35, 9, 212, '904.68', '2026-03-06'),
(36, 9, 209, '100.00', '2026-03-06'),
(37, 10, 214, '3242.64', '2026-03-06'),
(38, 10, 215, '200.00', '2026-03-06'),
(39, 10, 216, '675.55', '2026-03-06'),
(40, 10, 213, '100.00', '2026-03-06'),
(41, 11, 218, '2337.36', '2026-03-06'),
(42, 11, 219, '200.00', '2026-03-06'),
(43, 11, 220, '486.95', '2026-03-06'),
(44, 11, 217, '100.00', '2026-03-06'),
(45, 12, 222, '2171.88', '2026-03-06'),
(46, 12, 223, '200.00', '2026-03-06'),
(47, 12, 224, '452.48', '2026-03-06'),
(48, 12, 221, '100.00', '2026-03-06'),
(49, 13, 190, '10769.88', '2026-03-06'),
(50, 13, 191, '200.00', '2026-03-06'),
(51, 13, 192, '2243.73', '2026-03-06'),
(52, 13, 189, '100.00', '2026-03-06'),
(53, 14, 194, '4076.88', '2026-03-06'),
(54, 14, 195, '200.00', '2026-03-06'),
(55, 14, 196, '849.35', '2026-03-06'),
(56, 14, 193, '100.00', '2026-03-06'),
(57, 15, 198, '2316.36', '2026-03-06'),
(58, 15, 199, '200.00', '2026-03-06'),
(59, 15, 200, '482.58', '2026-03-06'),
(60, 15, 197, '100.00', '2026-03-06'),
(61, 16, 202, '1818.00', '2026-03-06'),
(62, 16, 203, '200.00', '2026-03-06'),
(63, 16, 204, '378.75', '2026-03-06'),
(64, 16, 201, '100.00', '2026-03-06'),
(65, 17, 170, '11818.56', '2026-03-06'),
(66, 17, 171, '200.00', '2026-03-06'),
(67, 17, 172, '2462.20', '2026-03-06'),
(68, 17, 169, '100.00', '2026-03-06'),
(69, 18, 174, '4385.28', '2026-03-06'),
(70, 18, 175, '200.00', '2026-03-06'),
(71, 18, 176, '913.60', '2026-03-06'),
(72, 18, 173, '100.00', '2026-03-06'),
(73, 19, 178, '4385.28', '2026-03-06'),
(74, 19, 179, '200.00', '2026-03-06'),
(75, 19, 180, '913.60', '2026-03-06'),
(76, 19, 177, '100.00', '2026-03-06'),
(77, 20, 182, '2508.36', '2026-03-06'),
(78, 20, 183, '200.00', '2026-03-06'),
(79, 20, 184, '522.58', '2026-03-06'),
(80, 20, 181, '100.00', '2026-03-06'),
(81, 21, 186, '2316.36', '2026-03-06'),
(82, 21, 187, '200.00', '2026-03-06'),
(83, 21, 188, '482.58', '2026-03-06'),
(84, 21, 185, '100.00', '2026-03-06'),
(109, 28, 101, '12066.48', '2026-03-06'),
(110, 28, 103, '200.00', '2026-03-06'),
(111, 28, 104, '2500.00', '2026-03-06'),
(112, 28, 102, '100.00', '2026-03-06'),
(113, 29, 105, '1818.00', '2026-03-06'),
(114, 29, 107, '200.00', '2026-03-06'),
(115, 29, 108, '378.75', '2026-03-06'),
(116, 29, 106, '100.00', '2026-03-06'),
(117, 30, 130, '10604.04', '2026-03-06'),
(118, 30, 131, '200.00', '2026-03-06'),
(119, 30, 132, '2209.18', '2026-03-06'),
(120, 30, 129, '100.00', '2026-03-06'),
(121, 31, 134, '0.00', '2026-03-06'),
(122, 31, 135, '0.00', '2026-03-06'),
(123, 31, 136, '2209.18', '2026-03-06'),
(124, 31, 133, '0.00', '2026-03-06'),
(125, 32, 109, '10938.60', '2026-03-06'),
(126, 32, 111, '200.00', '2026-03-06'),
(127, 32, 112, '2278.88', '2026-03-06'),
(128, 32, 110, '100.00', '2026-03-06'),
(129, 33, 138, '0.00', '2026-03-06'),
(130, 33, 139, '0.00', '2026-03-06'),
(131, 33, 140, '2209.18', '2026-03-06'),
(132, 33, 137, '0.00', '2026-03-06'),
(133, 34, 114, '10604.04', '2026-03-06'),
(134, 34, 115, '200.00', '2026-03-06'),
(135, 34, 116, '2209.18', '2026-03-06'),
(136, 34, 113, '100.00', '2026-03-06'),
(137, 35, 142, '0.00', '2026-03-06'),
(138, 35, 143, '0.00', '2026-03-06'),
(139, 35, 144, '2209.18', '2026-03-06'),
(140, 35, 141, '0.00', '2026-03-06'),
(141, 36, 118, '10604.04', '2026-03-06'),
(142, 36, 119, '200.00', '2026-03-06'),
(143, 36, 120, '2209.18', '2026-03-06'),
(144, 36, 117, '100.00', '2026-03-06'),
(145, 37, 122, '10769.88', '2026-03-06'),
(146, 37, 123, '200.00', '2026-03-06'),
(147, 37, 124, '2243.73', '2026-03-06'),
(148, 37, 121, '100.00', '2026-03-06'),
(149, 38, 126, '0.00', '2026-03-06'),
(150, 38, 127, '0.00', '2026-03-06'),
(151, 38, 128, '2209.18', '2026-03-06'),
(152, 38, 125, '0.00', '2026-03-06'),
(153, 39, 509, '10604.04', '2026-03-06'),
(154, 39, 511, '200.00', '2026-03-06'),
(155, 39, 512, '2209.18', '2026-03-06'),
(156, 39, 510, '100.00', '2026-03-06'),
(157, 40, 518, '3242.64', '2026-03-06'),
(158, 40, 519, '200.00', '2026-03-06'),
(159, 40, 520, '675.55', '2026-03-06'),
(160, 40, 517, '100.00', '2026-03-06'),
(161, 41, 514, '3273.24', '2026-03-06'),
(162, 41, 515, '200.00', '2026-03-06'),
(163, 41, 516, '681.93', '2026-03-06'),
(164, 41, 513, '100.00', '2026-03-06'),
(165, 42, 522, '2528.40', '2026-03-06'),
(166, 42, 523, '200.00', '2026-03-06'),
(167, 42, 524, '526.75', '2026-03-06'),
(168, 42, 521, '100.00', '2026-03-06'),
(169, 43, 526, '1818.00', '2026-03-06'),
(170, 43, 527, '200.00', '2026-03-06'),
(171, 43, 528, '378.75', '2026-03-06'),
(172, 43, 525, '100.00', '2026-03-06'),
(185, 47, 354, '2077.80', '2026-03-06'),
(186, 47, 355, '200.00', '2026-03-06'),
(187, 47, 356, '432.88', '2026-03-06'),
(188, 47, 353, '100.00', '2026-03-06'),
(189, 48, 358, '2062.56', '2026-03-06'),
(190, 48, 359, '200.00', '2026-03-06'),
(191, 48, 360, '429.70', '2026-03-06'),
(192, 48, 357, '100.00', '2026-03-06'),
(193, 49, 362, '1518.60', '2026-03-06'),
(194, 49, 363, '200.00', '2026-03-06'),
(195, 49, 364, '316.38', '2026-03-06'),
(196, 49, 361, '100.00', '2026-03-06'),
(197, 50, 366, '1518.60', '2026-03-06'),
(198, 50, 367, '200.00', '2026-03-06'),
(199, 50, 368, '316.38', '2026-03-06'),
(200, 50, 365, '100.00', '2026-03-06'),
(201, 51, 370, '1518.60', '2026-03-06'),
(202, 51, 371, '200.00', '2026-03-06'),
(203, 51, 372, '316.38', '2026-03-06'),
(204, 51, 369, '100.00', '2026-03-06'),
(205, 52, 374, '1518.60', '2026-03-06'),
(206, 52, 375, '200.00', '2026-03-06'),
(207, 52, 376, '316.38', '2026-03-06'),
(208, 52, 373, '100.00', '2026-03-06'),
(209, 53, 378, '1518.60', '2026-03-06'),
(210, 53, 379, '200.00', '2026-03-06'),
(211, 53, 380, '316.38', '2026-03-06'),
(212, 53, 377, '100.00', '2026-03-06'),
(213, 54, 382, '1518.60', '2026-03-06'),
(214, 54, 383, '200.00', '2026-03-06'),
(215, 54, 384, '316.38', '2026-03-06'),
(216, 54, 381, '100.00', '2026-03-06'),
(217, 55, 386, '1518.60', '2026-03-06'),
(218, 55, 387, '200.00', '2026-03-06'),
(219, 55, 388, '316.38', '2026-03-06'),
(220, 55, 385, '100.00', '2026-03-06'),
(221, 56, 253, '10604.04', '2026-03-06'),
(222, 56, 255, '200.00', '2026-03-06'),
(223, 56, 256, '2209.18', '2026-03-06'),
(224, 56, 254, '100.00', '2026-03-06'),
(225, 57, 257, '4342.44', '2026-03-06'),
(226, 57, 259, '200.00', '2026-03-06'),
(227, 57, 260, '904.68', '2026-03-06'),
(228, 57, 258, '100.00', '2026-03-06'),
(229, 58, 261, '3998.64', '2026-03-06'),
(230, 58, 263, '200.00', '2026-03-06'),
(231, 58, 264, '833.05', '2026-03-06'),
(232, 58, 262, '100.00', '2026-03-06'),
(233, 59, 265, '3242.64', '2026-03-06'),
(234, 59, 267, '200.00', '2026-03-06'),
(235, 59, 268, '675.55', '2026-03-06'),
(236, 59, 266, '100.00', '2026-03-06'),
(237, 60, 269, '3242.64', '2026-03-06'),
(238, 60, 271, '200.00', '2026-03-06'),
(239, 60, 272, '675.55', '2026-03-06'),
(240, 60, 270, '100.00', '2026-03-06'),
(241, 61, 281, '2528.40', '2026-03-06'),
(242, 61, 283, '200.00', '2026-03-06'),
(243, 61, 284, '526.75', '2026-03-06'),
(244, 61, 282, '100.00', '2026-03-06'),
(245, 62, 277, '2528.40', '2026-03-06'),
(246, 62, 279, '200.00', '2026-03-06'),
(247, 62, 280, '526.75', '2026-03-06'),
(248, 62, 278, '100.00', '2026-03-06'),
(249, 63, 285, '2508.36', '2026-03-06'),
(250, 63, 287, '200.00', '2026-03-06'),
(251, 63, 288, '522.58', '2026-03-06'),
(252, 63, 286, '100.00', '2026-03-06'),
(253, 64, 273, '2652.24', '2026-03-06'),
(254, 64, 275, '200.00', '2026-03-06'),
(255, 64, 276, '552.55', '2026-03-06'),
(256, 64, 274, '100.00', '2026-03-06'),
(257, 65, 289, '2401.32', '2026-03-06'),
(258, 65, 291, '200.00', '2026-03-06'),
(259, 65, 292, '500.28', '2026-03-06'),
(260, 65, 290, '100.00', '2026-03-06'),
(261, 66, 293, '2316.36', '2026-03-06'),
(262, 66, 295, '200.00', '2026-03-06'),
(263, 66, 296, '482.58', '2026-03-06'),
(264, 66, 294, '100.00', '2026-03-06'),
(265, 67, 298, '10604.04', '2026-03-06'),
(266, 67, 299, '200.00', '2026-03-06'),
(267, 67, 300, '2209.18', '2026-03-06'),
(268, 67, 297, '100.00', '2026-03-06'),
(269, 68, 306, '4342.44', '2026-03-06'),
(270, 68, 307, '200.00', '2026-03-06'),
(271, 68, 308, '904.68', '2026-03-06'),
(272, 68, 305, '100.00', '2026-03-06'),
(273, 69, 302, '4342.44', '2026-03-06'),
(274, 69, 303, '200.00', '2026-03-06'),
(275, 69, 304, '904.68', '2026-03-06'),
(276, 69, 301, '100.00', '2026-03-06'),
(277, 70, 326, '2763.24', '2026-03-06'),
(278, 70, 327, '200.00', '2026-03-06'),
(279, 70, 328, '575.68', '2026-03-06'),
(280, 70, 325, '100.00', '2026-03-06'),
(281, 71, 318, '2785.32', '2026-03-06'),
(282, 71, 319, '200.00', '2026-03-06'),
(283, 71, 320, '580.28', '2026-03-06'),
(284, 71, 317, '100.00', '2026-03-06'),
(285, 72, 322, '2763.24', '2026-03-06'),
(286, 72, 323, '200.00', '2026-03-06'),
(287, 72, 324, '575.68', '2026-03-06'),
(288, 72, 321, '100.00', '2026-03-06'),
(289, 73, 314, '2763.24', '2026-03-06'),
(290, 73, 315, '200.00', '2026-03-06'),
(291, 73, 316, '575.68', '2026-03-06'),
(292, 73, 313, '100.00', '2026-03-06'),
(293, 74, 310, '2763.24', '2026-03-06'),
(294, 74, 311, '200.00', '2026-03-06'),
(295, 74, 312, '575.68', '2026-03-06'),
(296, 74, 309, '100.00', '2026-03-06'),
(297, 75, 330, '1737.48', '2026-03-06'),
(298, 75, 331, '200.00', '2026-03-06'),
(299, 75, 332, '361.98', '2026-03-06'),
(300, 75, 329, '100.00', '2026-03-06'),
(433, 109, 2, '15407.64', '2026-03-10'),
(434, 109, 3, '200.00', '2026-03-10'),
(435, 109, 4, '2500.00', '2026-03-10'),
(436, 109, 1, '100.00', '2026-03-10'),
(437, 110, 6, '5597.88', '2026-03-10'),
(438, 110, 7, '200.00', '2026-03-10'),
(439, 110, 8, '1166.23', '2026-03-10'),
(440, 110, 5, '100.00', '2026-03-10'),
(441, 111, 18, '4385.28', '2026-03-10'),
(442, 111, 19, '200.00', '2026-03-10'),
(443, 111, 20, '913.60', '2026-03-10'),
(444, 111, 17, '100.00', '2026-03-10'),
(445, 112, 14, '4342.44', '2026-03-10'),
(446, 112, 15, '200.00', '2026-03-10'),
(447, 112, 16, '904.68', '2026-03-10'),
(448, 112, 13, '100.00', '2026-03-10'),
(449, 113, 10, '4342.44', '2026-03-10'),
(450, 113, 11, '200.00', '2026-03-10'),
(451, 113, 12, '904.68', '2026-03-10'),
(452, 113, 9, '100.00', '2026-03-10'),
(453, 114, 22, '3242.64', '2026-03-10'),
(454, 114, 23, '200.00', '2026-03-10'),
(455, 114, 24, '675.55', '2026-03-10'),
(456, 114, 21, '100.00', '2026-03-10'),
(457, 115, 26, '2337.36', '2026-03-10'),
(458, 115, 27, '200.00', '2026-03-10'),
(459, 115, 28, '486.95', '2026-03-10'),
(460, 115, 25, '100.00', '2026-03-10'),
(461, 116, 38, '1818.00', '2026-03-10'),
(462, 116, 39, '200.00', '2026-03-10'),
(463, 116, 40, '378.75', '2026-03-10'),
(464, 116, 37, '100.00', '2026-03-10'),
(465, 117, 42, '1818.00', '2026-03-10'),
(466, 117, 43, '200.00', '2026-03-10'),
(467, 117, 44, '378.75', '2026-03-10'),
(468, 117, 41, '100.00', '2026-03-10'),
(469, 118, 46, '1818.00', '2026-03-10'),
(470, 118, 47, '200.00', '2026-03-10'),
(471, 118, 48, '378.75', '2026-03-10'),
(472, 118, 45, '100.00', '2026-03-10'),
(473, 119, 30, '1818.00', '2026-03-10'),
(474, 119, 31, '200.00', '2026-03-10'),
(475, 119, 32, '378.75', '2026-03-10'),
(476, 119, 29, '100.00', '2026-03-10'),
(477, 120, 34, '1818.00', '2026-03-10'),
(478, 120, 35, '200.00', '2026-03-10'),
(479, 120, 36, '378.75', '2026-03-10'),
(480, 120, 33, '100.00', '2026-03-10'),
(481, 121, 50, '1529.76', '2026-03-10'),
(482, 121, 51, '200.00', '2026-03-10'),
(483, 121, 52, '318.70', '2026-03-10'),
(484, 121, 49, '100.00', '2026-03-10'),
(485, 122, 54, '1518.60', '2026-03-10'),
(486, 122, 55, '200.00', '2026-03-10'),
(487, 122, 56, '316.38', '2026-03-10'),
(488, 122, 53, '100.00', '2026-03-10'),
(489, 123, 478, '10769.88', '2026-03-10'),
(490, 123, 479, '200.00', '2026-03-10'),
(491, 123, 480, '2243.73', '2026-03-10'),
(492, 123, 477, '100.00', '2026-03-10'),
(493, 124, 482, '4342.44', '2026-03-10'),
(494, 124, 483, '200.00', '2026-03-10'),
(495, 124, 484, '904.68', '2026-03-10'),
(496, 124, 481, '100.00', '2026-03-10'),
(497, 125, 486, '3242.64', '2026-03-10'),
(498, 125, 487, '200.00', '2026-03-10'),
(499, 125, 488, '675.55', '2026-03-10'),
(500, 125, 485, '100.00', '2026-03-10'),
(501, 126, 490, '2763.24', '2026-03-10'),
(502, 126, 491, '200.00', '2026-03-10'),
(503, 126, 492, '575.68', '2026-03-10'),
(504, 126, 489, '100.00', '2026-03-10'),
(505, 127, 498, '2316.36', '2026-03-10'),
(506, 127, 499, '200.00', '2026-03-10'),
(507, 127, 500, '482.58', '2026-03-10'),
(508, 127, 497, '100.00', '2026-03-10'),
(509, 128, 493, '2401.32', '2026-03-10'),
(510, 128, 495, '200.00', '2026-03-10'),
(511, 128, 496, '500.28', '2026-03-10'),
(512, 128, 494, '100.00', '2026-03-10'),
(513, 129, 502, '2062.56', '2026-03-10'),
(514, 129, 503, '200.00', '2026-03-10'),
(515, 129, 504, '429.70', '2026-03-10'),
(516, 129, 501, '100.00', '2026-03-10'),
(517, 150, 390, '11782.20', '2026-03-11'),
(518, 150, 391, '200.00', '2026-03-11'),
(519, 150, 392, '2454.63', '2026-03-11'),
(520, 150, 389, '100.00', '2026-03-11'),
(521, 151, 394, '5727.24', '2026-03-11'),
(522, 151, 395, '200.00', '2026-03-11'),
(523, 151, 396, '1193.18', '2026-03-11'),
(524, 151, 393, '100.00', '2026-03-11'),
(525, 152, 398, '5279.52', '2026-03-11'),
(526, 152, 399, '200.00', '2026-03-11'),
(527, 152, 400, '1099.90', '2026-03-11'),
(528, 152, 397, '100.00', '2026-03-11'),
(529, 153, 402, '4872.48', '2026-03-11'),
(530, 153, 403, '200.00', '2026-03-11'),
(531, 153, 404, '1015.10', '2026-03-11'),
(532, 153, 401, '100.00', '2026-03-11'),
(533, 154, 410, '4167.96', '2026-03-11'),
(534, 154, 411, '200.00', '2026-03-11'),
(535, 154, 412, '868.33', '2026-03-11'),
(536, 154, 409, '100.00', '2026-03-11'),
(537, 155, 406, '4205.88', '2026-03-11'),
(538, 155, 407, '200.00', '2026-03-11'),
(539, 155, 408, '876.23', '2026-03-11'),
(540, 155, 405, '100.00', '2026-03-11'),
(541, 156, 414, '3851.88', '2026-03-11'),
(542, 156, 415, '200.00', '2026-03-11'),
(543, 156, 416, '802.48', '2026-03-11'),
(544, 156, 413, '100.00', '2026-03-11'),
(545, 157, 418, '3778.32', '2026-03-11'),
(546, 157, 419, '200.00', '2026-03-11'),
(547, 157, 420, '787.15', '2026-03-11'),
(548, 157, 417, '100.00', '2026-03-11'),
(549, 158, 426, '3671.64', '2026-03-11'),
(550, 158, 427, '200.00', '2026-03-11'),
(551, 158, 428, '764.93', '2026-03-11'),
(552, 158, 425, '100.00', '2026-03-11'),
(553, 159, 446, '3636.96', '2026-03-11'),
(554, 159, 447, '200.00', '2026-03-11'),
(555, 159, 448, '757.70', '2026-03-11'),
(556, 159, 445, '100.00', '2026-03-11'),
(557, 160, 438, '3671.64', '2026-03-11'),
(558, 160, 439, '200.00', '2026-03-11'),
(559, 160, 440, '764.93', '2026-03-11'),
(560, 160, 437, '100.00', '2026-03-11'),
(561, 161, 454, '3602.88', '2026-03-11'),
(562, 161, 455, '200.00', '2026-03-11'),
(563, 161, 456, '750.60', '2026-03-11'),
(564, 161, 453, '100.00', '2026-03-11'),
(565, 162, 422, '3778.32', '2026-03-11'),
(566, 162, 423, '200.00', '2026-03-11'),
(567, 162, 424, '787.15', '2026-03-11'),
(568, 162, 421, '100.00', '2026-03-11'),
(569, 163, 450, '3602.88', '2026-03-11'),
(570, 163, 451, '200.00', '2026-03-11'),
(571, 163, 452, '750.60', '2026-03-11'),
(572, 163, 449, '100.00', '2026-03-11'),
(573, 164, 430, '3671.64', '2026-03-11'),
(574, 164, 431, '200.00', '2026-03-11'),
(575, 164, 432, '764.93', '2026-03-11'),
(576, 164, 429, '100.00', '2026-03-11'),
(577, 165, 434, '3671.64', '2026-03-11'),
(578, 165, 435, '200.00', '2026-03-11'),
(579, 165, 436, '764.93', '2026-03-11'),
(580, 165, 433, '100.00', '2026-03-11'),
(581, 166, 442, '3671.64', '2026-03-11'),
(582, 166, 443, '200.00', '2026-03-11'),
(583, 166, 444, '764.93', '2026-03-11'),
(584, 166, 441, '100.00', '2026-03-11'),
(585, 167, 458, '3070.32', '2026-03-11'),
(586, 167, 459, '200.00', '2026-03-11'),
(587, 167, 460, '639.65', '2026-03-11'),
(588, 167, 457, '100.00', '2026-03-11'),
(589, 168, 466, '2274.84', '2026-03-11'),
(590, 168, 467, '200.00', '2026-03-11'),
(591, 168, 468, '473.93', '2026-03-11'),
(592, 168, 465, '100.00', '2026-03-11'),
(593, 169, 462, '2343.12', '2026-03-11'),
(594, 169, 463, '200.00', '2026-03-11'),
(595, 169, 464, '488.15', '2026-03-11'),
(596, 169, 461, '100.00', '2026-03-11'),
(597, 170, 470, '2019.96', '2026-03-11'),
(598, 170, 471, '200.00', '2026-03-11'),
(599, 170, 472, '420.83', '2026-03-11'),
(600, 170, 469, '100.00', '2026-03-11'),
(601, 171, 474, '1930.56', '2026-03-11'),
(602, 171, 475, '200.00', '2026-03-11'),
(603, 171, 476, '402.20', '2026-03-11'),
(604, 171, 473, '100.00', '2026-03-11'),
(605, 172, 146, '10604.04', '2026-03-11'),
(606, 172, 147, '200.00', '2026-03-11'),
(607, 172, 148, '2209.18', '2026-03-11'),
(608, 172, 145, '100.00', '2026-03-11'),
(609, 173, 150, '4037.52', '2026-03-11'),
(610, 173, 151, '200.00', '2026-03-11'),
(611, 173, 152, '841.15', '2026-03-11'),
(612, 173, 149, '100.00', '2026-03-11'),
(613, 174, 154, '3717.48', '2026-03-11'),
(614, 174, 155, '200.00', '2026-03-11'),
(615, 174, 156, '774.48', '2026-03-11'),
(616, 174, 153, '100.00', '2026-03-11'),
(617, 175, 158, '2763.24', '2026-03-11'),
(618, 175, 159, '200.00', '2026-03-11'),
(619, 175, 160, '575.68', '2026-03-11'),
(620, 175, 157, '100.00', '2026-03-11'),
(621, 176, 162, '2316.36', '2026-03-11'),
(622, 176, 163, '200.00', '2026-03-11'),
(623, 176, 164, '482.58', '2026-03-11'),
(624, 176, 161, '100.00', '2026-03-11'),
(625, 177, 166, '2047.32', '2026-03-11'),
(626, 177, 167, '200.00', '2026-03-11'),
(627, 177, 168, '426.53', '2026-03-11'),
(628, 177, 165, '100.00', '2026-03-11'),
(629, 178, 342, '10604.04', '2026-03-11'),
(630, 178, 343, '200.00', '2026-03-11'),
(631, 178, 344, '2209.18', '2026-03-11'),
(632, 178, 341, '100.00', '2026-03-11'),
(633, 179, 346, '4704.48', '2026-03-11'),
(634, 179, 347, '200.00', '2026-03-11'),
(635, 179, 348, '980.10', '2026-03-11'),
(636, 179, 345, '100.00', '2026-03-11'),
(637, 180, 350, '3482.52', '2026-03-11'),
(638, 180, 351, '200.00', '2026-03-11'),
(639, 180, 352, '725.53', '2026-03-11'),
(640, 180, 349, '100.00', '2026-03-11'),
(685, 192, 57, '10604.04', '2026-03-11'),
(686, 192, 59, '200.00', '2026-03-11'),
(687, 192, 60, '2209.18', '2026-03-11'),
(688, 192, 58, '100.00', '2026-03-11'),
(689, 193, 61, '4385.28', '2026-03-11'),
(690, 193, 63, '200.00', '2026-03-11'),
(691, 193, 64, '913.60', '2026-03-11'),
(692, 193, 62, '100.00', '2026-03-11'),
(693, 194, 65, '4037.52', '2026-03-11'),
(694, 194, 67, '200.00', '2026-03-11'),
(695, 194, 68, '841.15', '2026-03-11'),
(696, 194, 66, '100.00', '2026-03-11'),
(697, 195, 69, '3242.64', '2026-03-11'),
(698, 195, 71, '200.00', '2026-03-11'),
(699, 195, 72, '675.55', '2026-03-11'),
(700, 195, 70, '100.00', '2026-03-11'),
(701, 196, 73, '2316.36', '2026-03-11'),
(702, 196, 75, '200.00', '2026-03-11'),
(703, 196, 76, '482.58', '2026-03-11'),
(704, 196, 74, '100.00', '2026-03-11'),
(705, 197, 77, '2062.56', '2026-03-11'),
(706, 197, 79, '200.00', '2026-03-11'),
(707, 197, 80, '429.70', '2026-03-11'),
(708, 197, 78, '100.00', '2026-03-11'),
(709, 198, 81, '1929.48', '2026-03-11'),
(710, 198, 83, '200.00', '2026-03-11'),
(711, 198, 84, '401.98', '2026-03-11'),
(712, 198, 82, '100.00', '2026-03-11'),
(713, 199, 89, '1818.00', '2026-03-11'),
(714, 199, 91, '200.00', '2026-03-11'),
(715, 199, 92, '378.75', '2026-03-11'),
(716, 199, 90, '100.00', '2026-03-11'),
(717, 200, 85, '1831.44', '2026-03-11'),
(718, 200, 87, '200.00', '2026-03-11'),
(719, 200, 88, '381.55', '2026-03-11'),
(720, 200, 86, '100.00', '2026-03-11'),
(721, 201, 93, '1763.52', '2026-03-11'),
(722, 201, 95, '200.00', '2026-03-11'),
(723, 201, 96, '367.40', '2026-03-11'),
(724, 201, 94, '100.00', '2026-03-11'),
(725, 202, 97, '1712.04', '2026-03-11'),
(726, 202, 99, '200.00', '2026-03-11'),
(727, 202, 100, '356.68', '2026-03-11'),
(728, 202, 98, '100.00', '2026-03-11');

-- --------------------------------------------------------

--
-- Table structure for table `payroll_periods`
--

CREATE TABLE `payroll_periods` (
  `payroll_period_id` int(11) NOT NULL,
  `period_label` varchar(50) DEFAULT NULL COMMENT 'e.g. "July 16–31, 2025"',
  `date_start` date NOT NULL,
  `date_end` date NOT NULL,
  `frequency` enum('monthly','semi-monthly') DEFAULT 'semi-monthly',
  `is_locked` tinyint(1) DEFAULT 0,
  `locked_by` int(11) DEFAULT NULL COMMENT 'User ID who locked the entire period',
  `locked_date` datetime DEFAULT NULL COMMENT 'Timestamp when period was locked',
  `created_at` timestamp NOT NULL DEFAULT current_timestamp()
) ENGINE=InnoDB DEFAULT CHARSET=utf8mb4;

--
-- Dumping data for table `payroll_periods`
--

INSERT INTO `payroll_periods` (`payroll_period_id`, `period_label`, `date_start`, `date_end`, `frequency`, `is_locked`, `locked_by`, `locked_date`, `created_at`) VALUES
(1, 'January 1–15, 2026', '2026-01-01', '2026-01-15', 'semi-monthly', 0, NULL, NULL, '2026-03-03 00:14:00'),
(2, 'January 16–31, 2026', '2026-01-16', '2026-01-31', 'semi-monthly', 0, NULL, NULL, '2026-03-03 00:14:00'),
(3, 'February 1–15, 2026', '2026-02-01', '2026-02-15', 'semi-monthly', 0, NULL, NULL, '2026-03-03 00:14:00'),
(4, 'February 16–28, 2026', '2026-02-16', '2026-02-28', 'semi-monthly', 0, NULL, NULL, '2026-03-03 00:14:00'),
(5, 'March 1–15, 2026', '2026-03-01', '2026-03-15', 'semi-monthly', 0, NULL, NULL, '2026-03-03 00:14:00'),
(6, 'March 16–31, 2026', '2026-03-16', '2026-03-31', 'semi-monthly', 0, NULL, NULL, '2026-03-03 00:14:00'),
(7, 'April 1–15, 2026', '2026-04-01', '2026-04-15', 'semi-monthly', 0, NULL, NULL, '2026-03-03 00:14:00'),
(8, 'April 16–30, 2026', '2026-04-16', '2026-04-30', 'semi-monthly', 0, NULL, NULL, '2026-03-03 00:14:00'),
(9, 'May 1–15, 2026', '2026-05-01', '2026-05-15', 'semi-monthly', 0, NULL, NULL, '2026-03-03 00:14:00'),
(10, 'May 16–31, 2026', '2026-05-16', '2026-05-31', 'semi-monthly', 0, NULL, NULL, '2026-03-03 00:14:00'),
(11, 'June 1–15, 2026', '2026-06-01', '2026-06-15', 'semi-monthly', 0, NULL, NULL, '2026-03-03 00:14:00'),
(12, 'June 16–30, 2026', '2026-06-16', '2026-06-30', 'semi-monthly', 0, NULL, NULL, '2026-03-03 00:14:00'),
(13, 'July 1–15, 2026', '2026-07-01', '2026-07-15', 'semi-monthly', 0, NULL, NULL, '2026-03-03 00:14:00'),
(14, 'July 16–31, 2026', '2026-07-16', '2026-07-31', 'semi-monthly', 0, NULL, NULL, '2026-03-03 00:14:00'),
(15, 'August 1–15, 2026', '2026-08-01', '2026-08-15', 'semi-monthly', 0, NULL, NULL, '2026-03-03 00:14:00'),
(16, 'August 16–31, 2026', '2026-08-16', '2026-08-31', 'semi-monthly', 0, NULL, NULL, '2026-03-03 00:14:00'),
(17, 'September 1–15, 2026', '2026-09-01', '2026-09-15', 'semi-monthly', 0, NULL, NULL, '2026-03-03 00:14:00'),
(18, 'September 16–30, 2026', '2026-09-16', '2026-09-30', 'semi-monthly', 0, NULL, NULL, '2026-03-03 00:14:00'),
(19, 'October 1–15, 2026', '2026-10-01', '2026-10-15', 'semi-monthly', 0, NULL, NULL, '2026-03-03 00:14:00'),
(20, 'October 16–31, 2026', '2026-10-16', '2026-10-31', 'semi-monthly', 0, NULL, NULL, '2026-03-03 00:14:00'),
(21, 'November 1–15, 2026', '2026-11-01', '2026-11-15', 'semi-monthly', 0, NULL, NULL, '2026-03-03 00:14:00'),
(22, 'November 16–30, 2026', '2026-11-16', '2026-11-30', 'semi-monthly', 0, NULL, NULL, '2026-03-03 00:14:00'),
(23, 'December 1–15, 2026', '2026-12-01', '2026-12-15', 'semi-monthly', 0, NULL, NULL, '2026-03-03 00:14:00'),
(24, 'December 16–31, 2026', '2026-12-16', '2026-12-31', 'semi-monthly', 0, NULL, NULL, '2026-03-03 00:14:00'),
(25, 'January 1–31, 2026', '2026-01-01', '2026-01-31', 'monthly', 0, NULL, NULL, '2026-03-03 00:14:14'),
(26, 'February 1–28, 2026', '2026-02-01', '2026-02-28', 'monthly', 0, NULL, NULL, '2026-03-03 00:14:14'),
(27, 'March 1–31, 2026', '2026-03-01', '2026-03-31', 'monthly', 0, NULL, NULL, '2026-03-03 00:14:14'),
(28, 'April 1–30, 2026', '2026-04-01', '2026-04-30', 'monthly', 0, NULL, NULL, '2026-03-03 00:14:14'),
(29, 'May 1–31, 2026', '2026-05-01', '2026-05-31', 'monthly', 0, NULL, NULL, '2026-03-03 00:14:14'),
(30, 'June 1–30, 2026', '2026-06-01', '2026-06-30', 'monthly', 0, NULL, NULL, '2026-03-03 00:14:14'),
(31, 'July 1–31, 2026', '2026-07-01', '2026-07-31', 'monthly', 0, NULL, NULL, '2026-03-03 00:14:14'),
(32, 'August 1–31, 2026', '2026-08-01', '2026-08-31', 'monthly', 0, NULL, NULL, '2026-03-03 00:14:14'),
(33, 'September 1–30, 2026', '2026-09-01', '2026-09-30', 'monthly', 0, NULL, NULL, '2026-03-03 00:14:14'),
(34, 'October 1–31, 2026', '2026-10-01', '2026-10-31', 'monthly', 0, NULL, NULL, '2026-03-03 00:14:14'),
(35, 'November 1–30, 2026', '2026-11-01', '2026-11-30', 'monthly', 0, NULL, NULL, '2026-03-03 00:14:14'),
(36, 'December 1–31, 2026', '2026-12-01', '2026-12-31', 'monthly', 0, NULL, NULL, '2026-03-03 00:14:14');

-- --------------------------------------------------------

--
-- Table structure for table `payroll_workflow_rules`
--

CREATE TABLE `payroll_workflow_rules` (
  `rule_id` int(11) NOT NULL,
  `from_status` enum('DRAFT','REVIEW','APPROVED','PAID') NOT NULL,
  `to_status` enum('DRAFT','REVIEW','APPROVED','PAID') NOT NULL,
  `allows_bulk` tinyint(1) NOT NULL DEFAULT 1 COMMENT '1=Allow bulk transition, 0=Only single',
  `requires_reason` tinyint(1) NOT NULL DEFAULT 0 COMMENT '1=Require reason, 0=Optional',
  `allowed_roles` varchar(255) NOT NULL COMMENT 'Comma-separated roles: admin,supervisor,head',
  `is_active` tinyint(1) NOT NULL DEFAULT 1,
  `created_at` datetime NOT NULL DEFAULT current_timestamp()
) ENGINE=InnoDB DEFAULT CHARSET=utf8mb4;

--
-- Dumping data for table `payroll_workflow_rules`
--

INSERT INTO `payroll_workflow_rules` (`rule_id`, `from_status`, `to_status`, `allows_bulk`, `requires_reason`, `allowed_roles`, `is_active`, `created_at`) VALUES
(1, 'DRAFT', 'REVIEW', 1, 0, 'admin,supervisor,head', 1, '2026-03-05 14:04:01'),
(2, 'REVIEW', 'APPROVED', 1, 0, 'admin,supervisor', 1, '2026-03-05 14:04:01'),
(3, 'REVIEW', 'DRAFT', 1, 1, 'admin,supervisor', 1, '2026-03-05 14:04:01'),
(4, 'APPROVED', 'PAID', 1, 0, 'admin,supervisor', 1, '2026-03-05 14:04:01');

-- --------------------------------------------------------

--
-- Table structure for table `payroll_workflow_transitions`
--

CREATE TABLE `payroll_workflow_transitions` (
  `transition_id` int(11) NOT NULL,
  `payroll_entry_id` int(11) NOT NULL,
  `from_status` enum('DRAFT','REVIEW','APPROVED','PAID') NOT NULL,
  `to_status` enum('DRAFT','REVIEW','APPROVED','PAID') NOT NULL,
  `changed_by` int(11) NOT NULL,
  `changed_date` datetime NOT NULL DEFAULT current_timestamp(),
  `reason` longtext DEFAULT NULL COMMENT 'Reason for transition (e.g., reason for returning to DRAFT)',
  `ip_address` varbinary(16) DEFAULT NULL,
  `user_agent` varchar(255) DEFAULT NULL
) ENGINE=InnoDB DEFAULT CHARSET=utf8mb4;

--
-- Dumping data for table `payroll_workflow_transitions`
--

INSERT INTO `payroll_workflow_transitions` (`transition_id`, `payroll_entry_id`, `from_status`, `to_status`, `changed_by`, `changed_date`, `reason`, `ip_address`, `user_agent`) VALUES
(1, 1, 'DRAFT', 'REVIEW', 10, '2026-03-06 11:25:40', NULL, 0x33323332323335383738, 'Mozilla/5.0 (Windows NT 10.0; Win64; x64) AppleWebKit/537.36 (KHTML, like Gecko) Chrome/145.0.0.0 Safari/537.36'),
(2, 2, 'DRAFT', 'REVIEW', 10, '2026-03-06 11:26:01', NULL, 0x33323332323335383738, 'Mozilla/5.0 (Windows NT 10.0; Win64; x64) AppleWebKit/537.36 (KHTML, like Gecko) Chrome/145.0.0.0 Safari/537.36'),
(3, 3, 'DRAFT', 'REVIEW', 10, '2026-03-06 11:26:12', NULL, 0x33323332323335383738, 'Mozilla/5.0 (Windows NT 10.0; Win64; x64) AppleWebKit/537.36 (KHTML, like Gecko) Chrome/145.0.0.0 Safari/537.36'),
(4, 4, 'DRAFT', 'REVIEW', 10, '2026-03-06 11:26:20', NULL, 0x33323332323335383738, 'Mozilla/5.0 (Windows NT 10.0; Win64; x64) AppleWebKit/537.36 (KHTML, like Gecko) Chrome/145.0.0.0 Safari/537.36'),
(5, 5, 'DRAFT', 'REVIEW', 10, '2026-03-06 11:26:34', NULL, 0x33323332323335383738, 'Mozilla/5.0 (Windows NT 10.0; Win64; x64) AppleWebKit/537.36 (KHTML, like Gecko) Chrome/145.0.0.0 Safari/537.36'),
(6, 6, 'DRAFT', 'REVIEW', 10, '2026-03-06 11:26:45', NULL, 0x33323332323335383738, 'Mozilla/5.0 (Windows NT 10.0; Win64; x64) AppleWebKit/537.36 (KHTML, like Gecko) Chrome/145.0.0.0 Safari/537.36'),
(7, 7, 'DRAFT', 'REVIEW', 10, '2026-03-06 11:27:05', NULL, 0x33323332323335383738, 'Mozilla/5.0 (Windows NT 10.0; Win64; x64) AppleWebKit/537.36 (KHTML, like Gecko) Chrome/145.0.0.0 Safari/537.36'),
(8, 1, 'REVIEW', 'APPROVED', 10, '2026-03-06 11:28:03', NULL, 0x33323332323335383738, 'Mozilla/5.0 (Windows NT 10.0; Win64; x64) AppleWebKit/537.36 (KHTML, like Gecko) Chrome/145.0.0.0 Safari/537.36'),
(9, 2, 'REVIEW', 'APPROVED', 10, '2026-03-06 11:28:08', NULL, 0x33323332323335383738, 'Mozilla/5.0 (Windows NT 10.0; Win64; x64) AppleWebKit/537.36 (KHTML, like Gecko) Chrome/145.0.0.0 Safari/537.36'),
(10, 3, 'REVIEW', 'APPROVED', 10, '2026-03-06 11:28:14', NULL, 0x33323332323335383738, 'Mozilla/5.0 (Windows NT 10.0; Win64; x64) AppleWebKit/537.36 (KHTML, like Gecko) Chrome/145.0.0.0 Safari/537.36'),
(11, 4, 'REVIEW', 'APPROVED', 10, '2026-03-06 11:28:18', NULL, 0x33323332323335383738, 'Mozilla/5.0 (Windows NT 10.0; Win64; x64) AppleWebKit/537.36 (KHTML, like Gecko) Chrome/145.0.0.0 Safari/537.36'),
(12, 5, 'REVIEW', 'APPROVED', 10, '2026-03-06 11:28:22', NULL, 0x33323332323335383738, 'Mozilla/5.0 (Windows NT 10.0; Win64; x64) AppleWebKit/537.36 (KHTML, like Gecko) Chrome/145.0.0.0 Safari/537.36'),
(13, 6, 'REVIEW', 'APPROVED', 10, '2026-03-06 11:28:27', NULL, 0x33323332323335383738, 'Mozilla/5.0 (Windows NT 10.0; Win64; x64) AppleWebKit/537.36 (KHTML, like Gecko) Chrome/145.0.0.0 Safari/537.36'),
(14, 7, 'REVIEW', 'APPROVED', 10, '2026-03-06 11:28:35', NULL, 0x33323332323335383738, 'Mozilla/5.0 (Windows NT 10.0; Win64; x64) AppleWebKit/537.36 (KHTML, like Gecko) Chrome/145.0.0.0 Safari/537.36'),
(15, 8, 'DRAFT', 'REVIEW', 10, '2026-03-06 11:32:26', NULL, 0x33323332323335383738, 'Mozilla/5.0 (Windows NT 10.0; Win64; x64) AppleWebKit/537.36 (KHTML, like Gecko) Chrome/145.0.0.0 Safari/537.36'),
(16, 9, 'DRAFT', 'REVIEW', 10, '2026-03-06 11:32:32', NULL, 0x33323332323335383738, 'Mozilla/5.0 (Windows NT 10.0; Win64; x64) AppleWebKit/537.36 (KHTML, like Gecko) Chrome/145.0.0.0 Safari/537.36'),
(17, 10, 'DRAFT', 'REVIEW', 10, '2026-03-06 11:32:38', NULL, 0x33323332323335383738, 'Mozilla/5.0 (Windows NT 10.0; Win64; x64) AppleWebKit/537.36 (KHTML, like Gecko) Chrome/145.0.0.0 Safari/537.36'),
(18, 11, 'DRAFT', 'REVIEW', 10, '2026-03-06 11:32:42', NULL, 0x33323332323335383738, 'Mozilla/5.0 (Windows NT 10.0; Win64; x64) AppleWebKit/537.36 (KHTML, like Gecko) Chrome/145.0.0.0 Safari/537.36'),
(19, 12, 'DRAFT', 'REVIEW', 10, '2026-03-06 11:32:47', NULL, 0x33323332323335383738, 'Mozilla/5.0 (Windows NT 10.0; Win64; x64) AppleWebKit/537.36 (KHTML, like Gecko) Chrome/145.0.0.0 Safari/537.36'),
(20, 8, 'REVIEW', 'APPROVED', 10, '2026-03-06 11:33:02', NULL, 0x33323332323335383738, 'Mozilla/5.0 (Windows NT 10.0; Win64; x64) AppleWebKit/537.36 (KHTML, like Gecko) Chrome/145.0.0.0 Safari/537.36'),
(21, 9, 'REVIEW', 'APPROVED', 10, '2026-03-06 11:33:06', NULL, 0x33323332323335383738, 'Mozilla/5.0 (Windows NT 10.0; Win64; x64) AppleWebKit/537.36 (KHTML, like Gecko) Chrome/145.0.0.0 Safari/537.36'),
(22, 10, 'REVIEW', 'APPROVED', 10, '2026-03-06 11:33:11', NULL, 0x33323332323335383738, 'Mozilla/5.0 (Windows NT 10.0; Win64; x64) AppleWebKit/537.36 (KHTML, like Gecko) Chrome/145.0.0.0 Safari/537.36'),
(23, 11, 'REVIEW', 'APPROVED', 10, '2026-03-06 11:33:14', NULL, 0x33323332323335383738, 'Mozilla/5.0 (Windows NT 10.0; Win64; x64) AppleWebKit/537.36 (KHTML, like Gecko) Chrome/145.0.0.0 Safari/537.36'),
(24, 12, 'REVIEW', 'APPROVED', 10, '2026-03-06 11:33:18', NULL, 0x33323332323335383738, 'Mozilla/5.0 (Windows NT 10.0; Win64; x64) AppleWebKit/537.36 (KHTML, like Gecko) Chrome/145.0.0.0 Safari/537.36'),
(25, 13, 'DRAFT', 'REVIEW', 10, '2026-03-06 13:11:28', NULL, 0x33323332323335383738, 'Mozilla/5.0 (Windows NT 10.0; Win64; x64) AppleWebKit/537.36 (KHTML, like Gecko) Chrome/145.0.0.0 Safari/537.36'),
(26, 14, 'DRAFT', 'REVIEW', 10, '2026-03-06 13:11:45', NULL, 0x33323332323335383738, 'Mozilla/5.0 (Windows NT 10.0; Win64; x64) AppleWebKit/537.36 (KHTML, like Gecko) Chrome/145.0.0.0 Safari/537.36'),
(27, 15, 'DRAFT', 'REVIEW', 10, '2026-03-06 13:11:52', NULL, 0x33323332323335383738, 'Mozilla/5.0 (Windows NT 10.0; Win64; x64) AppleWebKit/537.36 (KHTML, like Gecko) Chrome/145.0.0.0 Safari/537.36'),
(28, 16, 'DRAFT', 'REVIEW', 10, '2026-03-06 13:12:11', NULL, 0x33323332323335383738, 'Mozilla/5.0 (Windows NT 10.0; Win64; x64) AppleWebKit/537.36 (KHTML, like Gecko) Chrome/145.0.0.0 Safari/537.36'),
(29, 13, 'REVIEW', 'APPROVED', 10, '2026-03-06 13:12:19', NULL, 0x33323332323335383738, 'Mozilla/5.0 (Windows NT 10.0; Win64; x64) AppleWebKit/537.36 (KHTML, like Gecko) Chrome/145.0.0.0 Safari/537.36'),
(30, 14, 'REVIEW', 'APPROVED', 10, '2026-03-06 13:17:04', NULL, 0x33323332323335383738, 'Mozilla/5.0 (Windows NT 10.0; Win64; x64) AppleWebKit/537.36 (KHTML, like Gecko) Chrome/145.0.0.0 Safari/537.36'),
(31, 15, 'REVIEW', 'APPROVED', 10, '2026-03-06 13:17:04', NULL, 0x33323332323335383738, 'Mozilla/5.0 (Windows NT 10.0; Win64; x64) AppleWebKit/537.36 (KHTML, like Gecko) Chrome/145.0.0.0 Safari/537.36'),
(32, 16, 'REVIEW', 'APPROVED', 10, '2026-03-06 13:17:04', NULL, 0x33323332323335383738, 'Mozilla/5.0 (Windows NT 10.0; Win64; x64) AppleWebKit/537.36 (KHTML, like Gecko) Chrome/145.0.0.0 Safari/537.36'),
(33, 17, 'DRAFT', 'REVIEW', 10, '2026-03-06 14:33:36', NULL, 0x33323332323335383738, 'Mozilla/5.0 (Windows NT 10.0; Win64; x64) AppleWebKit/537.36 (KHTML, like Gecko) Chrome/145.0.0.0 Safari/537.36'),
(34, 18, 'DRAFT', 'REVIEW', 10, '2026-03-06 14:33:43', NULL, 0x33323332323335383738, 'Mozilla/5.0 (Windows NT 10.0; Win64; x64) AppleWebKit/537.36 (KHTML, like Gecko) Chrome/145.0.0.0 Safari/537.36'),
(35, 19, 'DRAFT', 'REVIEW', 10, '2026-03-06 14:33:48', NULL, 0x33323332323335383738, 'Mozilla/5.0 (Windows NT 10.0; Win64; x64) AppleWebKit/537.36 (KHTML, like Gecko) Chrome/145.0.0.0 Safari/537.36'),
(36, 20, 'DRAFT', 'REVIEW', 10, '2026-03-06 14:33:54', NULL, 0x33323332323335383738, 'Mozilla/5.0 (Windows NT 10.0; Win64; x64) AppleWebKit/537.36 (KHTML, like Gecko) Chrome/145.0.0.0 Safari/537.36'),
(37, 21, 'DRAFT', 'REVIEW', 10, '2026-03-06 14:33:58', NULL, 0x33323332323335383738, 'Mozilla/5.0 (Windows NT 10.0; Win64; x64) AppleWebKit/537.36 (KHTML, like Gecko) Chrome/145.0.0.0 Safari/537.36'),
(38, 17, 'REVIEW', 'APPROVED', 10, '2026-03-06 14:34:15', NULL, 0x33323332323335383738, 'Mozilla/5.0 (Windows NT 10.0; Win64; x64) AppleWebKit/537.36 (KHTML, like Gecko) Chrome/145.0.0.0 Safari/537.36'),
(39, 18, 'REVIEW', 'APPROVED', 10, '2026-03-06 14:34:15', NULL, 0x33323332323335383738, 'Mozilla/5.0 (Windows NT 10.0; Win64; x64) AppleWebKit/537.36 (KHTML, like Gecko) Chrome/145.0.0.0 Safari/537.36'),
(40, 19, 'REVIEW', 'APPROVED', 10, '2026-03-06 14:34:15', NULL, 0x33323332323335383738, 'Mozilla/5.0 (Windows NT 10.0; Win64; x64) AppleWebKit/537.36 (KHTML, like Gecko) Chrome/145.0.0.0 Safari/537.36'),
(41, 20, 'REVIEW', 'APPROVED', 10, '2026-03-06 14:34:15', NULL, 0x33323332323335383738, 'Mozilla/5.0 (Windows NT 10.0; Win64; x64) AppleWebKit/537.36 (KHTML, like Gecko) Chrome/145.0.0.0 Safari/537.36'),
(42, 21, 'REVIEW', 'APPROVED', 10, '2026-03-06 14:34:15', NULL, 0x33323332323335383738, 'Mozilla/5.0 (Windows NT 10.0; Win64; x64) AppleWebKit/537.36 (KHTML, like Gecko) Chrome/145.0.0.0 Safari/537.36'),
(55, 28, 'DRAFT', 'REVIEW', 10, '2026-03-06 15:20:19', NULL, 0x33323332323335383738, 'Mozilla/5.0 (Windows NT 10.0; Win64; x64) AppleWebKit/537.36 (KHTML, like Gecko) Chrome/145.0.0.0 Safari/537.36'),
(56, 29, 'DRAFT', 'REVIEW', 10, '2026-03-06 15:20:29', NULL, 0x33323332323335383738, 'Mozilla/5.0 (Windows NT 10.0; Win64; x64) AppleWebKit/537.36 (KHTML, like Gecko) Chrome/145.0.0.0 Safari/537.36'),
(57, 28, 'REVIEW', 'APPROVED', 10, '2026-03-06 15:20:44', NULL, 0x33323332323335383738, 'Mozilla/5.0 (Windows NT 10.0; Win64; x64) AppleWebKit/537.36 (KHTML, like Gecko) Chrome/145.0.0.0 Safari/537.36'),
(58, 29, 'REVIEW', 'APPROVED', 10, '2026-03-06 15:20:44', NULL, 0x33323332323335383738, 'Mozilla/5.0 (Windows NT 10.0; Win64; x64) AppleWebKit/537.36 (KHTML, like Gecko) Chrome/145.0.0.0 Safari/537.36'),
(59, 30, 'DRAFT', 'REVIEW', 10, '2026-03-06 15:40:58', NULL, 0x33323332323335383738, 'Mozilla/5.0 (Windows NT 10.0; Win64; x64) AppleWebKit/537.36 (KHTML, like Gecko) Chrome/145.0.0.0 Safari/537.36'),
(60, 31, 'DRAFT', 'REVIEW', 10, '2026-03-06 15:41:03', NULL, 0x33323332323335383738, 'Mozilla/5.0 (Windows NT 10.0; Win64; x64) AppleWebKit/537.36 (KHTML, like Gecko) Chrome/145.0.0.0 Safari/537.36'),
(61, 32, 'DRAFT', 'REVIEW', 10, '2026-03-06 15:41:09', NULL, 0x33323332323335383738, 'Mozilla/5.0 (Windows NT 10.0; Win64; x64) AppleWebKit/537.36 (KHTML, like Gecko) Chrome/145.0.0.0 Safari/537.36'),
(62, 33, 'DRAFT', 'REVIEW', 10, '2026-03-06 15:41:14', NULL, 0x33323332323335383738, 'Mozilla/5.0 (Windows NT 10.0; Win64; x64) AppleWebKit/537.36 (KHTML, like Gecko) Chrome/145.0.0.0 Safari/537.36'),
(63, 34, 'DRAFT', 'REVIEW', 10, '2026-03-06 15:41:18', NULL, 0x33323332323335383738, 'Mozilla/5.0 (Windows NT 10.0; Win64; x64) AppleWebKit/537.36 (KHTML, like Gecko) Chrome/145.0.0.0 Safari/537.36'),
(64, 35, 'DRAFT', 'REVIEW', 10, '2026-03-06 15:41:23', NULL, 0x33323332323335383738, 'Mozilla/5.0 (Windows NT 10.0; Win64; x64) AppleWebKit/537.36 (KHTML, like Gecko) Chrome/145.0.0.0 Safari/537.36'),
(65, 36, 'DRAFT', 'REVIEW', 10, '2026-03-06 15:41:28', NULL, 0x33323332323335383738, 'Mozilla/5.0 (Windows NT 10.0; Win64; x64) AppleWebKit/537.36 (KHTML, like Gecko) Chrome/145.0.0.0 Safari/537.36'),
(66, 37, 'DRAFT', 'REVIEW', 10, '2026-03-06 15:41:34', NULL, 0x33323332323335383738, 'Mozilla/5.0 (Windows NT 10.0; Win64; x64) AppleWebKit/537.36 (KHTML, like Gecko) Chrome/145.0.0.0 Safari/537.36'),
(67, 38, 'DRAFT', 'REVIEW', 10, '2026-03-06 15:41:40', NULL, 0x33323332323335383738, 'Mozilla/5.0 (Windows NT 10.0; Win64; x64) AppleWebKit/537.36 (KHTML, like Gecko) Chrome/145.0.0.0 Safari/537.36'),
(68, 30, 'REVIEW', 'APPROVED', 10, '2026-03-06 15:42:00', NULL, 0x33323332323335383738, 'Mozilla/5.0 (Windows NT 10.0; Win64; x64) AppleWebKit/537.36 (KHTML, like Gecko) Chrome/145.0.0.0 Safari/537.36'),
(69, 31, 'REVIEW', 'APPROVED', 10, '2026-03-06 15:42:00', NULL, 0x33323332323335383738, 'Mozilla/5.0 (Windows NT 10.0; Win64; x64) AppleWebKit/537.36 (KHTML, like Gecko) Chrome/145.0.0.0 Safari/537.36'),
(70, 32, 'REVIEW', 'APPROVED', 10, '2026-03-06 15:42:00', NULL, 0x33323332323335383738, 'Mozilla/5.0 (Windows NT 10.0; Win64; x64) AppleWebKit/537.36 (KHTML, like Gecko) Chrome/145.0.0.0 Safari/537.36'),
(71, 33, 'REVIEW', 'APPROVED', 10, '2026-03-06 15:42:00', NULL, 0x33323332323335383738, 'Mozilla/5.0 (Windows NT 10.0; Win64; x64) AppleWebKit/537.36 (KHTML, like Gecko) Chrome/145.0.0.0 Safari/537.36'),
(72, 34, 'REVIEW', 'APPROVED', 10, '2026-03-06 15:42:00', NULL, 0x33323332323335383738, 'Mozilla/5.0 (Windows NT 10.0; Win64; x64) AppleWebKit/537.36 (KHTML, like Gecko) Chrome/145.0.0.0 Safari/537.36'),
(73, 35, 'REVIEW', 'APPROVED', 10, '2026-03-06 15:42:00', NULL, 0x33323332323335383738, 'Mozilla/5.0 (Windows NT 10.0; Win64; x64) AppleWebKit/537.36 (KHTML, like Gecko) Chrome/145.0.0.0 Safari/537.36'),
(74, 36, 'REVIEW', 'APPROVED', 10, '2026-03-06 15:42:00', NULL, 0x33323332323335383738, 'Mozilla/5.0 (Windows NT 10.0; Win64; x64) AppleWebKit/537.36 (KHTML, like Gecko) Chrome/145.0.0.0 Safari/537.36'),
(75, 37, 'REVIEW', 'APPROVED', 10, '2026-03-06 15:42:00', NULL, 0x33323332323335383738, 'Mozilla/5.0 (Windows NT 10.0; Win64; x64) AppleWebKit/537.36 (KHTML, like Gecko) Chrome/145.0.0.0 Safari/537.36'),
(76, 38, 'REVIEW', 'APPROVED', 10, '2026-03-06 15:42:00', NULL, 0x33323332323335383738, 'Mozilla/5.0 (Windows NT 10.0; Win64; x64) AppleWebKit/537.36 (KHTML, like Gecko) Chrome/145.0.0.0 Safari/537.36'),
(77, 39, 'DRAFT', 'REVIEW', 10, '2026-03-06 15:54:15', NULL, 0x33323332323335383738, 'Mozilla/5.0 (Windows NT 10.0; Win64; x64) AppleWebKit/537.36 (KHTML, like Gecko) Chrome/145.0.0.0 Safari/537.36'),
(78, 40, 'DRAFT', 'REVIEW', 10, '2026-03-06 15:54:19', NULL, 0x33323332323335383738, 'Mozilla/5.0 (Windows NT 10.0; Win64; x64) AppleWebKit/537.36 (KHTML, like Gecko) Chrome/145.0.0.0 Safari/537.36'),
(79, 41, 'DRAFT', 'REVIEW', 10, '2026-03-06 15:54:23', NULL, 0x33323332323335383738, 'Mozilla/5.0 (Windows NT 10.0; Win64; x64) AppleWebKit/537.36 (KHTML, like Gecko) Chrome/145.0.0.0 Safari/537.36'),
(80, 42, 'DRAFT', 'REVIEW', 10, '2026-03-06 15:54:27', NULL, 0x33323332323335383738, 'Mozilla/5.0 (Windows NT 10.0; Win64; x64) AppleWebKit/537.36 (KHTML, like Gecko) Chrome/145.0.0.0 Safari/537.36'),
(81, 43, 'DRAFT', 'REVIEW', 10, '2026-03-06 15:54:31', NULL, 0x33323332323335383738, 'Mozilla/5.0 (Windows NT 10.0; Win64; x64) AppleWebKit/537.36 (KHTML, like Gecko) Chrome/145.0.0.0 Safari/537.36'),
(82, 39, 'REVIEW', 'APPROVED', 10, '2026-03-06 15:54:44', NULL, 0x33323332323335383738, 'Mozilla/5.0 (Windows NT 10.0; Win64; x64) AppleWebKit/537.36 (KHTML, like Gecko) Chrome/145.0.0.0 Safari/537.36'),
(83, 40, 'REVIEW', 'APPROVED', 10, '2026-03-06 15:54:44', NULL, 0x33323332323335383738, 'Mozilla/5.0 (Windows NT 10.0; Win64; x64) AppleWebKit/537.36 (KHTML, like Gecko) Chrome/145.0.0.0 Safari/537.36'),
(84, 41, 'REVIEW', 'APPROVED', 10, '2026-03-06 15:54:44', NULL, 0x33323332323335383738, 'Mozilla/5.0 (Windows NT 10.0; Win64; x64) AppleWebKit/537.36 (KHTML, like Gecko) Chrome/145.0.0.0 Safari/537.36'),
(85, 42, 'REVIEW', 'APPROVED', 10, '2026-03-06 15:54:44', NULL, 0x33323332323335383738, 'Mozilla/5.0 (Windows NT 10.0; Win64; x64) AppleWebKit/537.36 (KHTML, like Gecko) Chrome/145.0.0.0 Safari/537.36'),
(86, 43, 'REVIEW', 'APPROVED', 10, '2026-03-06 15:54:44', NULL, 0x33323332323335383738, 'Mozilla/5.0 (Windows NT 10.0; Win64; x64) AppleWebKit/537.36 (KHTML, like Gecko) Chrome/145.0.0.0 Safari/537.36'),
(93, 47, 'DRAFT', 'REVIEW', 10, '2026-03-06 17:19:40', NULL, 0x33323332323335383738, 'Mozilla/5.0 (Windows NT 10.0; Win64; x64) AppleWebKit/537.36 (KHTML, like Gecko) Chrome/145.0.0.0 Safari/537.36'),
(94, 48, 'DRAFT', 'REVIEW', 10, '2026-03-06 17:19:46', NULL, 0x33323332323335383738, 'Mozilla/5.0 (Windows NT 10.0; Win64; x64) AppleWebKit/537.36 (KHTML, like Gecko) Chrome/145.0.0.0 Safari/537.36'),
(95, 49, 'DRAFT', 'REVIEW', 10, '2026-03-06 17:19:53', NULL, 0x33323332323335383738, 'Mozilla/5.0 (Windows NT 10.0; Win64; x64) AppleWebKit/537.36 (KHTML, like Gecko) Chrome/145.0.0.0 Safari/537.36'),
(96, 47, 'REVIEW', 'APPROVED', 10, '2026-03-06 17:20:01', NULL, 0x33323332323335383738, 'Mozilla/5.0 (Windows NT 10.0; Win64; x64) AppleWebKit/537.36 (KHTML, like Gecko) Chrome/145.0.0.0 Safari/537.36'),
(97, 48, 'REVIEW', 'APPROVED', 10, '2026-03-06 17:20:01', NULL, 0x33323332323335383738, 'Mozilla/5.0 (Windows NT 10.0; Win64; x64) AppleWebKit/537.36 (KHTML, like Gecko) Chrome/145.0.0.0 Safari/537.36'),
(98, 49, 'REVIEW', 'APPROVED', 10, '2026-03-06 17:20:01', NULL, 0x33323332323335383738, 'Mozilla/5.0 (Windows NT 10.0; Win64; x64) AppleWebKit/537.36 (KHTML, like Gecko) Chrome/145.0.0.0 Safari/537.36'),
(99, 50, 'DRAFT', 'REVIEW', 10, '2026-03-06 17:34:56', NULL, 0x33323332323335383738, 'Mozilla/5.0 (Windows NT 10.0; Win64; x64) AppleWebKit/537.36 (KHTML, like Gecko) Chrome/145.0.0.0 Safari/537.36'),
(100, 51, 'DRAFT', 'REVIEW', 10, '2026-03-06 17:35:01', NULL, 0x33323332323335383738, 'Mozilla/5.0 (Windows NT 10.0; Win64; x64) AppleWebKit/537.36 (KHTML, like Gecko) Chrome/145.0.0.0 Safari/537.36'),
(101, 52, 'DRAFT', 'REVIEW', 10, '2026-03-06 17:35:05', NULL, 0x33323332323335383738, 'Mozilla/5.0 (Windows NT 10.0; Win64; x64) AppleWebKit/537.36 (KHTML, like Gecko) Chrome/145.0.0.0 Safari/537.36'),
(102, 53, 'DRAFT', 'REVIEW', 10, '2026-03-06 17:35:09', NULL, 0x33323332323335383738, 'Mozilla/5.0 (Windows NT 10.0; Win64; x64) AppleWebKit/537.36 (KHTML, like Gecko) Chrome/145.0.0.0 Safari/537.36'),
(103, 50, 'REVIEW', 'APPROVED', 10, '2026-03-06 17:35:15', NULL, 0x33323332323335383738, 'Mozilla/5.0 (Windows NT 10.0; Win64; x64) AppleWebKit/537.36 (KHTML, like Gecko) Chrome/145.0.0.0 Safari/537.36'),
(104, 51, 'REVIEW', 'APPROVED', 10, '2026-03-06 17:35:15', NULL, 0x33323332323335383738, 'Mozilla/5.0 (Windows NT 10.0; Win64; x64) AppleWebKit/537.36 (KHTML, like Gecko) Chrome/145.0.0.0 Safari/537.36'),
(105, 52, 'REVIEW', 'APPROVED', 10, '2026-03-06 17:35:15', NULL, 0x33323332323335383738, 'Mozilla/5.0 (Windows NT 10.0; Win64; x64) AppleWebKit/537.36 (KHTML, like Gecko) Chrome/145.0.0.0 Safari/537.36'),
(106, 53, 'REVIEW', 'APPROVED', 10, '2026-03-06 17:35:15', NULL, 0x33323332323335383738, 'Mozilla/5.0 (Windows NT 10.0; Win64; x64) AppleWebKit/537.36 (KHTML, like Gecko) Chrome/145.0.0.0 Safari/537.36'),
(107, 54, 'DRAFT', 'REVIEW', 10, '2026-03-06 17:47:13', NULL, 0x33323332323335383738, 'Mozilla/5.0 (Windows NT 10.0; Win64; x64) AppleWebKit/537.36 (KHTML, like Gecko) Chrome/145.0.0.0 Safari/537.36'),
(108, 55, 'DRAFT', 'REVIEW', 10, '2026-03-06 17:47:18', NULL, 0x33323332323335383738, 'Mozilla/5.0 (Windows NT 10.0; Win64; x64) AppleWebKit/537.36 (KHTML, like Gecko) Chrome/145.0.0.0 Safari/537.36'),
(109, 54, 'REVIEW', 'APPROVED', 10, '2026-03-06 17:47:27', NULL, 0x33323332323335383738, 'Mozilla/5.0 (Windows NT 10.0; Win64; x64) AppleWebKit/537.36 (KHTML, like Gecko) Chrome/145.0.0.0 Safari/537.36'),
(110, 55, 'REVIEW', 'APPROVED', 10, '2026-03-06 17:47:27', NULL, 0x33323332323335383738, 'Mozilla/5.0 (Windows NT 10.0; Win64; x64) AppleWebKit/537.36 (KHTML, like Gecko) Chrome/145.0.0.0 Safari/537.36'),
(111, 56, 'DRAFT', 'REVIEW', 10, '2026-03-06 18:03:27', NULL, 0x33323332323335383738, 'Mozilla/5.0 (Windows NT 10.0; Win64; x64) AppleWebKit/537.36 (KHTML, like Gecko) Chrome/145.0.0.0 Safari/537.36'),
(112, 57, 'DRAFT', 'REVIEW', 10, '2026-03-06 18:03:35', NULL, 0x33323332323335383738, 'Mozilla/5.0 (Windows NT 10.0; Win64; x64) AppleWebKit/537.36 (KHTML, like Gecko) Chrome/145.0.0.0 Safari/537.36'),
(113, 58, 'DRAFT', 'REVIEW', 10, '2026-03-06 18:03:39', NULL, 0x33323332323335383738, 'Mozilla/5.0 (Windows NT 10.0; Win64; x64) AppleWebKit/537.36 (KHTML, like Gecko) Chrome/145.0.0.0 Safari/537.36'),
(114, 59, 'DRAFT', 'REVIEW', 10, '2026-03-06 18:03:44', NULL, 0x33323332323335383738, 'Mozilla/5.0 (Windows NT 10.0; Win64; x64) AppleWebKit/537.36 (KHTML, like Gecko) Chrome/145.0.0.0 Safari/537.36'),
(115, 60, 'DRAFT', 'REVIEW', 10, '2026-03-06 18:03:49', NULL, 0x33323332323335383738, 'Mozilla/5.0 (Windows NT 10.0; Win64; x64) AppleWebKit/537.36 (KHTML, like Gecko) Chrome/145.0.0.0 Safari/537.36'),
(116, 61, 'DRAFT', 'REVIEW', 10, '2026-03-06 18:04:00', NULL, 0x33323332323335383738, 'Mozilla/5.0 (Windows NT 10.0; Win64; x64) AppleWebKit/537.36 (KHTML, like Gecko) Chrome/145.0.0.0 Safari/537.36'),
(117, 62, 'DRAFT', 'REVIEW', 10, '2026-03-06 18:04:05', NULL, 0x33323332323335383738, 'Mozilla/5.0 (Windows NT 10.0; Win64; x64) AppleWebKit/537.36 (KHTML, like Gecko) Chrome/145.0.0.0 Safari/537.36'),
(118, 63, 'DRAFT', 'REVIEW', 10, '2026-03-06 18:04:11', NULL, 0x33323332323335383738, 'Mozilla/5.0 (Windows NT 10.0; Win64; x64) AppleWebKit/537.36 (KHTML, like Gecko) Chrome/145.0.0.0 Safari/537.36'),
(119, 64, 'DRAFT', 'REVIEW', 10, '2026-03-06 18:04:16', NULL, 0x33323332323335383738, 'Mozilla/5.0 (Windows NT 10.0; Win64; x64) AppleWebKit/537.36 (KHTML, like Gecko) Chrome/145.0.0.0 Safari/537.36'),
(120, 65, 'DRAFT', 'REVIEW', 10, '2026-03-06 18:04:21', NULL, 0x33323332323335383738, 'Mozilla/5.0 (Windows NT 10.0; Win64; x64) AppleWebKit/537.36 (KHTML, like Gecko) Chrome/145.0.0.0 Safari/537.36'),
(121, 66, 'DRAFT', 'REVIEW', 10, '2026-03-06 18:04:26', NULL, 0x33323332323335383738, 'Mozilla/5.0 (Windows NT 10.0; Win64; x64) AppleWebKit/537.36 (KHTML, like Gecko) Chrome/145.0.0.0 Safari/537.36'),
(122, 56, 'REVIEW', 'APPROVED', 10, '2026-03-06 18:05:02', NULL, 0x33323332323335383738, 'Mozilla/5.0 (Windows NT 10.0; Win64; x64) AppleWebKit/537.36 (KHTML, like Gecko) Chrome/145.0.0.0 Safari/537.36'),
(123, 57, 'REVIEW', 'APPROVED', 10, '2026-03-06 18:05:02', NULL, 0x33323332323335383738, 'Mozilla/5.0 (Windows NT 10.0; Win64; x64) AppleWebKit/537.36 (KHTML, like Gecko) Chrome/145.0.0.0 Safari/537.36'),
(124, 58, 'REVIEW', 'APPROVED', 10, '2026-03-06 18:05:02', NULL, 0x33323332323335383738, 'Mozilla/5.0 (Windows NT 10.0; Win64; x64) AppleWebKit/537.36 (KHTML, like Gecko) Chrome/145.0.0.0 Safari/537.36'),
(125, 59, 'REVIEW', 'APPROVED', 10, '2026-03-06 18:05:02', NULL, 0x33323332323335383738, 'Mozilla/5.0 (Windows NT 10.0; Win64; x64) AppleWebKit/537.36 (KHTML, like Gecko) Chrome/145.0.0.0 Safari/537.36'),
(126, 60, 'REVIEW', 'APPROVED', 10, '2026-03-06 18:05:02', NULL, 0x33323332323335383738, 'Mozilla/5.0 (Windows NT 10.0; Win64; x64) AppleWebKit/537.36 (KHTML, like Gecko) Chrome/145.0.0.0 Safari/537.36'),
(127, 61, 'REVIEW', 'APPROVED', 10, '2026-03-06 18:05:02', NULL, 0x33323332323335383738, 'Mozilla/5.0 (Windows NT 10.0; Win64; x64) AppleWebKit/537.36 (KHTML, like Gecko) Chrome/145.0.0.0 Safari/537.36'),
(128, 62, 'REVIEW', 'APPROVED', 10, '2026-03-06 18:05:02', NULL, 0x33323332323335383738, 'Mozilla/5.0 (Windows NT 10.0; Win64; x64) AppleWebKit/537.36 (KHTML, like Gecko) Chrome/145.0.0.0 Safari/537.36'),
(129, 63, 'REVIEW', 'APPROVED', 10, '2026-03-06 18:05:02', NULL, 0x33323332323335383738, 'Mozilla/5.0 (Windows NT 10.0; Win64; x64) AppleWebKit/537.36 (KHTML, like Gecko) Chrome/145.0.0.0 Safari/537.36'),
(130, 64, 'REVIEW', 'APPROVED', 10, '2026-03-06 18:05:02', NULL, 0x33323332323335383738, 'Mozilla/5.0 (Windows NT 10.0; Win64; x64) AppleWebKit/537.36 (KHTML, like Gecko) Chrome/145.0.0.0 Safari/537.36'),
(131, 65, 'REVIEW', 'APPROVED', 10, '2026-03-06 18:05:02', NULL, 0x33323332323335383738, 'Mozilla/5.0 (Windows NT 10.0; Win64; x64) AppleWebKit/537.36 (KHTML, like Gecko) Chrome/145.0.0.0 Safari/537.36'),
(132, 66, 'REVIEW', 'APPROVED', 10, '2026-03-06 18:05:02', NULL, 0x33323332323335383738, 'Mozilla/5.0 (Windows NT 10.0; Win64; x64) AppleWebKit/537.36 (KHTML, like Gecko) Chrome/145.0.0.0 Safari/537.36'),
(133, 67, 'DRAFT', 'REVIEW', 10, '2026-03-06 18:31:57', NULL, 0x33323332323335383738, 'Mozilla/5.0 (Windows NT 10.0; Win64; x64) AppleWebKit/537.36 (KHTML, like Gecko) Chrome/145.0.0.0 Safari/537.36'),
(134, 68, 'DRAFT', 'REVIEW', 10, '2026-03-06 18:31:57', NULL, 0x33323332323335383738, 'Mozilla/5.0 (Windows NT 10.0; Win64; x64) AppleWebKit/537.36 (KHTML, like Gecko) Chrome/145.0.0.0 Safari/537.36'),
(135, 69, 'DRAFT', 'REVIEW', 10, '2026-03-06 18:31:57', NULL, 0x33323332323335383738, 'Mozilla/5.0 (Windows NT 10.0; Win64; x64) AppleWebKit/537.36 (KHTML, like Gecko) Chrome/145.0.0.0 Safari/537.36'),
(136, 70, 'DRAFT', 'REVIEW', 10, '2026-03-06 18:31:57', NULL, 0x33323332323335383738, 'Mozilla/5.0 (Windows NT 10.0; Win64; x64) AppleWebKit/537.36 (KHTML, like Gecko) Chrome/145.0.0.0 Safari/537.36'),
(137, 71, 'DRAFT', 'REVIEW', 10, '2026-03-06 18:31:57', NULL, 0x33323332323335383738, 'Mozilla/5.0 (Windows NT 10.0; Win64; x64) AppleWebKit/537.36 (KHTML, like Gecko) Chrome/145.0.0.0 Safari/537.36'),
(138, 72, 'DRAFT', 'REVIEW', 10, '2026-03-06 18:31:57', NULL, 0x33323332323335383738, 'Mozilla/5.0 (Windows NT 10.0; Win64; x64) AppleWebKit/537.36 (KHTML, like Gecko) Chrome/145.0.0.0 Safari/537.36'),
(139, 73, 'DRAFT', 'REVIEW', 10, '2026-03-06 18:31:57', NULL, 0x33323332323335383738, 'Mozilla/5.0 (Windows NT 10.0; Win64; x64) AppleWebKit/537.36 (KHTML, like Gecko) Chrome/145.0.0.0 Safari/537.36'),
(140, 74, 'DRAFT', 'REVIEW', 10, '2026-03-06 18:31:57', NULL, 0x33323332323335383738, 'Mozilla/5.0 (Windows NT 10.0; Win64; x64) AppleWebKit/537.36 (KHTML, like Gecko) Chrome/145.0.0.0 Safari/537.36'),
(141, 75, 'DRAFT', 'REVIEW', 10, '2026-03-06 18:31:57', NULL, 0x33323332323335383738, 'Mozilla/5.0 (Windows NT 10.0; Win64; x64) AppleWebKit/537.36 (KHTML, like Gecko) Chrome/145.0.0.0 Safari/537.36'),
(142, 67, 'REVIEW', 'APPROVED', 10, '2026-03-06 18:32:42', NULL, 0x33323332323335383738, 'Mozilla/5.0 (Windows NT 10.0; Win64; x64) AppleWebKit/537.36 (KHTML, like Gecko) Chrome/145.0.0.0 Safari/537.36'),
(143, 68, 'REVIEW', 'APPROVED', 10, '2026-03-06 18:32:42', NULL, 0x33323332323335383738, 'Mozilla/5.0 (Windows NT 10.0; Win64; x64) AppleWebKit/537.36 (KHTML, like Gecko) Chrome/145.0.0.0 Safari/537.36'),
(144, 69, 'REVIEW', 'APPROVED', 10, '2026-03-06 18:32:42', NULL, 0x33323332323335383738, 'Mozilla/5.0 (Windows NT 10.0; Win64; x64) AppleWebKit/537.36 (KHTML, like Gecko) Chrome/145.0.0.0 Safari/537.36'),
(145, 70, 'REVIEW', 'APPROVED', 10, '2026-03-06 18:32:42', NULL, 0x33323332323335383738, 'Mozilla/5.0 (Windows NT 10.0; Win64; x64) AppleWebKit/537.36 (KHTML, like Gecko) Chrome/145.0.0.0 Safari/537.36'),
(146, 71, 'REVIEW', 'APPROVED', 10, '2026-03-06 18:32:42', NULL, 0x33323332323335383738, 'Mozilla/5.0 (Windows NT 10.0; Win64; x64) AppleWebKit/537.36 (KHTML, like Gecko) Chrome/145.0.0.0 Safari/537.36'),
(147, 72, 'REVIEW', 'APPROVED', 10, '2026-03-06 18:32:42', NULL, 0x33323332323335383738, 'Mozilla/5.0 (Windows NT 10.0; Win64; x64) AppleWebKit/537.36 (KHTML, like Gecko) Chrome/145.0.0.0 Safari/537.36'),
(148, 73, 'REVIEW', 'APPROVED', 10, '2026-03-06 18:32:42', NULL, 0x33323332323335383738, 'Mozilla/5.0 (Windows NT 10.0; Win64; x64) AppleWebKit/537.36 (KHTML, like Gecko) Chrome/145.0.0.0 Safari/537.36'),
(149, 74, 'REVIEW', 'APPROVED', 10, '2026-03-06 18:32:42', NULL, 0x33323332323335383738, 'Mozilla/5.0 (Windows NT 10.0; Win64; x64) AppleWebKit/537.36 (KHTML, like Gecko) Chrome/145.0.0.0 Safari/537.36'),
(150, 75, 'REVIEW', 'APPROVED', 10, '2026-03-06 18:32:42', NULL, 0x33323332323335383738, 'Mozilla/5.0 (Windows NT 10.0; Win64; x64) AppleWebKit/537.36 (KHTML, like Gecko) Chrome/145.0.0.0 Safari/537.36'),
(217, 109, 'DRAFT', 'REVIEW', 10, '2026-03-10 12:57:31', NULL, 0x33323332323335383738, 'Mozilla/5.0 (Windows NT 10.0; Win64; x64) AppleWebKit/537.36 (KHTML, like Gecko) Chrome/145.0.0.0 Safari/537.36'),
(218, 110, 'DRAFT', 'REVIEW', 10, '2026-03-10 12:57:31', NULL, 0x33323332323335383738, 'Mozilla/5.0 (Windows NT 10.0; Win64; x64) AppleWebKit/537.36 (KHTML, like Gecko) Chrome/145.0.0.0 Safari/537.36'),
(219, 111, 'DRAFT', 'REVIEW', 10, '2026-03-10 12:57:31', NULL, 0x33323332323335383738, 'Mozilla/5.0 (Windows NT 10.0; Win64; x64) AppleWebKit/537.36 (KHTML, like Gecko) Chrome/145.0.0.0 Safari/537.36'),
(220, 112, 'DRAFT', 'REVIEW', 10, '2026-03-10 12:57:31', NULL, 0x33323332323335383738, 'Mozilla/5.0 (Windows NT 10.0; Win64; x64) AppleWebKit/537.36 (KHTML, like Gecko) Chrome/145.0.0.0 Safari/537.36'),
(221, 113, 'DRAFT', 'REVIEW', 10, '2026-03-10 12:57:31', NULL, 0x33323332323335383738, 'Mozilla/5.0 (Windows NT 10.0; Win64; x64) AppleWebKit/537.36 (KHTML, like Gecko) Chrome/145.0.0.0 Safari/537.36'),
(222, 114, 'DRAFT', 'REVIEW', 10, '2026-03-10 12:57:31', NULL, 0x33323332323335383738, 'Mozilla/5.0 (Windows NT 10.0; Win64; x64) AppleWebKit/537.36 (KHTML, like Gecko) Chrome/145.0.0.0 Safari/537.36'),
(223, 115, 'DRAFT', 'REVIEW', 10, '2026-03-10 12:57:31', NULL, 0x33323332323335383738, 'Mozilla/5.0 (Windows NT 10.0; Win64; x64) AppleWebKit/537.36 (KHTML, like Gecko) Chrome/145.0.0.0 Safari/537.36'),
(224, 116, 'DRAFT', 'REVIEW', 10, '2026-03-10 12:57:31', NULL, 0x33323332323335383738, 'Mozilla/5.0 (Windows NT 10.0; Win64; x64) AppleWebKit/537.36 (KHTML, like Gecko) Chrome/145.0.0.0 Safari/537.36'),
(225, 117, 'DRAFT', 'REVIEW', 10, '2026-03-10 12:57:31', NULL, 0x33323332323335383738, 'Mozilla/5.0 (Windows NT 10.0; Win64; x64) AppleWebKit/537.36 (KHTML, like Gecko) Chrome/145.0.0.0 Safari/537.36'),
(226, 118, 'DRAFT', 'REVIEW', 10, '2026-03-10 12:57:31', NULL, 0x33323332323335383738, 'Mozilla/5.0 (Windows NT 10.0; Win64; x64) AppleWebKit/537.36 (KHTML, like Gecko) Chrome/145.0.0.0 Safari/537.36'),
(227, 119, 'DRAFT', 'REVIEW', 10, '2026-03-10 12:57:31', NULL, 0x33323332323335383738, 'Mozilla/5.0 (Windows NT 10.0; Win64; x64) AppleWebKit/537.36 (KHTML, like Gecko) Chrome/145.0.0.0 Safari/537.36'),
(228, 120, 'DRAFT', 'REVIEW', 10, '2026-03-10 12:57:31', NULL, 0x33323332323335383738, 'Mozilla/5.0 (Windows NT 10.0; Win64; x64) AppleWebKit/537.36 (KHTML, like Gecko) Chrome/145.0.0.0 Safari/537.36'),
(229, 121, 'DRAFT', 'REVIEW', 10, '2026-03-10 12:57:31', NULL, 0x33323332323335383738, 'Mozilla/5.0 (Windows NT 10.0; Win64; x64) AppleWebKit/537.36 (KHTML, like Gecko) Chrome/145.0.0.0 Safari/537.36'),
(230, 122, 'DRAFT', 'REVIEW', 10, '2026-03-10 12:57:31', NULL, 0x33323332323335383738, 'Mozilla/5.0 (Windows NT 10.0; Win64; x64) AppleWebKit/537.36 (KHTML, like Gecko) Chrome/145.0.0.0 Safari/537.36'),
(231, 109, 'REVIEW', 'APPROVED', 10, '2026-03-10 12:57:51', NULL, 0x33323332323335383738, 'Mozilla/5.0 (Windows NT 10.0; Win64; x64) AppleWebKit/537.36 (KHTML, like Gecko) Chrome/145.0.0.0 Safari/537.36'),
(232, 110, 'REVIEW', 'APPROVED', 10, '2026-03-10 12:57:51', NULL, 0x33323332323335383738, 'Mozilla/5.0 (Windows NT 10.0; Win64; x64) AppleWebKit/537.36 (KHTML, like Gecko) Chrome/145.0.0.0 Safari/537.36'),
(233, 111, 'REVIEW', 'APPROVED', 10, '2026-03-10 12:57:51', NULL, 0x33323332323335383738, 'Mozilla/5.0 (Windows NT 10.0; Win64; x64) AppleWebKit/537.36 (KHTML, like Gecko) Chrome/145.0.0.0 Safari/537.36'),
(234, 112, 'REVIEW', 'APPROVED', 10, '2026-03-10 12:57:51', NULL, 0x33323332323335383738, 'Mozilla/5.0 (Windows NT 10.0; Win64; x64) AppleWebKit/537.36 (KHTML, like Gecko) Chrome/145.0.0.0 Safari/537.36'),
(235, 113, 'REVIEW', 'APPROVED', 10, '2026-03-10 12:57:51', NULL, 0x33323332323335383738, 'Mozilla/5.0 (Windows NT 10.0; Win64; x64) AppleWebKit/537.36 (KHTML, like Gecko) Chrome/145.0.0.0 Safari/537.36'),
(236, 114, 'REVIEW', 'APPROVED', 10, '2026-03-10 12:57:51', NULL, 0x33323332323335383738, 'Mozilla/5.0 (Windows NT 10.0; Win64; x64) AppleWebKit/537.36 (KHTML, like Gecko) Chrome/145.0.0.0 Safari/537.36'),
(237, 115, 'REVIEW', 'APPROVED', 10, '2026-03-10 12:57:51', NULL, 0x33323332323335383738, 'Mozilla/5.0 (Windows NT 10.0; Win64; x64) AppleWebKit/537.36 (KHTML, like Gecko) Chrome/145.0.0.0 Safari/537.36'),
(238, 116, 'REVIEW', 'APPROVED', 10, '2026-03-10 12:57:51', NULL, 0x33323332323335383738, 'Mozilla/5.0 (Windows NT 10.0; Win64; x64) AppleWebKit/537.36 (KHTML, like Gecko) Chrome/145.0.0.0 Safari/537.36'),
(239, 117, 'REVIEW', 'APPROVED', 10, '2026-03-10 12:57:51', NULL, 0x33323332323335383738, 'Mozilla/5.0 (Windows NT 10.0; Win64; x64) AppleWebKit/537.36 (KHTML, like Gecko) Chrome/145.0.0.0 Safari/537.36'),
(240, 118, 'REVIEW', 'APPROVED', 10, '2026-03-10 12:57:51', NULL, 0x33323332323335383738, 'Mozilla/5.0 (Windows NT 10.0; Win64; x64) AppleWebKit/537.36 (KHTML, like Gecko) Chrome/145.0.0.0 Safari/537.36'),
(241, 119, 'REVIEW', 'APPROVED', 10, '2026-03-10 12:57:51', NULL, 0x33323332323335383738, 'Mozilla/5.0 (Windows NT 10.0; Win64; x64) AppleWebKit/537.36 (KHTML, like Gecko) Chrome/145.0.0.0 Safari/537.36'),
(242, 120, 'REVIEW', 'APPROVED', 10, '2026-03-10 12:57:51', NULL, 0x33323332323335383738, 'Mozilla/5.0 (Windows NT 10.0; Win64; x64) AppleWebKit/537.36 (KHTML, like Gecko) Chrome/145.0.0.0 Safari/537.36'),
(243, 121, 'REVIEW', 'APPROVED', 10, '2026-03-10 12:57:51', NULL, 0x33323332323335383738, 'Mozilla/5.0 (Windows NT 10.0; Win64; x64) AppleWebKit/537.36 (KHTML, like Gecko) Chrome/145.0.0.0 Safari/537.36'),
(244, 122, 'REVIEW', 'APPROVED', 10, '2026-03-10 12:57:51', NULL, 0x33323332323335383738, 'Mozilla/5.0 (Windows NT 10.0; Win64; x64) AppleWebKit/537.36 (KHTML, like Gecko) Chrome/145.0.0.0 Safari/537.36'),
(245, 123, 'DRAFT', 'REVIEW', 10, '2026-03-10 17:42:47', NULL, 0x33323332323335383738, 'Mozilla/5.0 (Windows NT 10.0; Win64; x64) AppleWebKit/537.36 (KHTML, like Gecko) Chrome/145.0.0.0 Safari/537.36'),
(246, 124, 'DRAFT', 'REVIEW', 10, '2026-03-10 17:42:47', NULL, 0x33323332323335383738, 'Mozilla/5.0 (Windows NT 10.0; Win64; x64) AppleWebKit/537.36 (KHTML, like Gecko) Chrome/145.0.0.0 Safari/537.36'),
(247, 125, 'DRAFT', 'REVIEW', 10, '2026-03-10 17:42:47', NULL, 0x33323332323335383738, 'Mozilla/5.0 (Windows NT 10.0; Win64; x64) AppleWebKit/537.36 (KHTML, like Gecko) Chrome/145.0.0.0 Safari/537.36'),
(248, 126, 'DRAFT', 'REVIEW', 10, '2026-03-10 17:42:47', NULL, 0x33323332323335383738, 'Mozilla/5.0 (Windows NT 10.0; Win64; x64) AppleWebKit/537.36 (KHTML, like Gecko) Chrome/145.0.0.0 Safari/537.36'),
(249, 127, 'DRAFT', 'REVIEW', 10, '2026-03-10 17:42:47', NULL, 0x33323332323335383738, 'Mozilla/5.0 (Windows NT 10.0; Win64; x64) AppleWebKit/537.36 (KHTML, like Gecko) Chrome/145.0.0.0 Safari/537.36'),
(250, 128, 'DRAFT', 'REVIEW', 10, '2026-03-10 17:42:47', NULL, 0x33323332323335383738, 'Mozilla/5.0 (Windows NT 10.0; Win64; x64) AppleWebKit/537.36 (KHTML, like Gecko) Chrome/145.0.0.0 Safari/537.36'),
(251, 129, 'DRAFT', 'REVIEW', 10, '2026-03-10 17:42:47', NULL, 0x33323332323335383738, 'Mozilla/5.0 (Windows NT 10.0; Win64; x64) AppleWebKit/537.36 (KHTML, like Gecko) Chrome/145.0.0.0 Safari/537.36'),
(252, 123, 'REVIEW', 'APPROVED', 10, '2026-03-10 17:43:10', NULL, 0x33323332323335383738, 'Mozilla/5.0 (Windows NT 10.0; Win64; x64) AppleWebKit/537.36 (KHTML, like Gecko) Chrome/145.0.0.0 Safari/537.36'),
(253, 124, 'REVIEW', 'APPROVED', 10, '2026-03-10 17:43:10', NULL, 0x33323332323335383738, 'Mozilla/5.0 (Windows NT 10.0; Win64; x64) AppleWebKit/537.36 (KHTML, like Gecko) Chrome/145.0.0.0 Safari/537.36'),
(254, 125, 'REVIEW', 'APPROVED', 10, '2026-03-10 17:43:10', NULL, 0x33323332323335383738, 'Mozilla/5.0 (Windows NT 10.0; Win64; x64) AppleWebKit/537.36 (KHTML, like Gecko) Chrome/145.0.0.0 Safari/537.36'),
(255, 126, 'REVIEW', 'APPROVED', 10, '2026-03-10 17:43:10', NULL, 0x33323332323335383738, 'Mozilla/5.0 (Windows NT 10.0; Win64; x64) AppleWebKit/537.36 (KHTML, like Gecko) Chrome/145.0.0.0 Safari/537.36'),
(256, 127, 'REVIEW', 'APPROVED', 10, '2026-03-10 17:43:10', NULL, 0x33323332323335383738, 'Mozilla/5.0 (Windows NT 10.0; Win64; x64) AppleWebKit/537.36 (KHTML, like Gecko) Chrome/145.0.0.0 Safari/537.36'),
(257, 128, 'REVIEW', 'APPROVED', 10, '2026-03-10 17:43:10', NULL, 0x33323332323335383738, 'Mozilla/5.0 (Windows NT 10.0; Win64; x64) AppleWebKit/537.36 (KHTML, like Gecko) Chrome/145.0.0.0 Safari/537.36'),
(258, 129, 'REVIEW', 'APPROVED', 10, '2026-03-10 17:43:10', NULL, 0x33323332323335383738, 'Mozilla/5.0 (Windows NT 10.0; Win64; x64) AppleWebKit/537.36 (KHTML, like Gecko) Chrome/145.0.0.0 Safari/537.36'),
(285, 192, 'DRAFT', 'REVIEW', 10, '2026-03-11 15:41:17', NULL, 0x33323332323335393031, 'Mozilla/5.0 (Windows NT 10.0; Win64; x64) AppleWebKit/537.36 (KHTML, like Gecko) Chrome/146.0.0.0 Safari/537.36'),
(286, 193, 'DRAFT', 'REVIEW', 10, '2026-03-11 15:41:17', NULL, 0x33323332323335393031, 'Mozilla/5.0 (Windows NT 10.0; Win64; x64) AppleWebKit/537.36 (KHTML, like Gecko) Chrome/146.0.0.0 Safari/537.36'),
(287, 194, 'DRAFT', 'REVIEW', 10, '2026-03-11 15:41:17', NULL, 0x33323332323335393031, 'Mozilla/5.0 (Windows NT 10.0; Win64; x64) AppleWebKit/537.36 (KHTML, like Gecko) Chrome/146.0.0.0 Safari/537.36'),
(288, 195, 'DRAFT', 'REVIEW', 10, '2026-03-11 15:41:17', NULL, 0x33323332323335393031, 'Mozilla/5.0 (Windows NT 10.0; Win64; x64) AppleWebKit/537.36 (KHTML, like Gecko) Chrome/146.0.0.0 Safari/537.36'),
(289, 196, 'DRAFT', 'REVIEW', 10, '2026-03-11 15:41:17', NULL, 0x33323332323335393031, 'Mozilla/5.0 (Windows NT 10.0; Win64; x64) AppleWebKit/537.36 (KHTML, like Gecko) Chrome/146.0.0.0 Safari/537.36'),
(290, 197, 'DRAFT', 'REVIEW', 10, '2026-03-11 15:41:17', NULL, 0x33323332323335393031, 'Mozilla/5.0 (Windows NT 10.0; Win64; x64) AppleWebKit/537.36 (KHTML, like Gecko) Chrome/146.0.0.0 Safari/537.36'),
(291, 198, 'DRAFT', 'REVIEW', 10, '2026-03-11 15:41:17', NULL, 0x33323332323335393031, 'Mozilla/5.0 (Windows NT 10.0; Win64; x64) AppleWebKit/537.36 (KHTML, like Gecko) Chrome/146.0.0.0 Safari/537.36'),
(292, 199, 'DRAFT', 'REVIEW', 10, '2026-03-11 15:41:17', NULL, 0x33323332323335393031, 'Mozilla/5.0 (Windows NT 10.0; Win64; x64) AppleWebKit/537.36 (KHTML, like Gecko) Chrome/146.0.0.0 Safari/537.36'),
(293, 200, 'DRAFT', 'REVIEW', 10, '2026-03-11 15:41:17', NULL, 0x33323332323335393031, 'Mozilla/5.0 (Windows NT 10.0; Win64; x64) AppleWebKit/537.36 (KHTML, like Gecko) Chrome/146.0.0.0 Safari/537.36'),
(294, 201, 'DRAFT', 'REVIEW', 10, '2026-03-11 15:41:17', NULL, 0x33323332323335393031, 'Mozilla/5.0 (Windows NT 10.0; Win64; x64) AppleWebKit/537.36 (KHTML, like Gecko) Chrome/146.0.0.0 Safari/537.36'),
(295, 202, 'DRAFT', 'REVIEW', 10, '2026-03-11 15:41:17', NULL, 0x33323332323335393031, 'Mozilla/5.0 (Windows NT 10.0; Win64; x64) AppleWebKit/537.36 (KHTML, like Gecko) Chrome/146.0.0.0 Safari/537.36'),
(296, 192, 'REVIEW', 'APPROVED', 10, '2026-03-11 15:43:41', NULL, 0x33323332323335383738, 'Mozilla/5.0 (Windows NT 10.0; Win64; x64) AppleWebKit/537.36 (KHTML, like Gecko) Chrome/145.0.0.0 Safari/537.36'),
(297, 193, 'REVIEW', 'APPROVED', 10, '2026-03-11 15:43:41', NULL, 0x33323332323335383738, 'Mozilla/5.0 (Windows NT 10.0; Win64; x64) AppleWebKit/537.36 (KHTML, like Gecko) Chrome/145.0.0.0 Safari/537.36'),
(298, 194, 'REVIEW', 'APPROVED', 10, '2026-03-11 15:43:41', NULL, 0x33323332323335383738, 'Mozilla/5.0 (Windows NT 10.0; Win64; x64) AppleWebKit/537.36 (KHTML, like Gecko) Chrome/145.0.0.0 Safari/537.36'),
(299, 195, 'REVIEW', 'APPROVED', 10, '2026-03-11 15:43:41', NULL, 0x33323332323335383738, 'Mozilla/5.0 (Windows NT 10.0; Win64; x64) AppleWebKit/537.36 (KHTML, like Gecko) Chrome/145.0.0.0 Safari/537.36'),
(300, 196, 'REVIEW', 'APPROVED', 10, '2026-03-11 15:43:41', NULL, 0x33323332323335383738, 'Mozilla/5.0 (Windows NT 10.0; Win64; x64) AppleWebKit/537.36 (KHTML, like Gecko) Chrome/145.0.0.0 Safari/537.36'),
(301, 197, 'REVIEW', 'APPROVED', 10, '2026-03-11 15:43:41', NULL, 0x33323332323335383738, 'Mozilla/5.0 (Windows NT 10.0; Win64; x64) AppleWebKit/537.36 (KHTML, like Gecko) Chrome/145.0.0.0 Safari/537.36'),
(302, 198, 'REVIEW', 'APPROVED', 10, '2026-03-11 15:43:41', NULL, 0x33323332323335383738, 'Mozilla/5.0 (Windows NT 10.0; Win64; x64) AppleWebKit/537.36 (KHTML, like Gecko) Chrome/145.0.0.0 Safari/537.36'),
(303, 199, 'REVIEW', 'APPROVED', 10, '2026-03-11 15:43:41', NULL, 0x33323332323335383738, 'Mozilla/5.0 (Windows NT 10.0; Win64; x64) AppleWebKit/537.36 (KHTML, like Gecko) Chrome/145.0.0.0 Safari/537.36'),
(304, 200, 'REVIEW', 'APPROVED', 10, '2026-03-11 15:43:41', NULL, 0x33323332323335383738, 'Mozilla/5.0 (Windows NT 10.0; Win64; x64) AppleWebKit/537.36 (KHTML, like Gecko) Chrome/145.0.0.0 Safari/537.36'),
(305, 201, 'REVIEW', 'APPROVED', 10, '2026-03-11 15:43:41', NULL, 0x33323332323335383738, 'Mozilla/5.0 (Windows NT 10.0; Win64; x64) AppleWebKit/537.36 (KHTML, like Gecko) Chrome/145.0.0.0 Safari/537.36'),
(306, 202, 'REVIEW', 'APPROVED', 10, '2026-03-11 15:43:41', NULL, 0x33323332323335383738, 'Mozilla/5.0 (Windows NT 10.0; Win64; x64) AppleWebKit/537.36 (KHTML, like Gecko) Chrome/145.0.0.0 Safari/537.36');

-- --------------------------------------------------------

--
-- Table structure for table `payroll_year_controls`
--

CREATE TABLE `payroll_year_controls` (
  `payroll_year_control_id` int(11) NOT NULL,
  `year` int(4) NOT NULL,
  `is_closed` tinyint(1) DEFAULT 0,
  `updated_at` timestamp NOT NULL DEFAULT current_timestamp() ON UPDATE current_timestamp()
) ENGINE=InnoDB DEFAULT CHARSET=utf8mb4;

--
-- Dumping data for table `payroll_year_controls`
--

INSERT INTO `payroll_year_controls` (`payroll_year_control_id`, `year`, `is_closed`, `updated_at`) VALUES
(1, 2024, 1, '2025-07-27 08:42:54'),
(3, 2025, 1, '2026-02-23 13:22:49');

-- --------------------------------------------------------

--
-- Table structure for table `permissions_tbl`
--

CREATE TABLE `permissions_tbl` (
  `perm_id` int(11) NOT NULL,
  `perm_desc` varchar(50) NOT NULL
) ENGINE=InnoDB DEFAULT CHARSET=utf8mb4;

--
-- Dumping data for table `permissions_tbl`
--

INSERT INTO `permissions_tbl` (`perm_id`, `perm_desc`) VALUES
(1, 'Manage System'),
(2, 'Update Data');

-- --------------------------------------------------------

--
-- Table structure for table `positions_tbl`
--

CREATE TABLE `positions_tbl` (
  `position_id` int(11) NOT NULL,
  `position_refnum` varchar(20) NOT NULL,
  `position_itemnum` varchar(50) NOT NULL,
  `position_title` varchar(100) NOT NULL,
  `salary_grade` int(2) NOT NULL,
  `position_type` varchar(50) NOT NULL,
  `dept_id` int(11) NOT NULL,
  `position_status` varchar(20) NOT NULL COMMENT '0=vacant,1=filled,2=unfunded'
) ENGINE=InnoDB DEFAULT CHARSET=utf8mb4;

--
-- Dumping data for table `positions_tbl`
--

INSERT INTO `positions_tbl` (`position_id`, `position_refnum`, `position_itemnum`, `position_title`, `salary_grade`, `position_type`, `dept_id`, `position_status`) VALUES
(1, '001', '1011-1', 'Municipal Mayor', 27, '0', 1, '1'),
(2, '002', '1011-2', 'Private Secretary II', 15, '0', 1, '1'),
(3, '003', '1011-3', 'Administrative Aide I', 1, '0', 1, '1'),
(4, '004', '1011-4', 'Administrative Aide I', 1, '0', 1, '1'),
(5, '005', '1011-5', 'Internal Auditor II', 15, '0', 1, '1'),
(6, '006', '1011-6', 'LDRRMO III', 18, '0', 1, '1'),
(7, '007', '1011-7', 'LDRRM Assistant', 8, '0', 1, '1'),
(8, '009', '1011-9', 'LDRRMO II', 15, '0', 1, '1'),
(9, '010', '1011-10', 'Engineer II', 16, '0', 1, '0'),
(10, '011', '1011-11', 'Administrative Aide IV (Bookbinder II)', 4, '0', 1, '1'),
(11, '012', '1011-12', 'Administrative Aide IV (Bookbinder II)', 4, '0', 1, '1'),
(12, '013', '1011-13', 'Administrative Aide IV (Bookbinder II)', 4, '0', 1, '1'),
(13, '014', '1011-14', 'Administrative Aide IV (Driver II)', 4, '0', 1, '1'),
(14, '015', '1011-15', 'Administrative Aide IV (Driver II)', 4, '0', 1, '1'),
(15, '016', '1011-16', 'Licensing Officer I', 11, '0', 1, '0'),
(16, '017', '1011-C1', 'Plantilla Casual', 1, '1', 1, '1'),
(17, '018', '1011-C2', 'Plantilla Casual', 1, '1', 1, '1'),
(18, '008', '1011-8', 'LDRRMO I', 11, '0', 1, '1'),
(19, '019', '1011-C3', 'Plantilla Casual', 1, '1', 1, '1'),
(20, '020', '1011-C4', 'Plantilla Casual', 1, '1', 1, '1'),
(21, '021', '1011-C5', 'Plantilla Casual', 1, '1', 1, '0'),
(22, '022', '1011-C6', 'Plantilla Casual', 1, '1', 1, '0'),
(23, '023', '1011-C7', 'Plantilla Casual', 1, '1', 1, '0'),
(24, '024', '1011-C8', 'Plantilla Casual', 1, '1', 1, '0'),
(25, '025', '1016-1', 'Municipal Vice Mayor', 25, '0', 2, '1'),
(26, '026', '1016-2', 'Administrative Aide IV (Bookbinder II)', 4, '0', 2, '0'),
(27, '027', '1016-3', 'Administrative Aide IV (Bookbinder II)', 4, '0', 2, '0'),
(28, '028', '1016-4', 'Administrative Aide IV (Driver II)', 4, '0', 2, '1'),
(29, '029', '1016-C1', 'Plantilla Casual', 1, '1', 2, '1'),
(30, '030', '1016-C2', 'Plantilla Casual', 1, '1', 2, '1'),
(31, '031', '1021-1', 'SB Member', 24, '0', 3, '1'),
(32, '032', '1021-2', 'SB Member', 24, '0', 3, '1'),
(33, '033', '1021-3', 'SB Member', 24, '0', 3, '1'),
(34, '034', '1021-4', 'SB Member', 24, '0', 3, '1'),
(35, '035', '1021-5', 'SB Member', 24, '0', 3, '1'),
(36, '036', '1021-6', 'SB Member', 24, '0', 3, '1'),
(37, '037', '1021-7', 'SB Member', 24, '0', 3, '1'),
(38, '038', '1021-8', 'SB Member', 24, '0', 3, '1'),
(39, '039', '1021-9', 'SB Member (ABC Fed. President)', 24, '0', 3, '1'),
(40, '040', '1021-10', 'SB Member (SK Fed. President)', 24, '0', 3, '1'),
(41, '041', '1021-11', 'IPMR', 24, '0', 3, '0'),
(42, '042', '1022-1', 'Secretary to the SB', 24, '0', 4, '1'),
(43, '043', '1022-2', 'Administrative Officer I (Records Officer I)', 10, '0', 4, '1'),
(44, '044', '1022-3', 'Administrative Asst. II (Clerk IV)', 8, '0', 4, '1'),
(45, '045', '1022-4', 'Administrative Aide VI (Clerk III)', 6, '0', 4, '1'),
(46, '046', '1022-5', 'Administrative Aide III (Clerk I)', 3, '0', 4, '0'),
(47, '047', '1022-6', 'Local Legislative Officer II', 13, '0', 4, '1'),
(48, '048', '1022-7', 'Administrative Officer III', 14, '0', 4, '1'),
(49, '049', '1091-1', 'Municipal Treasurer', 24, '0', 5, '1'),
(50, '050', '1091-2', 'Asst. Municipal Treasurer', 22, '0', 5, '0'),
(51, '051', '1091-3', 'LRCO II', 15, '0', 5, '1'),
(52, '052', '1091-4', 'LRCO I', 11, '0', 5, '1'),
(53, '053', '1091-5', 'Revenue Collection Clerk III', 9, '0', 5, '1'),
(54, '054', '1091-6', 'Revenue Collection Clerk III', 9, '0', 5, '1'),
(55, '055', '1091-7', 'Revenue Collection Clerk III', 9, '0', 5, '1'),
(56, '056', '1091-8', 'Revenue Collection Clerk III', 9, '0', 5, '1'),
(57, '057', '1091-9', 'Revenue Collection Clerk III', 9, '0', 5, '1'),
(58, '058', '1091-10', 'Administrative Officer III (Cashier II)', 14, '0', 5, '1'),
(59, '059', '1091-11', 'Administrative Assistant II (Clerk IV)', 8, '0', 5, '1'),
(60, '060', '1091-12', 'Administrative Asst. II (Disb. Officer II)', 8, '0', 5, '1'),
(61, '061', '1091-13', 'Computer Programmer I', 11, '0', 5, '1'),
(62, '062', '1101-1', 'Municipal Assessor', 24, '0', 6, '1'),
(63, '063', '1101-2', 'LAOO I', 11, '0', 6, '1'),
(64, '064', '1101-3', 'Assessment Clerk III', 9, '0', 6, '1'),
(65, '065', '1101-4', 'Assessment Clerk II', 6, '0', 6, '2'),
(66, '066', '1101-5', 'Assessment Clerk I', 4, '0', 6, '1'),
(67, '067', '1101-6', 'LAOO II', 15, '0', 6, '0'),
(68, '068', '1101-7', 'Tax Mapper I', 11, '0', 6, '1'),
(69, '069', '1101-C1', 'Plantilla Casual', 1, '1', 6, '0'),
(70, '071', '1081-2', 'Administrative Asst. III (Sernior Bookkeeper)', 9, '0', 7, '1'),
(71, '072', '1081-3', 'Administrative Asst. II (Bookkeeper I)', 8, '0', 7, '1'),
(72, '073', '1081-4', 'Administrative Asst. II (Acct. Clerk III)', 8, '0', 7, '1'),
(73, '074', '1081-5', 'Administrative Aide IV (Acctg. Clerk I)', 4, '0', 7, '1'),
(74, '075', '1081-6', 'Administrative Officer II (Mgt. and Audit Analyst I)', 11, '0', 7, '1'),
(75, '076', '1081-7', 'Administrative Officer IV', 15, '0', 7, '1'),
(76, '077', '1081-C1', 'Plantilla Casual', 1, '1', 7, '0'),
(77, '078', '1081-C2', 'Plantilla Casual', 1, '1', 7, '0'),
(78, '070', '1081-1', 'Municipal Accountant', 24, '0', 7, '1'),
(81, '079', '1071-1', 'Municipal Budget Officer', 24, '0', 8, '1'),
(82, '080', '1071-2', 'Administrative Officer II (Budget Officer I)', 11, '0', 8, '1'),
(84, '081', '1071-3', 'Administrative Asst. II', 8, '0', 8, '1'),
(85, '082', '1071-4', 'Administrative Asst. I (Bookbinder III)', 7, '0', 8, '1'),
(86, '083', '1071-5', 'Administrative Officer IV', 15, '0', 8, '1'),
(87, '084', '1041-1', 'MPDC', 24, '0', 9, '1'),
(88, '085', '1041-2', 'Economic Researcher', 9, '0', 9, '1'),
(89, '086', '1041-3', 'Draftsman II', 8, '0', 9, '1'),
(90, '087', '1041-4', 'Project Dev\'t Officer II', 15, '0', 9, '1'),
(91, '088', '1041-5', 'Environment Mgt. Specialist II', 15, '0', 9, '1'),
(92, '089', '8751-1', 'Municipal Engineer', 24, '0', 10, '1'),
(93, '090', '8751-2', 'Engineer I', 12, '0', 10, '1'),
(94, '091', '8751-3', 'Engineering Aide', 4, '0', 10, '1'),
(95, '092', '8751-4', 'Administrative Aide V (Carpenter II)', 5, '0', 10, '0'),
(96, '093', '8751-5', 'Engineer II', 16, '0', 10, '1'),
(97, '094', '8751-C1', 'Plantilla Casual', 1, '0', 10, '0'),
(98, '095', '4411-1', 'Municipal Health Officer', 24, '0', 11, '1'),
(99, '096', '4411-2', 'Nurse III', 17, '0', 11, '1'),
(100, '097', '4411-3', 'Midwife III', 13, '0', 11, '1'),
(101, '098', '4411-4', 'Midwife III', 13, '0', 11, '1'),
(102, '099', '4411-5', 'Midwife II', 11, '0', 11, '1'),
(103, '100', '4411-6', 'Midwife II', 11, '0', 11, '1'),
(104, '101', '4411-7', 'Midwife II', 11, '0', 11, '1'),
(105, '102', '4411-8', 'Midwife II', 11, '0', 11, '1'),
(106, '103', '4411-9', 'Midwife II', 11, '0', 11, '1'),
(107, '104', '4411-10', 'Midwife II', 11, '0', 11, '1'),
(108, '105', '4411-11', 'Midwife II', 11, '0', 11, '1'),
(109, '106', '4411-12', 'Midwife II', 11, '0', 11, '1'),
(110, '107', '4411-13', 'Midwife II', 11, '0', 11, '2'),
(111, '108', '4411-14', 'Midwife II', 11, '0', 11, '1'),
(112, '109', '4411-15', 'Sanitation Inspector I', 6, '0', 11, '1'),
(113, '110', '4411-16', 'Sanitation Inspector I', 6, '0', 11, '1'),
(114, '111', '4411-17', 'Administrative Aide IV (Clerk II)', 4, '0', 11, '1'),
(115, '112', '4411-18', 'Nurse I', 15, '0', 11, '1'),
(116, '113', '4411-19', 'Midwife I', 6, '0', 11, '2'),
(117, '114', '4411-20', 'Administrative Aide III (Driver I)', 3, '0', 11, '1'),
(118, '115', '4411-21', 'Laboratory Inspector II', 10, '0', 11, '1'),
(119, '116', '4411-22', 'Medical Technologist I', 11, '0', 11, '1'),
(120, '117', '4411-23', 'Nurse II', 16, '0', 11, '1'),
(121, '118', '4411-24', 'Pharmacist I', 11, '0', 11, '1'),
(122, '119', '1051-1', 'Municipal Civil Registrar', 24, '0', 12, '1'),
(123, '120', '1051-2', 'Registration Officer II', 14, '0', 12, '1'),
(124, '121', '1051-3', 'Administrative Aide IV (Clerk II)', 4, '0', 12, '1'),
(125, '122', '1051-4', 'Administrative Assistant II', 8, '0', 12, '1'),
(126, '123', '1031-1', 'Municipal Government Department Head I (Municipal Administrator)', 24, '0', 13, '1'),
(127, '124', '1031-2', 'Administrative Officer II (HRMO I)', 11, '0', 13, '1'),
(128, '125', '1031-3', 'Administrative Assistant II (HRMA I)', 8, '0', 13, '1'),
(129, '126', '1031-4', 'Administrative Aide IV (Clerk II)', 4, '0', 13, '1'),
(130, '127', '1031-5', 'Administrative Officer III (Supply Officer II)', 14, '0', 13, '1'),
(131, '128', '1031-6', 'Administrative Aide IV (Clerk II)', 4, '0', 13, '1'),
(132, '129', '1031-7', 'Administrative Aide VI (Utility Foreman)', 6, '0', 13, '1'),
(133, '130', '1031-8', 'Administrative Aide VI (Utility Foreman)', 6, '0', 13, '1'),
(134, '131', '1031-9', 'Administrative Aide III (Driver I)', 3, '0', 13, '1'),
(135, '132', '1031-10', 'Administrative Aide III (Driver I)', 3, '0', 13, '1'),
(136, '133', '1031-11', 'Administrative Aide VI (Com. Equipt. Operator I)', 6, '0', 13, '2'),
(137, '134', '1031-12', 'Com. Affairs Asst. I', 5, '0', 13, '1'),
(138, '135', '1031-17', 'Administrative Officer IV (HRMO II)', 15, '0', 13, '1'),
(139, '136', '8711-1', 'Municipal Agriculturist', 24, '0', 14, '1'),
(140, '137', '8711-2', 'Agricultural Technologist', 10, '0', 14, '1'),
(141, '138', '8711-3', 'Agricultural Technologist', 10, '0', 14, '1'),
(142, '139', '8711-4', 'Agricultural Technologist', 10, '0', 14, '1'),
(143, '140', '8711-5', 'Agricultural Technologist', 10, '0', 14, '1'),
(144, '141', '8711-6', 'Agricultural Technologist', 10, '0', 14, '0'),
(145, '142', '8711-7', 'Agricultural Technologist', 10, '0', 14, '1'),
(146, '143', '8711-8', 'Administrative Aide III (Utility Worker II)', 3, '0', 14, '1'),
(147, '144', '8711-9', 'Veterinarian I', 13, '0', 14, '2'),
(148, '145', '8711-10', 'Veterinarian II', 16, '0', 14, '0'),
(149, '146', '8711-11', 'Agriculturist II', 15, '0', 14, '1'),
(150, '147', '8711-12', 'Agriculturist II', 15, '0', 14, '1'),
(151, '148', '8711-13', 'Administrative Aide IV (BookBinder II)', 4, '0', 14, '0'),
(152, '149', '7611-1', 'MSWDO', 24, '0', 15, '1'),
(153, '150', '7611-2', 'Social Welfare Officer I', 11, '0', 15, '1'),
(154, '151', '7611-3', 'Youth Development Assistant II', 8, '0', 15, '1'),
(155, '152', '7611-4', 'Youth Development Assistant II', 8, '0', 15, '1'),
(156, '153', '7611-5', 'Day Care Worker I', 6, '0', 15, '1'),
(157, '154', '7611-6', 'Social Welfare Officer II', 15, '0', 15, '1'),
(158, '155', '7611-7', 'Youth Development Officer I', 10, '0', 15, '1'),
(159, '156', '8811-13', 'Market Inspector', 6, '0', 16, '1'),
(160, '157', '8811-14', 'Administrative Aide I (Utility Worker I)', 1, '0', 16, '1'),
(161, '158', '8811-15', 'Administrative Aide VI (Utility Foreman)', 6, '0', 16, '0'),
(162, '159', '8811-16', 'Administrative Aide VI (Utility Foreman)', 6, '0', 16, '1');

-- --------------------------------------------------------

--
-- Table structure for table `remittances`
--

CREATE TABLE `remittances` (
  `remittance_id` int(10) UNSIGNED NOT NULL,
  `remittance_type` varchar(50) COLLATE utf8mb4_unicode_ci NOT NULL,
  `period_start` date NOT NULL,
  `period_end` date NOT NULL,
  `employee_totals` decimal(10,2) NOT NULL,
  `employer_totals` decimal(10,2) NOT NULL,
  `total_amount` decimal(12,2) NOT NULL DEFAULT 0.00,
  `status` enum('Pending','Remitted') COLLATE utf8mb4_unicode_ci NOT NULL DEFAULT 'Pending',
  `or_number` varchar(50) COLLATE utf8mb4_unicode_ci DEFAULT NULL,
  `reference_no` varchar(100) COLLATE utf8mb4_unicode_ci DEFAULT NULL,
  `remarks` text COLLATE utf8mb4_unicode_ci DEFAULT NULL,
  `created_at` timestamp NOT NULL DEFAULT current_timestamp(),
  `updated_at` timestamp NOT NULL DEFAULT current_timestamp() ON UPDATE current_timestamp()
) ENGINE=InnoDB DEFAULT CHARSET=utf8mb4 COLLATE=utf8mb4_unicode_ci;

--
-- Dumping data for table `remittances`
--

INSERT INTO `remittances` (`remittance_id`, `remittance_type`, `period_start`, `period_end`, `employee_totals`, `employer_totals`, `total_amount`, `status`, `or_number`, `reference_no`, `remarks`, `created_at`, `updated_at`) VALUES
(1, 'tax', '2026-03-01', '2026-03-31', '415850.00', '0.00', '415850.00', 'Pending', '', '', NULL, '2026-03-11 00:17:06', '2026-03-11 08:30:29'),
(2, 'gsis', '2026-03-01', '2026-03-31', '391193.19', '521590.92', '912784.11', 'Pending', '', '', NULL, '2026-03-11 00:17:06', '2026-03-11 08:30:30'),
(3, 'gsis_ecc', '2026-03-01', '2026-03-31', '0.00', '12500.00', '12500.00', 'Pending', '', '', NULL, '2026-03-11 00:17:06', '2026-03-11 08:30:30'),
(4, 'philhealth', '2026-03-01', '2026-03-31', '116777.32', '116778.08', '233555.40', 'Pending', '', '', NULL, '2026-03-11 00:17:06', '2026-03-11 08:30:31'),
(5, 'pagibig', '2026-03-01', '2026-03-31', '43998.60', '25000.00', '68998.60', 'Pending', '', '', NULL, '2026-03-11 00:17:06', '2026-03-11 08:30:31'),
(6, 'sss', '2026-03-01', '2026-03-31', '27600.00', '0.00', '27600.00', 'Pending', '', '', NULL, '2026-03-11 00:17:06', '2026-03-11 08:30:32'),
(7, 'loans', '2026-03-01', '2026-03-31', '1137201.55', '0.00', '1137201.55', 'Pending', '', '', NULL, '2026-03-11 00:17:06', '2026-03-11 08:30:32'),
(8, 'others', '2026-03-01', '2026-03-31', '67711.37', '0.00', '67711.37', 'Pending', '', '', NULL, '2026-03-11 00:17:06', '2026-03-11 08:30:32');

-- --------------------------------------------------------

--
-- Table structure for table `remittance_details`
--

CREATE TABLE `remittance_details` (
  `remit_detail_id` int(10) UNSIGNED NOT NULL,
  `remittance_id` int(10) UNSIGNED NOT NULL,
  `employee_id` int(11) NOT NULL,
  `config_deduction_id` int(11) NOT NULL,
  `govshare_id` int(11) NOT NULL,
  `remittance_type` varchar(50) COLLATE utf8mb4_unicode_ci NOT NULL,
  `amount` decimal(12,2) NOT NULL DEFAULT 0.00,
  `govshare_amt` decimal(10,2) NOT NULL
) ENGINE=InnoDB DEFAULT CHARSET=utf8mb4 COLLATE=utf8mb4_unicode_ci;

--
-- Dumping data for table `remittance_details`
--

INSERT INTO `remittance_details` (`remit_detail_id`, `remittance_id`, `employee_id`, `config_deduction_id`, `govshare_id`, `remittance_type`, `amount`, `govshare_amt`) VALUES
(1, 1, 1, 0, 0, 'tax', '0.00', '0.00'),
(2, 1, 117, 0, 0, 'tax', '0.00', '0.00'),
(3, 1, 118, 1, 0, 'tax', '15250.00', '0.00'),
(4, 1, 134, 0, 0, 'tax', '0.00', '0.00'),
(5, 1, 2, 1, 0, 'tax', '1600.00', '0.00'),
(6, 1, 3, 0, 0, 'tax', '0.00', '0.00'),
(7, 1, 4, 1, 0, 'tax', '12950.00', '0.00'),
(8, 1, 100, 0, 0, 'tax', '0.00', '0.00'),
(9, 1, 5, 0, 0, 'tax', '0.00', '0.00'),
(10, 1, 6, 1, 0, 'tax', '13700.00', '0.00'),
(11, 1, 7, 0, 0, 'tax', '0.00', '0.00'),
(12, 1, 101, 0, 0, 'tax', '0.00', '0.00'),
(13, 1, 8, 0, 0, 'tax', '0.00', '0.00'),
(14, 1, 9, 1, 0, 'tax', '1820.00', '0.00'),
(15, 1, 119, 1, 0, 'tax', '15250.00', '0.00'),
(16, 1, 11, 0, 0, 'tax', '0.00', '0.00'),
(17, 1, 10, 1, 0, 'tax', '3420.00', '0.00'),
(18, 1, 120, 1, 0, 'tax', '1650.00', '0.00'),
(19, 1, 12, 1, 0, 'tax', '380.00', '0.00'),
(20, 1, 96, 0, 0, 'tax', '0.00', '0.00'),
(21, 1, 13, 0, 0, 'tax', '0.00', '0.00'),
(22, 1, 14, 0, 0, 'tax', '0.00', '0.00'),
(23, 1, 15, 1, 0, 'tax', '1820.00', '0.00'),
(24, 1, 17, 0, 0, 'tax', '0.00', '0.00'),
(25, 1, 18, 1, 0, 'tax', '2650.00', '0.00'),
(26, 1, 19, 1, 0, 'tax', '1650.00', '0.00'),
(27, 1, 20, 1, 0, 'tax', '12950.00', '0.00'),
(28, 1, 21, 0, 0, 'tax', '0.00', '0.00'),
(29, 1, 102, 0, 0, 'tax', '0.00', '0.00'),
(30, 1, 22, 0, 0, 'tax', '0.00', '0.00'),
(31, 1, 23, 1, 0, 'tax', '1650.00', '0.00'),
(32, 1, 24, 0, 0, 'tax', '0.00', '0.00'),
(33, 1, 25, 1, 0, 'tax', '12950.00', '0.00'),
(34, 1, 26, 0, 0, 'tax', '0.00', '0.00'),
(35, 1, 27, 1, 0, 'tax', '1650.00', '0.00'),
(36, 1, 28, 1, 0, 'tax', '600.00', '0.00'),
(37, 1, 30, 0, 0, 'tax', '0.00', '0.00'),
(38, 1, 29, 1, 0, 'tax', '1300.00', '0.00'),
(39, 1, 31, 1, 0, 'tax', '1650.00', '0.00'),
(40, 1, 32, 1, 0, 'tax', '1650.00', '0.00'),
(41, 1, 33, 1, 0, 'tax', '17800.00', '0.00'),
(42, 1, 121, 1, 0, 'tax', '15250.00', '0.00'),
(43, 1, 35, 0, 0, 'tax', '0.00', '0.00'),
(44, 1, 36, 1, 0, 'tax', '12950.00', '0.00'),
(45, 1, 37, 1, 0, 'tax', '420.00', '0.00'),
(46, 1, 38, 1, 0, 'tax', '4150.00', '0.00'),
(47, 1, 40, 1, 0, 'tax', '500.00', '0.00'),
(48, 1, 39, 0, 0, 'tax', '0.00', '0.00'),
(49, 1, 41, 1, 0, 'tax', '1550.00', '0.00'),
(50, 1, 103, 0, 0, 'tax', '0.00', '0.00'),
(51, 1, 104, 0, 0, 'tax', '0.00', '0.00'),
(52, 1, 42, 0, 0, 'tax', '0.00', '0.00'),
(53, 1, 122, 1, 0, 'tax', '15250.00', '0.00'),
(54, 1, 43, 0, 0, 'tax', '0.00', '0.00'),
(55, 1, 45, 1, 0, 'tax', '2020.00', '0.00'),
(56, 1, 44, 1, 0, 'tax', '1210.00', '0.00'),
(57, 1, 105, 0, 0, 'tax', '0.00', '0.00'),
(58, 1, 123, 1, 0, 'tax', '13200.00', '0.00'),
(59, 1, 106, 0, 0, 'tax', '0.00', '0.00'),
(60, 1, 46, 1, 0, 'tax', '13300.00', '0.00'),
(61, 1, 48, 1, 0, 'tax', '1550.00', '0.00'),
(62, 1, 124, 1, 0, 'tax', '1600.00', '0.00'),
(63, 1, 47, 0, 0, 'tax', '0.00', '0.00'),
(64, 1, 49, 1, 0, 'tax', '1600.00', '0.00'),
(65, 1, 50, 0, 0, 'tax', '0.00', '0.00'),
(66, 1, 107, 0, 0, 'tax', '0.00', '0.00'),
(67, 1, 51, 0, 0, 'tax', '0.00', '0.00'),
(68, 1, 52, 1, 0, 'tax', '2710.00', '0.00'),
(69, 1, 53, 0, 0, 'tax', '0.00', '0.00'),
(70, 1, 54, 1, 0, 'tax', '900.00', '0.00'),
(71, 1, 108, 1, 0, 'tax', '18500.00', '0.00'),
(72, 1, 125, 0, 0, 'tax', '0.00', '0.00'),
(73, 1, 55, 1, 0, 'tax', '15850.00', '0.00'),
(74, 1, 56, 0, 0, 'tax', '0.00', '0.00'),
(75, 1, 97, 1, 0, 'tax', '650.00', '0.00'),
(76, 1, 57, 1, 0, 'tax', '2000.00', '0.00'),
(77, 1, 109, 0, 0, 'tax', '0.00', '0.00'),
(78, 1, 58, 1, 0, 'tax', '1650.00', '0.00'),
(79, 1, 59, 0, 0, 'tax', '0.00', '0.00'),
(80, 1, 60, 1, 0, 'tax', '1650.00', '0.00'),
(81, 1, 61, 1, 0, 'tax', '5050.00', '0.00'),
(82, 1, 62, 1, 0, 'tax', '13900.00', '0.00'),
(83, 1, 98, 0, 0, 'tax', '0.00', '0.00'),
(84, 1, 110, 1, 0, 'tax', '750.00', '0.00'),
(85, 1, 99, 0, 0, 'tax', '0.00', '0.00'),
(86, 1, 63, 1, 0, 'tax', '1250.00', '0.00'),
(87, 1, 64, 1, 0, 'tax', '1600.00', '0.00'),
(88, 1, 65, 0, 0, 'tax', '0.00', '0.00'),
(89, 1, 66, 0, 0, 'tax', '0.00', '0.00'),
(90, 1, 67, 1, 0, 'tax', '380.00', '0.00'),
(91, 1, 68, 0, 0, 'tax', '0.00', '0.00'),
(92, 1, 70, 1, 0, 'tax', '16400.00', '0.00'),
(93, 1, 71, 1, 0, 'tax', '6000.00', '0.00'),
(94, 1, 69, 0, 0, 'tax', '0.00', '0.00'),
(95, 1, 72, 0, 0, 'tax', '0.00', '0.00'),
(96, 1, 73, 1, 0, 'tax', '13550.00', '0.00'),
(97, 1, 126, 1, 0, 'tax', '13200.00', '0.00'),
(98, 1, 74, 1, 0, 'tax', '1600.00', '0.00'),
(99, 1, 77, 1, 0, 'tax', '1650.00', '0.00'),
(100, 1, 78, 0, 0, 'tax', '0.00', '0.00'),
(101, 1, 127, 0, 0, 'tax', '0.00', '0.00'),
(102, 1, 79, 1, 0, 'tax', '1650.00', '0.00'),
(103, 1, 80, 1, 0, 'tax', '1250.00', '0.00'),
(104, 1, 81, 0, 0, 'tax', '0.00', '0.00'),
(105, 1, 82, 1, 0, 'tax', '2650.00', '0.00'),
(106, 1, 83, 1, 0, 'tax', '1600.00', '0.00'),
(107, 1, 128, 0, 0, 'tax', '0.00', '0.00'),
(108, 1, 135, 0, 0, 'tax', '0.00', '0.00'),
(109, 1, 84, 0, 0, 'tax', '0.00', '0.00'),
(110, 1, 129, 1, 0, 'tax', '13200.00', '0.00'),
(111, 1, 85, 1, 0, 'tax', '380.00', '0.00'),
(112, 1, 111, 0, 0, 'tax', '0.00', '0.00'),
(113, 1, 86, 0, 0, 'tax', '0.00', '0.00'),
(114, 1, 112, 0, 0, 'tax', '0.00', '0.00'),
(115, 1, 130, 1, 0, 'tax', '13200.00', '0.00'),
(116, 1, 131, 1, 0, 'tax', '13200.00', '0.00'),
(117, 1, 87, 1, 0, 'tax', '13300.00', '0.00'),
(118, 1, 88, 0, 0, 'tax', '0.00', '0.00'),
(119, 1, 113, 0, 0, 'tax', '0.00', '0.00'),
(120, 1, 114, 0, 0, 'tax', '0.00', '0.00'),
(121, 1, 89, 1, 0, 'tax', '1950.00', '0.00'),
(122, 1, 91, 1, 0, 'tax', '380.00', '0.00'),
(123, 1, 115, 0, 0, 'tax', '0.00', '0.00'),
(124, 1, 116, 0, 0, 'tax', '0.00', '0.00'),
(125, 1, 92, 1, 0, 'tax', '680.00', '0.00'),
(126, 1, 93, 1, 0, 'tax', '380.00', '0.00'),
(127, 1, 94, 1, 0, 'tax', '23900.00', '0.00'),
(128, 1, 95, 0, 0, 'tax', '0.00', '0.00'),
(129, 1, 133, 0, 0, 'tax', '0.00', '0.00'),
(130, 2, 1, 2, 1, 'gsis', '1363.50', '1818.00'),
(131, 2, 117, 2, 1, 'gsis', '1138.95', '1518.60'),
(132, 2, 134, 2, 1, 'gsis', '1363.50', '1818.00'),
(133, 2, 118, 0, 1, 'gsis', '0.00', '0.00'),
(134, 2, 2, 2, 1, 'gsis', '3256.83', '4342.44'),
(135, 2, 3, 2, 1, 'gsis', '1546.92', '2062.56'),
(136, 2, 4, 2, 1, 'gsis', '7953.03', '10604.04'),
(137, 2, 100, 2, 1, 'gsis', '1514.97', '2019.96'),
(138, 2, 5, 2, 1, 'gsis', '1753.02', '2337.36'),
(139, 2, 6, 2, 1, 'gsis', '8203.95', '10938.60'),
(140, 2, 7, 2, 1, 'gsis', '1753.02', '2337.36'),
(141, 2, 101, 2, 1, 'gsis', '2072.43', '2763.24'),
(142, 2, 8, 2, 1, 'gsis', '1737.27', '2316.36'),
(143, 2, 9, 2, 1, 'gsis', '2833.74', '3778.32'),
(144, 2, 119, 0, 1, 'gsis', '0.00', '0.00'),
(145, 2, 10, 2, 1, 'gsis', '4198.41', '5597.88'),
(146, 2, 11, 2, 1, 'gsis', '1373.58', '1831.44'),
(147, 2, 120, 2, 1, 'gsis', '3288.96', '4385.28'),
(148, 2, 12, 2, 1, 'gsis', '2431.98', '3242.64'),
(149, 2, 96, 2, 1, 'gsis', '1363.50', '1818.00'),
(150, 2, 13, 2, 1, 'gsis', '1737.27', '2316.36'),
(151, 2, 14, 2, 1, 'gsis', '1800.99', '2401.32'),
(152, 2, 15, 2, 1, 'gsis', '2833.74', '3778.32'),
(153, 2, 17, 2, 1, 'gsis', '1535.49', '2047.32'),
(154, 2, 18, 2, 1, 'gsis', '3125.97', '4167.96'),
(155, 2, 20, 2, 1, 'gsis', '7953.03', '10604.04'),
(156, 2, 19, 2, 1, 'gsis', '3288.96', '4385.28'),
(157, 2, 21, 2, 1, 'gsis', '1757.34', '2343.12'),
(158, 2, 102, 2, 1, 'gsis', '1363.50', '1818.00'),
(159, 2, 22, 2, 1, 'gsis', '1896.30', '2528.40'),
(160, 2, 23, 2, 1, 'gsis', '3288.96', '4385.28'),
(161, 2, 24, 2, 1, 'gsis', '1800.99', '2401.32'),
(162, 2, 25, 2, 1, 'gsis', '7953.03', '10604.04'),
(163, 2, 26, 2, 1, 'gsis', '1322.64', '1763.52'),
(164, 2, 28, 2, 1, 'gsis', '2431.98', '3242.64'),
(165, 2, 27, 2, 1, 'gsis', '2753.73', '3671.64'),
(166, 2, 30, 2, 1, 'gsis', '1546.92', '2062.56'),
(167, 2, 29, 2, 1, 'gsis', '3057.66', '4076.88'),
(168, 2, 31, 2, 1, 'gsis', '3256.83', '4342.44'),
(169, 2, 32, 2, 1, 'gsis', '3288.96', '4385.28'),
(170, 2, 33, 2, 1, 'gsis', '8077.41', '10769.88'),
(171, 2, 121, 0, 1, 'gsis', '0.00', '0.00'),
(172, 2, 35, 2, 1, 'gsis', '1558.35', '2077.80'),
(173, 2, 36, 2, 1, 'gsis', '7953.03', '10604.04'),
(174, 2, 37, 2, 1, 'gsis', '2454.93', '3273.24'),
(175, 2, 38, 2, 1, 'gsis', '3654.36', '4872.48'),
(176, 2, 40, 2, 1, 'gsis', '2431.98', '3242.64'),
(177, 2, 39, 2, 1, 'gsis', '1881.27', '2508.36'),
(178, 2, 41, 2, 1, 'gsis', '2702.16', '3602.88'),
(179, 2, 103, 2, 1, 'gsis', '2088.99', '2785.32'),
(180, 2, 104, 2, 1, 'gsis', '2072.43', '2763.24'),
(181, 2, 42, 2, 1, 'gsis', '1737.27', '2316.36'),
(182, 2, 122, 0, 1, 'gsis', '0.00', '0.00'),
(183, 2, 43, 2, 1, 'gsis', '1363.50', '1818.00'),
(184, 2, 45, 2, 1, 'gsis', '3528.36', '4704.48'),
(185, 2, 44, 2, 1, 'gsis', '2998.98', '3998.64'),
(186, 2, 105, 2, 1, 'gsis', '2072.43', '2763.24'),
(187, 2, 123, 2, 1, 'gsis', '7953.03', '10604.04'),
(188, 2, 106, 2, 1, 'gsis', '1284.03', '1712.04'),
(189, 2, 46, 2, 1, 'gsis', '8077.41', '10769.88'),
(190, 2, 124, 2, 1, 'gsis', '3256.83', '4342.44'),
(191, 2, 49, 2, 1, 'gsis', '3256.83', '4342.44'),
(192, 2, 47, 2, 1, 'gsis', '1989.18', '2652.24'),
(193, 2, 48, 2, 1, 'gsis', '2702.16', '3602.88'),
(194, 2, 50, 2, 1, 'gsis', '1896.30', '2528.40'),
(195, 2, 107, 2, 1, 'gsis', '1546.92', '2062.56'),
(196, 2, 51, 2, 1, 'gsis', '1363.50', '1818.00'),
(197, 2, 52, 2, 1, 'gsis', '3154.41', '4205.88'),
(198, 2, 53, 2, 1, 'gsis', '1881.27', '2508.36'),
(199, 2, 54, 2, 1, 'gsis', '2788.11', '3717.48'),
(200, 2, 108, 2, 1, 'gsis', '8836.65', '11782.20'),
(201, 2, 125, 2, 1, 'gsis', '1138.95', '1518.60'),
(202, 2, 55, 2, 1, 'gsis', '8863.92', '11818.56'),
(203, 2, 56, 2, 1, 'gsis', '1753.02', '2337.36'),
(204, 2, 57, 2, 1, 'gsis', '3256.83', '4342.44'),
(205, 2, 97, 2, 1, 'gsis', '2611.89', '3482.52'),
(206, 2, 109, 2, 1, 'gsis', '1737.27', '2316.36'),
(207, 2, 58, 2, 1, 'gsis', '2753.73', '3671.64'),
(208, 2, 59, 2, 1, 'gsis', '1896.30', '2528.40'),
(209, 2, 60, 2, 1, 'gsis', '2753.73', '3671.64'),
(210, 2, 61, 2, 1, 'gsis', '3959.64', '5279.52'),
(211, 2, 62, 2, 1, 'gsis', '8203.95', '10938.60'),
(212, 2, 98, 2, 1, 'gsis', '1303.11', '1737.48'),
(213, 2, 110, 2, 1, 'gsis', '2431.98', '3242.64'),
(214, 2, 99, 2, 1, 'gsis', '1737.27', '2316.36'),
(215, 2, 63, 2, 1, 'gsis', '3028.14', '4037.52'),
(216, 2, 64, 2, 1, 'gsis', '3256.83', '4342.44'),
(217, 2, 65, 2, 1, 'gsis', '2072.43', '2763.24'),
(218, 2, 66, 2, 1, 'gsis', '1706.13', '2274.84'),
(219, 2, 67, 2, 1, 'gsis', '2431.98', '3242.64'),
(220, 2, 68, 2, 1, 'gsis', '1881.27', '2508.36'),
(221, 2, 69, 2, 1, 'gsis', '1147.32', '1529.76'),
(222, 2, 71, 2, 1, 'gsis', '4295.43', '5727.24'),
(223, 2, 70, 2, 1, 'gsis', '9049.86', '12066.48'),
(224, 2, 72, 2, 1, 'gsis', '1628.91', '2171.88'),
(225, 2, 73, 2, 1, 'gsis', '8077.41', '10769.88'),
(226, 2, 126, 2, 1, 'gsis', '7953.03', '10604.04'),
(227, 2, 74, 2, 1, 'gsis', '3256.83', '4342.44'),
(228, 2, 77, 2, 1, 'gsis', '2753.73', '3671.64'),
(229, 2, 78, 2, 1, 'gsis', '1363.50', '1818.00'),
(230, 2, 127, 2, 1, 'gsis', '1138.95', '1518.60'),
(231, 2, 79, 2, 1, 'gsis', '2753.73', '3671.64'),
(232, 2, 80, 2, 1, 'gsis', '3028.14', '4037.52'),
(233, 2, 81, 2, 1, 'gsis', '1447.92', '1930.56'),
(234, 2, 82, 2, 1, 'gsis', '3256.83', '4342.44'),
(235, 2, 83, 2, 1, 'gsis', '2727.72', '3636.96'),
(236, 2, 128, 2, 1, 'gsis', '1363.50', '1818.00'),
(237, 2, 84, 2, 1, 'gsis', '1363.50', '1818.00'),
(238, 2, 135, 2, 1, 'gsis', '1138.95', '1518.60'),
(239, 2, 85, 2, 1, 'gsis', '2431.98', '3242.64'),
(240, 2, 129, 2, 1, 'gsis', '7953.03', '10604.04'),
(241, 2, 111, 2, 1, 'gsis', '1138.95', '1518.60'),
(242, 2, 86, 2, 1, 'gsis', '2072.43', '2763.24'),
(243, 2, 112, 2, 1, 'gsis', '1737.27', '2316.36'),
(244, 2, 130, 2, 1, 'gsis', '7953.03', '10604.04'),
(245, 2, 131, 2, 1, 'gsis', '7953.03', '10604.04'),
(246, 2, 87, 2, 1, 'gsis', '8077.41', '10769.88'),
(247, 2, 88, 2, 1, 'gsis', '1363.50', '1818.00'),
(248, 2, 113, 2, 1, 'gsis', '2072.43', '2763.24'),
(249, 2, 114, 2, 1, 'gsis', '1138.95', '1518.60'),
(250, 2, 89, 2, 1, 'gsis', '2888.91', '3851.88'),
(251, 2, 91, 2, 1, 'gsis', '2431.98', '3242.64'),
(252, 2, 115, 2, 1, 'gsis', '1447.11', '1929.48'),
(253, 2, 116, 2, 1, 'gsis', '1138.95', '1518.60'),
(254, 2, 92, 2, 1, 'gsis', '2302.74', '3070.32'),
(255, 2, 93, 2, 1, 'gsis', '2431.98', '3242.64'),
(256, 2, 94, 2, 1, 'gsis', '11555.73', '15407.64'),
(257, 2, 95, 2, 1, 'gsis', '1737.27', '2316.36'),
(258, 2, 133, 2, 1, 'gsis', '1138.95', '1518.60'),
(259, 3, 1, 0, 8, 'gsis_ecc', '0.00', '100.00'),
(260, 3, 117, 0, 8, 'gsis_ecc', '0.00', '100.00'),
(261, 3, 118, 0, 8, 'gsis_ecc', '0.00', '0.00'),
(262, 3, 134, 0, 8, 'gsis_ecc', '0.00', '100.00'),
(263, 3, 2, 0, 8, 'gsis_ecc', '0.00', '100.00'),
(264, 3, 3, 0, 8, 'gsis_ecc', '0.00', '100.00'),
(265, 3, 4, 0, 8, 'gsis_ecc', '0.00', '100.00'),
(266, 3, 100, 0, 8, 'gsis_ecc', '0.00', '100.00'),
(267, 3, 5, 0, 8, 'gsis_ecc', '0.00', '100.00'),
(268, 3, 6, 0, 8, 'gsis_ecc', '0.00', '100.00'),
(269, 3, 7, 0, 8, 'gsis_ecc', '0.00', '100.00'),
(270, 3, 101, 0, 8, 'gsis_ecc', '0.00', '100.00'),
(271, 3, 8, 0, 8, 'gsis_ecc', '0.00', '100.00'),
(272, 3, 9, 0, 8, 'gsis_ecc', '0.00', '100.00'),
(273, 3, 119, 0, 8, 'gsis_ecc', '0.00', '0.00'),
(274, 3, 10, 0, 8, 'gsis_ecc', '0.00', '100.00'),
(275, 3, 11, 0, 8, 'gsis_ecc', '0.00', '100.00'),
(276, 3, 120, 0, 8, 'gsis_ecc', '0.00', '100.00'),
(277, 3, 12, 0, 8, 'gsis_ecc', '0.00', '100.00'),
(278, 3, 96, 0, 8, 'gsis_ecc', '0.00', '100.00'),
(279, 3, 14, 0, 8, 'gsis_ecc', '0.00', '100.00'),
(280, 3, 13, 0, 8, 'gsis_ecc', '0.00', '100.00'),
(281, 3, 15, 0, 8, 'gsis_ecc', '0.00', '100.00'),
(282, 3, 17, 0, 8, 'gsis_ecc', '0.00', '100.00'),
(283, 3, 18, 0, 8, 'gsis_ecc', '0.00', '100.00'),
(284, 3, 19, 0, 8, 'gsis_ecc', '0.00', '100.00'),
(285, 3, 20, 0, 8, 'gsis_ecc', '0.00', '100.00'),
(286, 3, 21, 0, 8, 'gsis_ecc', '0.00', '100.00'),
(287, 3, 102, 0, 8, 'gsis_ecc', '0.00', '100.00'),
(288, 3, 22, 0, 8, 'gsis_ecc', '0.00', '100.00'),
(289, 3, 23, 0, 8, 'gsis_ecc', '0.00', '100.00'),
(290, 3, 24, 0, 8, 'gsis_ecc', '0.00', '100.00'),
(291, 3, 25, 0, 8, 'gsis_ecc', '0.00', '100.00'),
(292, 3, 26, 0, 8, 'gsis_ecc', '0.00', '100.00'),
(293, 3, 28, 0, 8, 'gsis_ecc', '0.00', '100.00'),
(294, 3, 27, 0, 8, 'gsis_ecc', '0.00', '100.00'),
(295, 3, 30, 0, 8, 'gsis_ecc', '0.00', '100.00'),
(296, 3, 29, 0, 8, 'gsis_ecc', '0.00', '100.00'),
(297, 3, 31, 0, 8, 'gsis_ecc', '0.00', '100.00'),
(298, 3, 32, 0, 8, 'gsis_ecc', '0.00', '100.00'),
(299, 3, 33, 0, 8, 'gsis_ecc', '0.00', '100.00'),
(300, 3, 121, 0, 8, 'gsis_ecc', '0.00', '0.00'),
(301, 3, 35, 0, 8, 'gsis_ecc', '0.00', '100.00'),
(302, 3, 36, 0, 8, 'gsis_ecc', '0.00', '100.00'),
(303, 3, 37, 0, 8, 'gsis_ecc', '0.00', '100.00'),
(304, 3, 38, 0, 8, 'gsis_ecc', '0.00', '100.00'),
(305, 3, 40, 0, 8, 'gsis_ecc', '0.00', '100.00'),
(306, 3, 39, 0, 8, 'gsis_ecc', '0.00', '100.00'),
(307, 3, 41, 0, 8, 'gsis_ecc', '0.00', '100.00'),
(308, 3, 103, 0, 8, 'gsis_ecc', '0.00', '100.00'),
(309, 3, 104, 0, 8, 'gsis_ecc', '0.00', '100.00'),
(310, 3, 42, 0, 8, 'gsis_ecc', '0.00', '100.00'),
(311, 3, 122, 0, 8, 'gsis_ecc', '0.00', '0.00'),
(312, 3, 43, 0, 8, 'gsis_ecc', '0.00', '100.00'),
(313, 3, 45, 0, 8, 'gsis_ecc', '0.00', '100.00'),
(314, 3, 44, 0, 8, 'gsis_ecc', '0.00', '100.00'),
(315, 3, 105, 0, 8, 'gsis_ecc', '0.00', '100.00'),
(316, 3, 123, 0, 8, 'gsis_ecc', '0.00', '100.00'),
(317, 3, 106, 0, 8, 'gsis_ecc', '0.00', '100.00'),
(318, 3, 46, 0, 8, 'gsis_ecc', '0.00', '100.00'),
(319, 3, 49, 0, 8, 'gsis_ecc', '0.00', '100.00'),
(320, 3, 48, 0, 8, 'gsis_ecc', '0.00', '100.00'),
(321, 3, 124, 0, 8, 'gsis_ecc', '0.00', '100.00'),
(322, 3, 47, 0, 8, 'gsis_ecc', '0.00', '100.00'),
(323, 3, 50, 0, 8, 'gsis_ecc', '0.00', '100.00'),
(324, 3, 107, 0, 8, 'gsis_ecc', '0.00', '100.00'),
(325, 3, 51, 0, 8, 'gsis_ecc', '0.00', '100.00'),
(326, 3, 52, 0, 8, 'gsis_ecc', '0.00', '100.00'),
(327, 3, 53, 0, 8, 'gsis_ecc', '0.00', '100.00'),
(328, 3, 54, 0, 8, 'gsis_ecc', '0.00', '100.00'),
(329, 3, 108, 0, 8, 'gsis_ecc', '0.00', '100.00'),
(330, 3, 125, 0, 8, 'gsis_ecc', '0.00', '100.00'),
(331, 3, 55, 0, 8, 'gsis_ecc', '0.00', '100.00'),
(332, 3, 56, 0, 8, 'gsis_ecc', '0.00', '100.00'),
(333, 3, 57, 0, 8, 'gsis_ecc', '0.00', '100.00'),
(334, 3, 97, 0, 8, 'gsis_ecc', '0.00', '100.00'),
(335, 3, 109, 0, 8, 'gsis_ecc', '0.00', '100.00'),
(336, 3, 58, 0, 8, 'gsis_ecc', '0.00', '100.00'),
(337, 3, 59, 0, 8, 'gsis_ecc', '0.00', '100.00'),
(338, 3, 60, 0, 8, 'gsis_ecc', '0.00', '100.00'),
(339, 3, 61, 0, 8, 'gsis_ecc', '0.00', '100.00'),
(340, 3, 62, 0, 8, 'gsis_ecc', '0.00', '100.00'),
(341, 3, 98, 0, 8, 'gsis_ecc', '0.00', '100.00'),
(342, 3, 110, 0, 8, 'gsis_ecc', '0.00', '100.00'),
(343, 3, 99, 0, 8, 'gsis_ecc', '0.00', '100.00'),
(344, 3, 63, 0, 8, 'gsis_ecc', '0.00', '100.00'),
(345, 3, 64, 0, 8, 'gsis_ecc', '0.00', '100.00'),
(346, 3, 65, 0, 8, 'gsis_ecc', '0.00', '100.00'),
(347, 3, 66, 0, 8, 'gsis_ecc', '0.00', '100.00'),
(348, 3, 67, 0, 8, 'gsis_ecc', '0.00', '100.00'),
(349, 3, 68, 0, 8, 'gsis_ecc', '0.00', '100.00'),
(350, 3, 70, 0, 8, 'gsis_ecc', '0.00', '100.00'),
(351, 3, 69, 0, 8, 'gsis_ecc', '0.00', '100.00'),
(352, 3, 71, 0, 8, 'gsis_ecc', '0.00', '100.00'),
(353, 3, 72, 0, 8, 'gsis_ecc', '0.00', '100.00'),
(354, 3, 73, 0, 8, 'gsis_ecc', '0.00', '100.00'),
(355, 3, 126, 0, 8, 'gsis_ecc', '0.00', '100.00'),
(356, 3, 74, 0, 8, 'gsis_ecc', '0.00', '100.00'),
(357, 3, 77, 0, 8, 'gsis_ecc', '0.00', '100.00'),
(358, 3, 78, 0, 8, 'gsis_ecc', '0.00', '100.00'),
(359, 3, 127, 0, 8, 'gsis_ecc', '0.00', '100.00'),
(360, 3, 79, 0, 8, 'gsis_ecc', '0.00', '100.00'),
(361, 3, 80, 0, 8, 'gsis_ecc', '0.00', '100.00'),
(362, 3, 81, 0, 8, 'gsis_ecc', '0.00', '100.00'),
(363, 3, 82, 0, 8, 'gsis_ecc', '0.00', '100.00'),
(364, 3, 83, 0, 8, 'gsis_ecc', '0.00', '100.00'),
(365, 3, 128, 0, 8, 'gsis_ecc', '0.00', '100.00'),
(366, 3, 84, 0, 8, 'gsis_ecc', '0.00', '100.00'),
(367, 3, 135, 0, 8, 'gsis_ecc', '0.00', '100.00'),
(368, 3, 129, 0, 8, 'gsis_ecc', '0.00', '100.00'),
(369, 3, 85, 0, 8, 'gsis_ecc', '0.00', '100.00'),
(370, 3, 111, 0, 8, 'gsis_ecc', '0.00', '100.00'),
(371, 3, 86, 0, 8, 'gsis_ecc', '0.00', '100.00'),
(372, 3, 112, 0, 8, 'gsis_ecc', '0.00', '100.00'),
(373, 3, 130, 0, 8, 'gsis_ecc', '0.00', '100.00'),
(374, 3, 131, 0, 8, 'gsis_ecc', '0.00', '100.00'),
(375, 3, 87, 0, 8, 'gsis_ecc', '0.00', '100.00'),
(376, 3, 88, 0, 8, 'gsis_ecc', '0.00', '100.00'),
(377, 3, 113, 0, 8, 'gsis_ecc', '0.00', '100.00'),
(378, 3, 114, 0, 8, 'gsis_ecc', '0.00', '100.00'),
(379, 3, 89, 0, 8, 'gsis_ecc', '0.00', '100.00'),
(380, 3, 91, 0, 8, 'gsis_ecc', '0.00', '100.00'),
(381, 3, 115, 0, 8, 'gsis_ecc', '0.00', '100.00'),
(382, 3, 116, 0, 8, 'gsis_ecc', '0.00', '100.00'),
(383, 3, 92, 0, 8, 'gsis_ecc', '0.00', '100.00'),
(384, 3, 93, 0, 8, 'gsis_ecc', '0.00', '100.00'),
(385, 3, 94, 0, 8, 'gsis_ecc', '0.00', '100.00'),
(386, 3, 95, 0, 8, 'gsis_ecc', '0.00', '100.00'),
(387, 3, 133, 0, 8, 'gsis_ecc', '0.00', '100.00'),
(388, 4, 1, 21, 7, 'philhealth', '378.75', '378.75'),
(389, 4, 117, 21, 7, 'philhealth', '316.37', '316.38'),
(390, 4, 118, 21, 7, 'philhealth', '2209.17', '2209.18'),
(391, 4, 134, 21, 7, 'philhealth', '378.75', '378.75'),
(392, 4, 2, 21, 7, 'philhealth', '904.67', '904.68'),
(393, 4, 3, 21, 7, 'philhealth', '429.70', '429.70'),
(394, 4, 4, 21, 7, 'philhealth', '2209.17', '2209.18'),
(395, 4, 100, 21, 7, 'philhealth', '420.82', '420.83'),
(396, 4, 5, 21, 7, 'philhealth', '486.95', '486.95'),
(397, 4, 6, 21, 7, 'philhealth', '2278.87', '2278.88'),
(398, 4, 7, 21, 7, 'philhealth', '486.95', '486.95'),
(399, 4, 101, 21, 7, 'philhealth', '575.67', '575.68'),
(400, 4, 8, 21, 7, 'philhealth', '482.57', '482.58'),
(401, 4, 9, 21, 7, 'philhealth', '787.15', '787.15'),
(402, 4, 119, 21, 7, 'philhealth', '2209.17', '2209.18'),
(403, 4, 10, 21, 7, 'philhealth', '1166.22', '1166.23'),
(404, 4, 11, 21, 7, 'philhealth', '381.55', '381.55'),
(405, 4, 120, 21, 7, 'philhealth', '913.60', '913.60'),
(406, 4, 12, 21, 7, 'philhealth', '675.55', '675.55'),
(407, 4, 96, 21, 7, 'philhealth', '378.75', '378.75'),
(408, 4, 14, 21, 7, 'philhealth', '500.27', '500.28'),
(409, 4, 13, 21, 7, 'philhealth', '482.57', '482.58'),
(410, 4, 15, 21, 7, 'philhealth', '787.15', '787.15'),
(411, 4, 17, 21, 7, 'philhealth', '426.52', '426.53'),
(412, 4, 18, 21, 7, 'philhealth', '868.32', '868.33'),
(413, 4, 19, 21, 7, 'philhealth', '913.60', '913.60'),
(414, 4, 20, 21, 7, 'philhealth', '2209.17', '2209.18'),
(415, 4, 21, 21, 7, 'philhealth', '488.15', '488.15'),
(416, 4, 102, 21, 7, 'philhealth', '378.75', '378.75'),
(417, 4, 22, 21, 7, 'philhealth', '526.75', '526.75'),
(418, 4, 23, 21, 7, 'philhealth', '913.60', '913.60'),
(419, 4, 24, 21, 7, 'philhealth', '500.27', '500.28'),
(420, 4, 25, 21, 7, 'philhealth', '2209.17', '2209.18'),
(421, 4, 26, 21, 7, 'philhealth', '367.40', '367.40'),
(422, 4, 28, 21, 7, 'philhealth', '675.55', '675.55'),
(423, 4, 27, 21, 7, 'philhealth', '764.92', '764.93'),
(424, 4, 29, 21, 7, 'philhealth', '849.35', '849.35'),
(425, 4, 30, 21, 7, 'philhealth', '429.70', '429.70'),
(426, 4, 31, 21, 7, 'philhealth', '904.67', '904.68'),
(427, 4, 32, 21, 7, 'philhealth', '913.60', '913.60'),
(428, 4, 33, 21, 7, 'philhealth', '2243.72', '2243.73'),
(429, 4, 121, 21, 7, 'philhealth', '2209.17', '2209.18'),
(430, 4, 35, 21, 7, 'philhealth', '432.87', '432.88'),
(431, 4, 36, 21, 7, 'philhealth', '2209.17', '2209.18'),
(432, 4, 37, 21, 7, 'philhealth', '681.92', '681.93'),
(433, 4, 38, 21, 7, 'philhealth', '1015.10', '1015.10'),
(434, 4, 39, 21, 7, 'philhealth', '522.57', '522.58'),
(435, 4, 40, 21, 7, 'philhealth', '675.55', '675.55'),
(436, 4, 41, 21, 7, 'philhealth', '750.60', '750.60'),
(437, 4, 104, 21, 7, 'philhealth', '575.67', '575.68'),
(438, 4, 103, 21, 7, 'philhealth', '580.27', '580.28'),
(439, 4, 42, 21, 7, 'philhealth', '482.57', '482.58'),
(440, 4, 122, 21, 7, 'philhealth', '2209.17', '2209.18'),
(441, 4, 43, 21, 7, 'philhealth', '378.75', '378.75'),
(442, 4, 45, 21, 7, 'philhealth', '980.10', '980.10'),
(443, 4, 44, 21, 7, 'philhealth', '833.05', '833.05'),
(444, 4, 105, 21, 7, 'philhealth', '575.67', '575.68'),
(445, 4, 123, 21, 7, 'philhealth', '2209.17', '2209.18'),
(446, 4, 106, 21, 7, 'philhealth', '356.67', '356.68'),
(447, 4, 46, 21, 7, 'philhealth', '2243.72', '2243.73'),
(448, 4, 47, 21, 7, 'philhealth', '552.55', '552.55'),
(449, 4, 49, 21, 7, 'philhealth', '904.67', '904.68'),
(450, 4, 124, 21, 7, 'philhealth', '904.67', '904.68'),
(451, 4, 48, 21, 7, 'philhealth', '750.60', '750.60'),
(452, 4, 50, 21, 7, 'philhealth', '526.75', '526.75'),
(453, 4, 107, 21, 7, 'philhealth', '429.70', '429.70'),
(454, 4, 51, 21, 7, 'philhealth', '378.75', '378.75'),
(455, 4, 52, 21, 7, 'philhealth', '876.22', '876.23'),
(456, 4, 53, 21, 7, 'philhealth', '522.57', '522.58'),
(457, 4, 54, 21, 7, 'philhealth', '774.47', '774.48'),
(458, 4, 108, 21, 7, 'philhealth', '2454.62', '2454.63'),
(459, 4, 125, 21, 7, 'philhealth', '316.37', '316.38'),
(460, 4, 55, 21, 7, 'philhealth', '2462.20', '2462.20'),
(461, 4, 56, 21, 7, 'philhealth', '486.95', '486.95'),
(462, 4, 57, 21, 7, 'philhealth', '904.67', '904.68'),
(463, 4, 97, 21, 7, 'philhealth', '725.52', '725.53'),
(464, 4, 109, 21, 7, 'philhealth', '482.57', '482.58'),
(465, 4, 58, 21, 7, 'philhealth', '764.92', '764.93'),
(466, 4, 59, 21, 7, 'philhealth', '526.75', '526.75'),
(467, 4, 60, 21, 7, 'philhealth', '764.92', '764.93'),
(468, 4, 61, 21, 7, 'philhealth', '1099.90', '1099.90'),
(469, 4, 62, 21, 7, 'philhealth', '2278.87', '2278.88'),
(470, 4, 98, 21, 7, 'philhealth', '361.97', '361.98'),
(471, 4, 110, 21, 7, 'philhealth', '675.55', '675.55'),
(472, 4, 99, 21, 7, 'philhealth', '482.57', '482.58'),
(473, 4, 63, 21, 7, 'philhealth', '841.15', '841.15'),
(474, 4, 64, 21, 7, 'philhealth', '904.67', '904.68'),
(475, 4, 65, 21, 7, 'philhealth', '575.67', '575.68'),
(476, 4, 66, 21, 7, 'philhealth', '473.92', '473.93'),
(477, 4, 67, 21, 7, 'philhealth', '675.55', '675.55'),
(478, 4, 68, 21, 7, 'philhealth', '522.57', '522.58'),
(479, 4, 71, 21, 7, 'philhealth', '1193.17', '1193.18'),
(480, 4, 69, 21, 7, 'philhealth', '318.70', '318.70'),
(481, 4, 70, 21, 7, 'philhealth', '2500.00', '2500.00'),
(482, 4, 72, 21, 7, 'philhealth', '452.47', '452.48'),
(483, 4, 73, 21, 7, 'philhealth', '2243.72', '2243.73'),
(484, 4, 126, 21, 7, 'philhealth', '2209.17', '2209.18'),
(485, 4, 74, 21, 7, 'philhealth', '904.67', '904.68'),
(486, 4, 77, 21, 7, 'philhealth', '764.92', '764.93'),
(487, 4, 78, 21, 7, 'philhealth', '378.75', '378.75'),
(488, 4, 127, 21, 7, 'philhealth', '316.37', '316.38'),
(489, 4, 79, 21, 7, 'philhealth', '764.92', '764.93'),
(490, 4, 80, 21, 7, 'philhealth', '841.15', '841.15'),
(491, 4, 81, 21, 7, 'philhealth', '402.20', '402.20'),
(492, 4, 82, 21, 7, 'philhealth', '904.67', '904.68'),
(493, 4, 83, 21, 7, 'philhealth', '757.70', '757.70'),
(494, 4, 128, 21, 7, 'philhealth', '378.75', '378.75'),
(495, 4, 135, 21, 7, 'philhealth', '316.37', '316.38'),
(496, 4, 84, 21, 7, 'philhealth', '378.75', '378.75'),
(497, 4, 85, 21, 7, 'philhealth', '675.55', '675.55'),
(498, 4, 129, 21, 7, 'philhealth', '2209.17', '2209.18'),
(499, 4, 111, 21, 7, 'philhealth', '316.37', '316.38'),
(500, 4, 86, 21, 7, 'philhealth', '575.67', '575.68'),
(501, 4, 112, 21, 7, 'philhealth', '482.57', '482.58'),
(502, 4, 130, 21, 7, 'philhealth', '2209.17', '2209.18'),
(503, 4, 131, 21, 7, 'philhealth', '2209.17', '2209.18'),
(504, 4, 87, 21, 7, 'philhealth', '2243.72', '2243.73'),
(505, 4, 88, 21, 7, 'philhealth', '378.75', '378.75'),
(506, 4, 113, 21, 7, 'philhealth', '575.67', '575.68'),
(507, 4, 114, 21, 7, 'philhealth', '316.37', '316.38'),
(508, 4, 89, 21, 7, 'philhealth', '802.47', '802.48'),
(509, 4, 91, 21, 7, 'philhealth', '675.55', '675.55'),
(510, 4, 115, 21, 7, 'philhealth', '401.97', '401.98'),
(511, 4, 116, 21, 7, 'philhealth', '316.37', '316.38'),
(512, 4, 92, 21, 7, 'philhealth', '639.65', '639.65'),
(513, 4, 93, 21, 7, 'philhealth', '675.55', '675.55'),
(514, 4, 94, 21, 7, 'philhealth', '2500.00', '2500.00'),
(515, 4, 95, 21, 7, 'philhealth', '482.57', '482.58'),
(516, 4, 133, 21, 7, 'philhealth', '316.37', '316.38'),
(517, 5, 1, 4, 5, 'pagibig', '300.00', '200.00'),
(518, 5, 117, 4, 5, 'pagibig', '253.10', '200.00'),
(519, 5, 134, 4, 5, 'pagibig', '300.00', '200.00'),
(520, 5, 118, 0, 5, 'pagibig', '0.00', '0.00'),
(521, 5, 2, 4, 5, 'pagibig', '300.00', '200.00'),
(522, 5, 3, 4, 5, 'pagibig', '300.00', '200.00'),
(523, 5, 4, 4, 5, 'pagibig', '1000.00', '200.00'),
(524, 5, 100, 4, 5, 'pagibig', '300.00', '200.00'),
(525, 5, 5, 4, 5, 'pagibig', '300.00', '200.00'),
(526, 5, 6, 4, 5, 'pagibig', '1450.00', '200.00'),
(527, 5, 7, 4, 5, 'pagibig', '300.00', '200.00'),
(528, 5, 101, 4, 5, 'pagibig', '300.00', '200.00'),
(529, 5, 8, 4, 5, 'pagibig', '300.00', '200.00'),
(530, 5, 9, 4, 5, 'pagibig', '300.00', '200.00'),
(531, 5, 119, 0, 5, 'pagibig', '0.00', '0.00'),
(532, 5, 10, 4, 5, 'pagibig', '300.00', '200.00'),
(533, 5, 11, 4, 5, 'pagibig', '300.00', '200.00'),
(534, 5, 120, 4, 5, 'pagibig', '300.00', '200.00'),
(535, 5, 12, 4, 5, 'pagibig', '300.00', '200.00'),
(536, 5, 96, 4, 5, 'pagibig', '300.00', '200.00'),
(537, 5, 13, 4, 5, 'pagibig', '300.00', '200.00'),
(538, 5, 14, 4, 5, 'pagibig', '300.00', '200.00'),
(539, 5, 15, 4, 5, 'pagibig', '300.00', '200.00'),
(540, 5, 17, 4, 5, 'pagibig', '300.00', '200.00'),
(541, 5, 18, 4, 5, 'pagibig', '300.00', '200.00'),
(542, 5, 20, 4, 5, 'pagibig', '300.00', '200.00'),
(543, 5, 19, 4, 5, 'pagibig', '800.00', '200.00'),
(544, 5, 102, 4, 5, 'pagibig', '300.00', '200.00'),
(545, 5, 21, 4, 5, 'pagibig', '300.00', '200.00'),
(546, 5, 22, 4, 5, 'pagibig', '300.00', '200.00'),
(547, 5, 23, 4, 5, 'pagibig', '300.00', '200.00'),
(548, 5, 24, 4, 5, 'pagibig', '900.00', '200.00'),
(549, 5, 25, 4, 5, 'pagibig', '500.00', '200.00'),
(550, 5, 26, 4, 5, 'pagibig', '293.92', '200.00'),
(551, 5, 28, 4, 5, 'pagibig', '300.00', '200.00'),
(552, 5, 27, 4, 5, 'pagibig', '300.00', '200.00'),
(553, 5, 30, 4, 5, 'pagibig', '300.00', '200.00'),
(554, 5, 29, 4, 5, 'pagibig', '1300.00', '200.00'),
(555, 5, 31, 4, 5, 'pagibig', '300.00', '200.00'),
(556, 5, 32, 4, 5, 'pagibig', '300.00', '200.00'),
(557, 5, 33, 4, 5, 'pagibig', '300.00', '200.00'),
(558, 5, 121, 0, 5, 'pagibig', '0.00', '0.00'),
(559, 5, 35, 4, 5, 'pagibig', '300.00', '200.00'),
(560, 5, 36, 4, 5, 'pagibig', '300.00', '200.00'),
(561, 5, 37, 4, 5, 'pagibig', '500.00', '200.00'),
(562, 5, 38, 4, 5, 'pagibig', '300.00', '200.00'),
(563, 5, 40, 4, 5, 'pagibig', '500.00', '200.00'),
(564, 5, 39, 4, 5, 'pagibig', '800.00', '200.00'),
(565, 5, 41, 4, 5, 'pagibig', '300.00', '200.00'),
(566, 5, 103, 4, 5, 'pagibig', '300.00', '200.00'),
(567, 5, 104, 4, 5, 'pagibig', '300.00', '200.00'),
(568, 5, 42, 4, 5, 'pagibig', '300.00', '200.00'),
(569, 5, 122, 0, 5, 'pagibig', '0.00', '0.00'),
(570, 5, 43, 4, 5, 'pagibig', '300.00', '200.00'),
(571, 5, 44, 4, 5, 'pagibig', '1300.00', '200.00'),
(572, 5, 45, 4, 5, 'pagibig', '300.00', '200.00'),
(573, 5, 105, 4, 5, 'pagibig', '300.00', '200.00'),
(574, 5, 123, 4, 5, 'pagibig', '300.00', '200.00'),
(575, 5, 106, 4, 5, 'pagibig', '285.34', '200.00'),
(576, 5, 46, 4, 5, 'pagibig', '300.00', '200.00'),
(577, 5, 124, 4, 5, 'pagibig', '300.00', '200.00'),
(578, 5, 49, 4, 5, 'pagibig', '300.00', '200.00'),
(579, 5, 47, 4, 5, 'pagibig', '300.00', '200.00'),
(580, 5, 48, 4, 5, 'pagibig', '300.00', '200.00'),
(581, 5, 50, 4, 5, 'pagibig', '300.00', '200.00'),
(582, 5, 107, 4, 5, 'pagibig', '300.00', '200.00'),
(583, 5, 51, 4, 5, 'pagibig', '300.00', '200.00'),
(584, 5, 52, 4, 5, 'pagibig', '300.00', '200.00'),
(585, 5, 53, 4, 5, 'pagibig', '300.00', '200.00'),
(586, 5, 54, 4, 5, 'pagibig', '300.00', '200.00'),
(587, 5, 108, 4, 5, 'pagibig', '300.00', '200.00'),
(588, 5, 125, 4, 5, 'pagibig', '253.10', '200.00'),
(589, 5, 55, 4, 5, 'pagibig', '300.00', '200.00'),
(590, 5, 56, 4, 5, 'pagibig', '300.00', '200.00'),
(591, 5, 57, 4, 5, 'pagibig', '300.00', '200.00'),
(592, 5, 97, 4, 5, 'pagibig', '300.00', '200.00'),
(593, 5, 109, 4, 5, 'pagibig', '300.00', '200.00'),
(594, 5, 58, 4, 5, 'pagibig', '300.00', '200.00'),
(595, 5, 59, 4, 5, 'pagibig', '300.00', '200.00'),
(596, 5, 60, 4, 5, 'pagibig', '300.00', '200.00'),
(597, 5, 61, 4, 5, 'pagibig', '300.00', '200.00'),
(598, 5, 62, 4, 5, 'pagibig', '300.00', '200.00'),
(599, 5, 98, 4, 5, 'pagibig', '289.58', '200.00'),
(600, 5, 110, 4, 5, 'pagibig', '300.00', '200.00'),
(601, 5, 99, 4, 5, 'pagibig', '300.00', '200.00'),
(602, 5, 63, 4, 5, 'pagibig', '300.00', '200.00'),
(603, 5, 64, 4, 5, 'pagibig', '300.00', '200.00'),
(604, 5, 65, 4, 5, 'pagibig', '300.00', '200.00'),
(605, 5, 66, 4, 5, 'pagibig', '300.00', '200.00'),
(606, 5, 67, 4, 5, 'pagibig', '500.00', '200.00'),
(607, 5, 68, 4, 5, 'pagibig', '300.00', '200.00'),
(608, 5, 70, 4, 5, 'pagibig', '300.00', '200.00'),
(609, 5, 69, 4, 5, 'pagibig', '254.96', '200.00'),
(610, 5, 71, 4, 5, 'pagibig', '300.00', '200.00'),
(611, 5, 72, 4, 5, 'pagibig', '300.00', '200.00'),
(612, 5, 73, 4, 5, 'pagibig', '300.00', '200.00'),
(613, 5, 126, 4, 5, 'pagibig', '300.00', '200.00'),
(614, 5, 74, 4, 5, 'pagibig', '1000.00', '200.00'),
(615, 5, 77, 4, 5, 'pagibig', '300.00', '200.00'),
(616, 5, 78, 4, 5, 'pagibig', '300.00', '200.00'),
(617, 5, 127, 4, 5, 'pagibig', '253.10', '200.00'),
(618, 5, 79, 4, 5, 'pagibig', '300.00', '200.00'),
(619, 5, 80, 4, 5, 'pagibig', '300.00', '200.00'),
(620, 5, 81, 4, 5, 'pagibig', '300.00', '200.00'),
(621, 5, 82, 4, 5, 'pagibig', '300.00', '200.00'),
(622, 5, 83, 4, 5, 'pagibig', '300.00', '200.00'),
(623, 5, 128, 4, 5, 'pagibig', '300.00', '200.00'),
(624, 5, 84, 4, 5, 'pagibig', '300.00', '200.00'),
(625, 5, 135, 4, 5, 'pagibig', '253.10', '200.00'),
(626, 5, 129, 4, 5, 'pagibig', '300.00', '200.00'),
(627, 5, 85, 4, 5, 'pagibig', '300.00', '200.00'),
(628, 5, 111, 4, 5, 'pagibig', '253.10', '200.00'),
(629, 5, 86, 4, 5, 'pagibig', '300.00', '200.00'),
(630, 5, 112, 4, 5, 'pagibig', '300.00', '200.00'),
(631, 5, 130, 4, 5, 'pagibig', '300.00', '200.00'),
(632, 5, 131, 4, 5, 'pagibig', '300.00', '200.00'),
(633, 5, 87, 4, 5, 'pagibig', '300.00', '200.00'),
(634, 5, 88, 4, 5, 'pagibig', '300.00', '200.00'),
(635, 5, 113, 4, 5, 'pagibig', '300.00', '200.00'),
(636, 5, 114, 4, 5, 'pagibig', '253.10', '200.00'),
(637, 5, 89, 4, 5, 'pagibig', '300.00', '200.00'),
(638, 5, 91, 4, 5, 'pagibig', '300.00', '200.00'),
(639, 5, 115, 4, 5, 'pagibig', '300.00', '200.00'),
(640, 5, 116, 4, 5, 'pagibig', '253.10', '200.00'),
(641, 5, 92, 4, 5, 'pagibig', '300.00', '200.00'),
(642, 5, 93, 4, 5, 'pagibig', '300.00', '200.00'),
(643, 5, 94, 4, 5, 'pagibig', '300.00', '200.00'),
(644, 5, 95, 4, 5, 'pagibig', '300.00', '200.00'),
(645, 5, 133, 4, 5, 'pagibig', '253.10', '200.00'),
(646, 6, 1, 0, 0, 'sss', '0.00', '0.00'),
(647, 6, 117, 0, 0, 'sss', '0.00', '0.00'),
(648, 6, 118, 0, 0, 'sss', '0.00', '0.00'),
(649, 6, 134, 14, 0, 'sss', '750.00', '0.00'),
(650, 6, 2, 0, 0, 'sss', '0.00', '0.00'),
(651, 6, 3, 0, 0, 'sss', '0.00', '0.00'),
(652, 6, 4, 0, 0, 'sss', '0.00', '0.00'),
(653, 6, 100, 0, 0, 'sss', '0.00', '0.00'),
(654, 6, 5, 14, 0, 'sss', '750.00', '0.00'),
(655, 6, 6, 0, 0, 'sss', '0.00', '0.00'),
(656, 6, 7, 14, 0, 'sss', '750.00', '0.00'),
(657, 6, 101, 0, 0, 'sss', '0.00', '0.00'),
(658, 6, 8, 0, 0, 'sss', '0.00', '0.00'),
(659, 6, 9, 0, 0, 'sss', '0.00', '0.00'),
(660, 6, 119, 0, 0, 'sss', '0.00', '0.00'),
(661, 6, 11, 14, 0, 'sss', '750.00', '0.00'),
(662, 6, 10, 0, 0, 'sss', '0.00', '0.00'),
(663, 6, 120, 0, 0, 'sss', '0.00', '0.00'),
(664, 6, 12, 0, 0, 'sss', '0.00', '0.00'),
(665, 6, 96, 0, 0, 'sss', '0.00', '0.00'),
(666, 6, 14, 0, 0, 'sss', '0.00', '0.00'),
(667, 6, 13, 0, 0, 'sss', '0.00', '0.00'),
(668, 6, 15, 0, 0, 'sss', '0.00', '0.00'),
(669, 6, 17, 0, 0, 'sss', '0.00', '0.00'),
(670, 6, 18, 0, 0, 'sss', '0.00', '0.00'),
(671, 6, 19, 14, 0, 'sss', '750.00', '0.00'),
(672, 6, 20, 0, 0, 'sss', '0.00', '0.00'),
(673, 6, 102, 0, 0, 'sss', '0.00', '0.00'),
(674, 6, 21, 0, 0, 'sss', '0.00', '0.00'),
(675, 6, 22, 14, 0, 'sss', '750.00', '0.00'),
(676, 6, 23, 0, 0, 'sss', '0.00', '0.00'),
(677, 6, 24, 0, 0, 'sss', '0.00', '0.00'),
(678, 6, 25, 14, 0, 'sss', '750.00', '0.00'),
(679, 6, 26, 0, 0, 'sss', '0.00', '0.00'),
(680, 6, 27, 0, 0, 'sss', '0.00', '0.00'),
(681, 6, 28, 0, 0, 'sss', '0.00', '0.00'),
(682, 6, 30, 14, 0, 'sss', '750.00', '0.00'),
(683, 6, 29, 14, 0, 'sss', '750.00', '0.00'),
(684, 6, 31, 0, 0, 'sss', '0.00', '0.00'),
(685, 6, 32, 14, 0, 'sss', '750.00', '0.00'),
(686, 6, 33, 0, 0, 'sss', '0.00', '0.00'),
(687, 6, 121, 0, 0, 'sss', '0.00', '0.00'),
(688, 6, 35, 0, 0, 'sss', '0.00', '0.00'),
(689, 6, 36, 0, 0, 'sss', '0.00', '0.00'),
(690, 6, 37, 14, 0, 'sss', '760.00', '0.00'),
(691, 6, 38, 0, 0, 'sss', '0.00', '0.00'),
(692, 6, 40, 14, 0, 'sss', '750.00', '0.00'),
(693, 6, 39, 0, 0, 'sss', '0.00', '0.00'),
(694, 6, 41, 0, 0, 'sss', '0.00', '0.00'),
(695, 6, 104, 0, 0, 'sss', '0.00', '0.00'),
(696, 6, 103, 0, 0, 'sss', '0.00', '0.00'),
(697, 6, 42, 14, 0, 'sss', '750.00', '0.00'),
(698, 6, 122, 0, 0, 'sss', '0.00', '0.00'),
(699, 6, 43, 14, 0, 'sss', '750.00', '0.00'),
(700, 6, 45, 14, 0, 'sss', '750.00', '0.00'),
(701, 6, 44, 0, 0, 'sss', '0.00', '0.00'),
(702, 6, 105, 0, 0, 'sss', '0.00', '0.00'),
(703, 6, 123, 0, 0, 'sss', '0.00', '0.00'),
(704, 6, 106, 0, 0, 'sss', '0.00', '0.00'),
(705, 6, 46, 0, 0, 'sss', '0.00', '0.00'),
(706, 6, 124, 0, 0, 'sss', '0.00', '0.00'),
(707, 6, 47, 0, 0, 'sss', '0.00', '0.00'),
(708, 6, 49, 0, 0, 'sss', '0.00', '0.00'),
(709, 6, 48, 0, 0, 'sss', '0.00', '0.00'),
(710, 6, 50, 0, 0, 'sss', '0.00', '0.00'),
(711, 6, 107, 0, 0, 'sss', '0.00', '0.00'),
(712, 6, 51, 14, 0, 'sss', '750.00', '0.00'),
(713, 6, 52, 0, 0, 'sss', '0.00', '0.00'),
(714, 6, 53, 0, 0, 'sss', '0.00', '0.00'),
(715, 6, 54, 14, 0, 'sss', '2220.00', '0.00'),
(716, 6, 108, 14, 0, 'sss', '2550.00', '0.00'),
(717, 6, 125, 0, 0, 'sss', '0.00', '0.00'),
(718, 6, 55, 0, 0, 'sss', '0.00', '0.00'),
(719, 6, 56, 0, 0, 'sss', '0.00', '0.00'),
(720, 6, 57, 14, 0, 'sss', '1060.00', '0.00'),
(721, 6, 97, 0, 0, 'sss', '0.00', '0.00'),
(722, 6, 109, 0, 0, 'sss', '0.00', '0.00'),
(723, 6, 58, 0, 0, 'sss', '0.00', '0.00'),
(724, 6, 59, 0, 0, 'sss', '0.00', '0.00'),
(725, 6, 60, 0, 0, 'sss', '0.00', '0.00'),
(726, 6, 61, 0, 0, 'sss', '0.00', '0.00'),
(727, 6, 62, 0, 0, 'sss', '0.00', '0.00'),
(728, 6, 98, 0, 0, 'sss', '0.00', '0.00'),
(729, 6, 110, 0, 0, 'sss', '0.00', '0.00'),
(730, 6, 99, 0, 0, 'sss', '0.00', '0.00'),
(731, 6, 63, 0, 0, 'sss', '0.00', '0.00'),
(732, 6, 64, 0, 0, 'sss', '0.00', '0.00'),
(733, 6, 65, 0, 0, 'sss', '0.00', '0.00'),
(734, 6, 66, 0, 0, 'sss', '0.00', '0.00'),
(735, 6, 67, 14, 0, 'sss', '750.00', '0.00'),
(736, 6, 68, 0, 0, 'sss', '0.00', '0.00'),
(737, 6, 70, 0, 0, 'sss', '0.00', '0.00'),
(738, 6, 69, 0, 0, 'sss', '0.00', '0.00'),
(739, 6, 71, 0, 0, 'sss', '0.00', '0.00'),
(740, 6, 72, 0, 0, 'sss', '0.00', '0.00'),
(741, 6, 73, 0, 0, 'sss', '0.00', '0.00'),
(742, 6, 126, 0, 0, 'sss', '0.00', '0.00'),
(743, 6, 74, 14, 0, 'sss', '750.00', '0.00'),
(744, 6, 77, 0, 0, 'sss', '0.00', '0.00'),
(745, 6, 78, 0, 0, 'sss', '0.00', '0.00'),
(746, 6, 127, 0, 0, 'sss', '0.00', '0.00'),
(747, 6, 79, 0, 0, 'sss', '0.00', '0.00'),
(748, 6, 80, 0, 0, 'sss', '0.00', '0.00'),
(749, 6, 81, 0, 0, 'sss', '0.00', '0.00'),
(750, 6, 82, 0, 0, 'sss', '0.00', '0.00'),
(751, 6, 83, 0, 0, 'sss', '0.00', '0.00'),
(752, 6, 128, 0, 0, 'sss', '0.00', '0.00'),
(753, 6, 84, 0, 0, 'sss', '0.00', '0.00'),
(754, 6, 135, 14, 0, 'sss', '750.00', '0.00'),
(755, 6, 129, 0, 0, 'sss', '0.00', '0.00'),
(756, 6, 85, 14, 0, 'sss', '750.00', '0.00'),
(757, 6, 111, 14, 0, 'sss', '750.00', '0.00'),
(758, 6, 86, 0, 0, 'sss', '0.00', '0.00'),
(759, 6, 112, 14, 0, 'sss', '750.00', '0.00'),
(760, 6, 130, 0, 0, 'sss', '0.00', '0.00'),
(761, 6, 131, 0, 0, 'sss', '0.00', '0.00'),
(762, 6, 87, 14, 0, 'sss', '3000.00', '0.00'),
(763, 6, 88, 0, 0, 'sss', '0.00', '0.00'),
(764, 6, 113, 0, 0, 'sss', '0.00', '0.00'),
(765, 6, 114, 14, 0, 'sss', '750.00', '0.00'),
(766, 6, 89, 0, 0, 'sss', '0.00', '0.00'),
(767, 6, 91, 14, 0, 'sss', '750.00', '0.00'),
(768, 6, 115, 0, 0, 'sss', '0.00', '0.00'),
(769, 6, 116, 0, 0, 'sss', '0.00', '0.00'),
(770, 6, 92, 14, 0, 'sss', '760.00', '0.00'),
(771, 6, 93, 0, 0, 'sss', '0.00', '0.00'),
(772, 6, 94, 0, 0, 'sss', '0.00', '0.00'),
(773, 6, 95, 0, 0, 'sss', '0.00', '0.00'),
(774, 6, 133, 0, 0, 'sss', '0.00', '0.00'),
(775, 7, 4, 30, 0, 'CAL_LN', '1591.36', '0.00'),
(776, 7, 14, 30, 0, 'CAL_LN', '639.05', '0.00'),
(777, 7, 20, 30, 0, 'CAL_LN', '4725.92', '0.00'),
(778, 7, 19, 30, 0, 'CAL_LN', '2349.14', '0.00'),
(779, 7, 21, 30, 0, 'CAL_LN', '294.73', '0.00'),
(780, 7, 24, 30, 0, 'CAL_LN', '3150.34', '0.00'),
(781, 7, 54, 30, 0, 'CAL_LN', '777.06', '0.00'),
(782, 7, 55, 30, 0, 'CAL_LN', '1803.38', '0.00'),
(783, 7, 60, 30, 0, 'CAL_LN', '322.81', '0.00'),
(784, 7, 63, 30, 0, 'CAL_LN', '1356.32', '0.00'),
(785, 7, 91, 30, 0, 'CAL_LN', '187.04', '0.00'),
(786, 7, 95, 30, 0, 'CAL_LN', '1195.72', '0.00'),
(787, 7, 2, 26, 0, 'COM_LN', '1966.67', '0.00'),
(788, 7, 3, 26, 0, 'COM_LN', '1966.67', '0.00'),
(789, 7, 6, 26, 0, 'COM_LN', '1966.67', '0.00'),
(790, 7, 9, 26, 0, 'COM_LN', '1966.67', '0.00'),
(791, 7, 120, 26, 0, 'COM_LN', '1966.67', '0.00'),
(792, 7, 12, 26, 0, 'COM_LN', '1966.67', '0.00'),
(793, 7, 96, 26, 0, 'COM_LN', '1966.67', '0.00'),
(794, 7, 14, 26, 0, 'COM_LN', '1966.67', '0.00'),
(795, 7, 13, 26, 0, 'COM_LN', '1966.67', '0.00'),
(796, 7, 18, 26, 0, 'COM_LN', '1966.67', '0.00'),
(797, 7, 102, 26, 0, 'COM_LN', '1966.67', '0.00'),
(798, 7, 23, 26, 0, 'COM_LN', '1966.67', '0.00'),
(799, 7, 27, 26, 0, 'COM_LN', '1966.67', '0.00'),
(800, 7, 28, 26, 0, 'COM_LN', '1966.67', '0.00'),
(801, 7, 29, 26, 0, 'COM_LN', '1966.67', '0.00'),
(802, 7, 37, 26, 0, 'COM_LN', '1966.67', '0.00'),
(803, 7, 41, 26, 0, 'COM_LN', '1966.67', '0.00'),
(804, 7, 42, 26, 0, 'COM_LN', '1966.67', '0.00'),
(805, 7, 106, 26, 0, 'COM_LN', '1966.67', '0.00'),
(806, 7, 47, 26, 0, 'COM_LN', '1966.67', '0.00'),
(807, 7, 107, 26, 0, 'COM_LN', '1966.67', '0.00'),
(808, 7, 52, 26, 0, 'COM_LN', '1966.67', '0.00'),
(809, 7, 53, 26, 0, 'COM_LN', '1966.67', '0.00'),
(810, 7, 55, 26, 0, 'COM_LN', '1966.67', '0.00'),
(811, 7, 60, 26, 0, 'COM_LN', '1966.67', '0.00'),
(812, 7, 61, 26, 0, 'COM_LN', '1966.67', '0.00'),
(813, 7, 98, 26, 0, 'COM_LN', '1966.67', '0.00'),
(814, 7, 63, 26, 0, 'COM_LN', '1966.67', '0.00'),
(815, 7, 64, 26, 0, 'COM_LN', '1966.67', '0.00'),
(816, 7, 69, 26, 0, 'COM_LN', '1966.67', '0.00'),
(817, 7, 74, 26, 0, 'COM_LN', '1966.67', '0.00'),
(818, 7, 77, 26, 0, 'COM_LN', '1966.67', '0.00'),
(819, 7, 78, 26, 0, 'COM_LN', '1966.67', '0.00'),
(820, 7, 79, 26, 0, 'COM_LN', '1966.67', '0.00'),
(821, 7, 80, 26, 0, 'COM_LN', '1966.67', '0.00'),
(822, 7, 81, 26, 0, 'COM_LN', '1966.67', '0.00'),
(823, 7, 83, 26, 0, 'COM_LN', '1966.67', '0.00'),
(824, 7, 84, 26, 0, 'COM_LN', '1966.67', '0.00'),
(825, 7, 88, 26, 0, 'COM_LN', '1966.67', '0.00'),
(826, 7, 91, 26, 0, 'COM_LN', '1966.67', '0.00'),
(827, 7, 95, 26, 0, 'COM_LN', '1966.67', '0.00'),
(828, 7, 33, 32, 0, 'CRBDI', '13737.91', '0.00'),
(829, 7, 45, 32, 0, 'CRBDI', '10303.43', '0.00'),
(830, 7, 61, 32, 0, 'CRBDI', '10009.74', '0.00'),
(831, 7, 80, 32, 0, 'CRBDI', '2705.34', '0.00'),
(832, 7, 9, 25, 0, 'EMG_LN', '1311.12', '0.00'),
(833, 7, 120, 25, 0, 'EMG_LN', '655.56', '0.00'),
(834, 7, 18, 25, 0, 'EMG_LN', '1311.12', '0.00'),
(835, 7, 20, 25, 0, 'EMG_LN', '872.64', '0.00'),
(836, 7, 21, 25, 0, 'EMG_LN', '1173.47', '0.00'),
(837, 7, 32, 25, 0, 'EMG_LN', '655.56', '0.00'),
(838, 7, 36, 25, 0, 'EMG_LN', '655.56', '0.00'),
(839, 7, 38, 25, 0, 'EMG_LN', '655.56', '0.00'),
(840, 7, 41, 25, 0, 'EMG_LN', '1311.12', '0.00'),
(841, 7, 106, 25, 0, 'EMG_LN', '655.56', '0.00'),
(842, 7, 107, 25, 0, 'EMG_LN', '655.56', '0.00'),
(843, 7, 52, 25, 0, 'EMG_LN', '1311.12', '0.00'),
(844, 7, 55, 25, 0, 'EMG_LN', '655.56', '0.00'),
(845, 7, 60, 25, 0, 'EMG_LN', '1311.12', '0.00'),
(846, 7, 61, 25, 0, 'EMG_LN', '1311.12', '0.00'),
(847, 7, 98, 25, 0, 'EMG_LN', '861.73', '0.00'),
(848, 7, 63, 25, 0, 'EMG_LN', '861.86', '0.00'),
(849, 7, 71, 25, 0, 'EMG_LN', '812.06', '0.00'),
(850, 7, 69, 25, 0, 'EMG_LN', '1311.12', '0.00'),
(851, 7, 77, 25, 0, 'EMG_LN', '1211.94', '0.00'),
(852, 7, 79, 25, 0, 'EMG_LN', '1189.62', '0.00'),
(853, 7, 80, 25, 0, 'EMG_LN', '1311.12', '0.00'),
(854, 7, 81, 25, 0, 'EMG_LN', '1311.12', '0.00'),
(855, 7, 83, 25, 0, 'EMG_LN', '1311.12', '0.00'),
(856, 7, 88, 25, 0, 'EMG_LN', '1311.12', '0.00'),
(857, 7, 89, 25, 0, 'EMG_LN', '841.56', '0.00'),
(858, 7, 91, 25, 0, 'EMG_LN', '812.06', '0.00'),
(859, 7, 95, 25, 0, 'EMG_LN', '1125.00', '0.00'),
(860, 7, 4, 19, 0, 'GFAL', '6989.79', '0.00'),
(861, 7, 9, 19, 0, 'GFAL', '9634.44', '0.00'),
(862, 7, 12, 19, 0, 'GFAL', '2471.36', '0.00'),
(863, 7, 14, 19, 0, 'GFAL', '2047.32', '0.00'),
(864, 7, 15, 19, 0, 'GFAL', '8935.95', '0.00'),
(865, 7, 19, 19, 0, 'GFAL', '5973.36', '0.00'),
(866, 7, 20, 19, 0, 'GFAL', '3914.99', '0.00'),
(867, 7, 23, 19, 0, 'GFAL', '6040.20', '0.00'),
(868, 7, 29, 19, 0, 'GFAL', '9634.44', '0.00'),
(869, 7, 31, 19, 0, 'GFAL', '4817.22', '0.00'),
(870, 7, 41, 19, 0, 'GFAL', '7242.57', '0.00'),
(871, 7, 43, 19, 0, 'GFAL', '3542.59', '0.00'),
(872, 7, 47, 19, 0, 'GFAL', '5833.66', '0.00'),
(873, 7, 63, 19, 0, 'GFAL', '3575.10', '0.00'),
(874, 7, 79, 19, 0, 'GFAL', '9634.44', '0.00'),
(875, 7, 80, 19, 0, 'GFAL', '5448.28', '0.00'),
(876, 7, 81, 19, 0, 'GFAL', '4953.54', '0.00'),
(877, 7, 84, 19, 0, 'GFAL', '4717.34', '0.00'),
(878, 7, 2, 27, 0, 'GMPL', '4652.91', '0.00'),
(879, 7, 3, 27, 0, 'GMPL', '1134.12', '0.00'),
(880, 7, 6, 27, 0, 'GMPL', '12118.40', '0.00'),
(881, 7, 7, 27, 0, 'GMPL', '1608.30', '0.00'),
(882, 7, 9, 27, 0, 'GMPL', '4669.81', '0.00'),
(883, 7, 120, 27, 0, 'GMPL', '4144.19', '0.00'),
(884, 7, 12, 27, 0, 'GMPL', '2782.06', '0.00'),
(885, 7, 14, 27, 0, 'GMPL', '2653.20', '0.00'),
(886, 7, 13, 27, 0, 'GMPL', '952.64', '0.00'),
(887, 7, 15, 27, 0, 'GMPL', '5127.11', '0.00'),
(888, 7, 18, 27, 0, 'GMPL', '3692.69', '0.00'),
(889, 7, 20, 27, 0, 'GMPL', '18323.11', '0.00'),
(890, 7, 21, 27, 0, 'GMPL', '2798.39', '0.00'),
(891, 7, 102, 27, 0, 'GMPL', '620.04', '0.00'),
(892, 7, 23, 27, 0, 'GMPL', '5441.78', '0.00'),
(893, 7, 27, 27, 0, 'GMPL', '3883.38', '0.00'),
(894, 7, 28, 27, 0, 'GMPL', '1257.81', '0.00'),
(895, 7, 29, 27, 0, 'GMPL', '4304.31', '0.00'),
(896, 7, 30, 27, 0, 'GMPL', '2119.75', '0.00'),
(897, 7, 32, 27, 0, 'GMPL', '1842.06', '0.00'),
(898, 7, 33, 27, 0, 'GMPL', '5450.43', '0.00'),
(899, 7, 35, 27, 0, 'GMPL', '6897.15', '0.00'),
(900, 7, 36, 27, 0, 'GMPL', '11226.93', '0.00'),
(901, 7, 38, 27, 0, 'GMPL', '5467.96', '0.00'),
(902, 7, 41, 27, 0, 'GMPL', '4442.04', '0.00'),
(903, 7, 103, 27, 0, 'GMPL', '4652.91', '0.00'),
(904, 7, 106, 27, 0, 'GMPL', '583.94', '0.00'),
(905, 7, 46, 27, 0, 'GMPL', '10392.10', '0.00'),
(906, 7, 48, 27, 0, 'GMPL', '2157.74', '0.00'),
(907, 7, 47, 27, 0, 'GMPL', '2935.34', '0.00'),
(908, 7, 49, 27, 0, 'GMPL', '4787.59', '0.00'),
(909, 7, 50, 27, 0, 'GMPL', '2288.41', '0.00'),
(910, 7, 107, 27, 0, 'GMPL', '1078.87', '0.00'),
(911, 7, 52, 27, 0, 'GMPL', '5169.76', '0.00'),
(912, 7, 53, 27, 0, 'GMPL', '1369.77', '0.00'),
(913, 7, 125, 27, 0, 'GMPL', '1433.32', '0.00'),
(914, 7, 55, 27, 0, 'GMPL', '25995.41', '0.00'),
(915, 7, 60, 27, 0, 'GMPL', '3883.38', '0.00'),
(916, 7, 61, 27, 0, 'GMPL', '6551.51', '0.00'),
(917, 7, 98, 27, 0, 'GMPL', '1857.70', '0.00'),
(918, 7, 110, 27, 0, 'GMPL', '1570.55', '0.00'),
(919, 7, 63, 27, 0, 'GMPL', '4461.21', '0.00'),
(920, 7, 64, 27, 0, 'GMPL', '2648.41', '0.00'),
(921, 7, 66, 27, 0, 'GMPL', '2461.84', '0.00'),
(922, 7, 67, 27, 0, 'GMPL', '774.20', '0.00'),
(923, 7, 69, 27, 0, 'GMPL', '1470.77', '0.00'),
(924, 7, 71, 27, 0, 'GMPL', '6775.23', '0.00'),
(925, 7, 77, 27, 0, 'GMPL', '3679.47', '0.00'),
(926, 7, 79, 27, 0, 'GMPL', '3236.65', '0.00'),
(927, 7, 80, 27, 0, 'GMPL', '4451.30', '0.00'),
(928, 7, 81, 27, 0, 'GMPL', '2304.53', '0.00'),
(929, 7, 82, 27, 0, 'GMPL', '2257.53', '0.00'),
(930, 7, 83, 27, 0, 'GMPL', '3883.38', '0.00'),
(931, 7, 111, 27, 0, 'GMPL', '2508.32', '0.00'),
(932, 7, 88, 27, 0, 'GMPL', '1443.00', '0.00'),
(933, 7, 114, 27, 0, 'GMPL', '2821.86', '0.00'),
(934, 7, 91, 27, 0, 'GMPL', '1257.81', '0.00'),
(935, 7, 95, 27, 0, 'GMPL', '2215.31', '0.00'),
(936, 7, 36, 29, 0, 'HSNG_LN', '5050.00', '0.00'),
(937, 7, 6, 12, 0, 'LBP', '12309.92', '0.00'),
(938, 7, 13, 12, 0, 'LBP', '9847.94', '0.00'),
(939, 7, 18, 12, 0, 'LBP', '13335.75', '0.00'),
(940, 7, 20, 12, 0, 'LBP', '30774.80', '0.00'),
(941, 7, 22, 12, 0, 'LBP', '8822.11', '0.00'),
(942, 7, 27, 12, 0, 'LBP', '12309.92', '0.00'),
(943, 7, 39, 12, 0, 'LBP', '10627.56', '0.00'),
(944, 7, 50, 12, 0, 'LBP', '6154.96', '0.00'),
(945, 7, 51, 12, 0, 'LBP', '4724.71', '0.00'),
(946, 7, 53, 12, 0, 'LBP', '9642.77', '0.00'),
(947, 7, 59, 12, 0, 'LBP', '10155.68', '0.00'),
(948, 7, 60, 12, 0, 'LBP', '12412.50', '0.00'),
(949, 7, 66, 12, 0, 'LBP', '12720.25', '0.00'),
(950, 7, 71, 12, 0, 'LBP', '20516.53', '0.00'),
(951, 7, 77, 12, 0, 'LBP', '14361.57', '0.00'),
(952, 7, 83, 12, 0, 'LBP', '12412.50', '0.00'),
(953, 7, 129, 12, 0, 'LBP', '65054.15', '0.00'),
(954, 7, 3, 28, 0, 'MPLTE', '1400.00', '0.00'),
(955, 7, 6, 28, 0, 'MPLTE', '2333.33', '0.00'),
(956, 7, 9, 28, 0, 'MPLTE', '2333.33', '0.00'),
(957, 7, 120, 28, 0, 'MPLTE', '1400.00', '0.00'),
(958, 7, 12, 28, 0, 'MPLTE', '2333.33', '0.00'),
(959, 7, 14, 28, 0, 'MPLTE', '1166.67', '0.00'),
(960, 7, 15, 28, 0, 'MPLTE', '2333.33', '0.00'),
(961, 7, 18, 28, 0, 'MPLTE', '2333.33', '0.00'),
(962, 7, 20, 28, 0, 'MPLTE', '2333.33', '0.00'),
(963, 7, 102, 28, 0, 'MPLTE', '950.00', '0.00'),
(964, 7, 21, 28, 0, 'MPLTE', '2333.33', '0.00'),
(965, 7, 23, 28, 0, 'MPLTE', '2333.33', '0.00'),
(966, 7, 27, 28, 0, 'MPLTE', '1400.00', '0.00'),
(967, 7, 41, 28, 0, 'MPLTE', '2333.33', '0.00'),
(968, 7, 106, 28, 0, 'MPLTE', '950.00', '0.00'),
(969, 7, 47, 28, 0, 'MPLTE', '700.00', '0.00'),
(970, 7, 124, 28, 0, 'MPLTE', '1783.33', '0.00'),
(971, 7, 107, 28, 0, 'MPLTE', '466.67', '0.00'),
(972, 7, 52, 28, 0, 'MPLTE', '2333.33', '0.00'),
(973, 7, 125, 28, 0, 'MPLTE', '1400.00', '0.00'),
(974, 7, 55, 28, 0, 'MPLTE', '2650.00', '0.00'),
(975, 7, 60, 28, 0, 'MPLTE', '1400.00', '0.00'),
(976, 7, 61, 28, 0, 'MPLTE', '2333.33', '0.00'),
(977, 7, 98, 28, 0, 'MPLTE', '1166.67', '0.00'),
(978, 7, 63, 28, 0, 'MPLTE', '1633.33', '0.00'),
(979, 7, 69, 28, 0, 'MPLTE', '1400.00', '0.00'),
(980, 7, 77, 28, 0, 'MPLTE', '1400.00', '0.00'),
(981, 7, 79, 28, 0, 'MPLTE', '2333.33', '0.00'),
(982, 7, 80, 28, 0, 'MPLTE', '2333.33', '0.00'),
(983, 7, 82, 28, 0, 'MPLTE', '1400.00', '0.00'),
(984, 7, 83, 28, 0, 'MPLTE', '1400.00', '0.00'),
(985, 7, 112, 28, 0, 'MPLTE', '1227.78', '0.00'),
(986, 7, 88, 28, 0, 'MPLTE', '1866.67', '0.00'),
(987, 7, 89, 28, 0, 'MPLTE', '2333.33', '0.00'),
(988, 7, 91, 28, 0, 'MPLTE', '1400.00', '0.00'),
(989, 7, 95, 28, 0, 'MPLTE', '1400.00', '0.00'),
(990, 7, 3, 5, 0, 'PAG_MPL', '624.93', '0.00'),
(991, 7, 6, 5, 0, 'PAG_MPL', '4547.97', '0.00'),
(992, 7, 9, 5, 0, 'PAG_MPL', '3557.42', '0.00'),
(993, 7, 10, 5, 0, 'PAG_MPL', '9747.26', '0.00'),
(994, 7, 14, 5, 0, 'PAG_MPL', '5074.99', '0.00'),
(995, 7, 15, 5, 0, 'PAG_MPL', '4376.51', '0.00'),
(996, 7, 21, 5, 0, 'PAG_MPL', '5039.95', '0.00'),
(997, 7, 27, 5, 0, 'PAG_MPL', '1689.45', '0.00'),
(998, 7, 28, 5, 0, 'PAG_MPL', '1861.10', '0.00'),
(999, 7, 38, 5, 0, 'PAG_MPL', '3275.34', '0.00'),
(1000, 7, 107, 5, 0, 'PAG_MPL', '1172.57', '0.00'),
(1001, 7, 52, 5, 0, 'PAG_MPL', '2251.03', '0.00'),
(1002, 7, 55, 5, 0, 'PAG_MPL', '9718.25', '0.00'),
(1003, 7, 98, 5, 0, 'PAG_MPL', '1170.47', '0.00'),
(1004, 7, 63, 5, 0, 'PAG_MPL', '5279.78', '0.00'),
(1005, 7, 69, 5, 0, 'PAG_MPL', '819.62', '0.00'),
(1006, 7, 77, 5, 0, 'PAG_MPL', '1638.56', '0.00'),
(1007, 7, 79, 5, 0, 'PAG_MPL', '3215.63', '0.00'),
(1008, 7, 80, 5, 0, 'PAG_MPL', '3172.47', '0.00'),
(1009, 7, 82, 5, 0, 'PAG_MPL', '1242.94', '0.00'),
(1010, 7, 112, 5, 0, 'PAG_MPL', '1125.14', '0.00'),
(1011, 7, 88, 5, 0, 'PAG_MPL', '3119.01', '0.00'),
(1012, 7, 89, 5, 0, 'PAG_MPL', '1901.26', '0.00'),
(1013, 7, 91, 5, 0, 'PAG_MPL', '2524.34', '0.00'),
(1014, 7, 3, 16, 0, 'PLREG', '100.00', '0.00'),
(1015, 7, 6, 16, 0, 'PLREG', '500.00', '0.00'),
(1016, 7, 120, 16, 0, 'PLREG', '500.00', '0.00'),
(1017, 7, 15, 16, 0, 'PLREG', '500.00', '0.00'),
(1018, 7, 18, 16, 0, 'PLREG', '500.00', '0.00'),
(1019, 7, 20, 16, 0, 'PLREG', '500.00', '0.00'),
(1020, 7, 25, 16, 0, 'PLREG', '300.00', '0.00'),
(1021, 7, 27, 16, 0, 'PLREG', '500.00', '0.00'),
(1022, 7, 29, 16, 0, 'PLREG', '100.00', '0.00'),
(1023, 7, 31, 16, 0, 'PLREG', '1177.00', '0.00'),
(1024, 7, 36, 16, 0, 'PLREG', '300.00', '0.00'),
(1025, 7, 43, 16, 0, 'PLREG', '100.00', '0.00'),
(1026, 7, 49, 16, 0, 'PLREG', '100.00', '0.00'),
(1027, 7, 50, 16, 0, 'PLREG', '100.00', '0.00'),
(1028, 7, 107, 16, 0, 'PLREG', '50.00', '0.00'),
(1029, 7, 52, 16, 0, 'PLREG', '500.00', '0.00'),
(1030, 7, 125, 16, 0, 'PLREG', '67.15', '0.00'),
(1031, 7, 55, 16, 0, 'PLREG', '3000.00', '0.00'),
(1032, 7, 61, 16, 0, 'PLREG', '500.00', '0.00'),
(1033, 7, 98, 16, 0, 'PLREG', '500.00', '0.00'),
(1034, 7, 63, 16, 0, 'PLREG', '500.00', '0.00'),
(1035, 7, 77, 16, 0, 'PLREG', '300.00', '0.00'),
(1036, 7, 79, 16, 0, 'PLREG', '500.00', '0.00'),
(1037, 7, 83, 16, 0, 'PLREG', '200.00', '0.00'),
(1038, 7, 91, 16, 0, 'PLREG', '200.00', '0.00'),
(1039, 7, 2, 18, 0, 'PMG_LN', '2750.00', '0.00'),
(1040, 7, 3, 18, 0, 'PMG_LN', '1500.00', '0.00'),
(1041, 7, 6, 18, 0, 'PMG_LN', '2500.00', '0.00'),
(1042, 7, 14, 18, 0, 'PMG_LN', '2130.94', '0.00'),
(1043, 7, 17, 18, 0, 'PMG_LN', '1500.00', '0.00'),
(1044, 7, 18, 18, 0, 'PMG_LN', '2500.00', '0.00'),
(1045, 7, 21, 18, 0, 'PMG_LN', '2500.00', '0.00'),
(1046, 7, 22, 18, 0, 'PMG_LN', '1277.78', '0.00'),
(1047, 7, 23, 18, 0, 'PMG_LN', '2500.00', '0.00'),
(1048, 7, 27, 18, 0, 'PMG_LN', '1500.00', '0.00'),
(1049, 7, 30, 18, 0, 'PMG_LN', '1500.00', '0.00'),
(1050, 7, 29, 18, 0, 'PMG_LN', '1000.00', '0.00'),
(1051, 7, 31, 18, 0, 'PMG_LN', '2500.00', '0.00'),
(1052, 7, 32, 18, 0, 'PMG_LN', '1916.67', '0.00'),
(1053, 7, 41, 18, 0, 'PMG_LN', '2500.00', '0.00'),
(1054, 7, 103, 18, 0, 'PMG_LN', '1916.67', '0.00'),
(1055, 7, 42, 18, 0, 'PMG_LN', '1000.00', '0.00'),
(1056, 7, 43, 18, 0, 'PMG_LN', '500.00', '0.00');
INSERT INTO `remittance_details` (`remit_detail_id`, `remittance_id`, `employee_id`, `config_deduction_id`, `govshare_id`, `remittance_type`, `amount`, `govshare_amt`) VALUES
(1057, 7, 45, 18, 0, 'PMG_LN', '1500.00', '0.00'),
(1058, 7, 106, 18, 0, 'PMG_LN', '450.00', '0.00'),
(1059, 7, 47, 18, 0, 'PMG_LN', '1500.00', '0.00'),
(1060, 7, 50, 18, 0, 'PMG_LN', '1500.00', '0.00'),
(1061, 7, 107, 18, 0, 'PMG_LN', '1500.00', '0.00'),
(1062, 7, 54, 18, 0, 'PMG_LN', '9166.68', '0.00'),
(1063, 7, 55, 18, 0, 'PMG_LN', '2921.55', '0.00'),
(1064, 7, 56, 18, 0, 'PMG_LN', '2500.00', '0.00'),
(1065, 7, 60, 18, 0, 'PMG_LN', '1500.00', '0.00'),
(1066, 7, 61, 18, 0, 'PMG_LN', '2500.00', '0.00'),
(1067, 7, 98, 18, 0, 'PMG_LN', '1600.00', '0.00'),
(1068, 7, 63, 18, 0, 'PMG_LN', '1500.00', '0.00'),
(1069, 7, 72, 18, 0, 'PMG_LN', '1000.00', '0.00'),
(1070, 7, 74, 18, 0, 'PMG_LN', '2500.00', '0.00'),
(1071, 7, 77, 18, 0, 'PMG_LN', '1500.00', '0.00'),
(1072, 7, 78, 18, 0, 'PMG_LN', '1500.00', '0.00'),
(1073, 7, 79, 18, 0, 'PMG_LN', '2500.00', '0.00'),
(1074, 7, 80, 18, 0, 'PMG_LN', '2500.00', '0.00'),
(1075, 7, 81, 18, 0, 'PMG_LN', '1000.00', '0.00'),
(1076, 7, 83, 18, 0, 'PMG_LN', '1500.00', '0.00'),
(1077, 7, 84, 18, 0, 'PMG_LN', '1500.00', '0.00'),
(1078, 7, 111, 18, 0, 'PMG_LN', '1500.00', '0.00'),
(1079, 7, 88, 18, 0, 'PMG_LN', '2500.00', '0.00'),
(1080, 7, 114, 18, 0, 'PMG_LN', '1000.00', '0.00'),
(1081, 7, 89, 18, 0, 'PMG_LN', '2500.00', '0.00'),
(1082, 7, 91, 18, 0, 'PMG_LN', '3366.67', '0.00'),
(1083, 7, 95, 18, 0, 'PMG_LN', '1600.00', '0.00'),
(1084, 7, 12, 22, 0, 'POEMCO', '1000.00', '0.00'),
(1085, 7, 47, 22, 0, 'POEMCO', '1500.00', '0.00'),
(1086, 7, 95, 22, 0, 'POEMCO', '1000.00', '0.00'),
(1087, 7, 3, 8, 0, 'RRB', '7350.86', '0.00'),
(1088, 7, 14, 8, 0, 'RRB', '1912.72', '0.00'),
(1089, 7, 18, 8, 0, 'RRB', '2516.95', '0.00'),
(1090, 7, 102, 8, 0, 'RRB', '5417.30', '0.00'),
(1091, 7, 33, 8, 0, 'RRB', '7222.46', '0.00'),
(1092, 7, 37, 8, 0, 'RRB', '4383.35', '0.00'),
(1093, 7, 41, 8, 0, 'RRB', '2516.95', '0.00'),
(1094, 7, 106, 8, 0, 'RRB', '4550.52', '0.00'),
(1095, 7, 48, 8, 0, 'RRB', '20644.10', '0.00'),
(1096, 7, 107, 8, 0, 'RRB', '3725.43', '0.00'),
(1097, 7, 60, 8, 0, 'RRB', '1550.17', '0.00'),
(1098, 7, 61, 8, 0, 'RRB', '7350.86', '0.00'),
(1099, 7, 82, 8, 0, 'RRB', '12184.77', '0.00'),
(1100, 7, 83, 8, 0, 'RRB', '2516.95', '0.00'),
(1101, 7, 112, 8, 0, 'RRB', '4450.52', '0.00'),
(1102, 7, 89, 8, 0, 'RRB', '12184.77', '0.00'),
(1103, 7, 4, 24, 0, 'SAL_LN', '1630.66', '0.00'),
(1104, 7, 31, 24, 0, 'SAL_LN', '2811.87', '0.00'),
(1105, 7, 87, 24, 0, 'SAL_LN', '2678.52', '0.00'),
(1437, 8, 134, 31, 0, 'MP2', '1000.00', '0.00'),
(1438, 8, 4, 31, 0, 'MP2', '1000.00', '0.00'),
(1439, 8, 6, 31, 0, 'MP2', '1000.00', '0.00'),
(1440, 8, 20, 31, 0, 'MP2', '1000.00', '0.00'),
(1441, 8, 22, 31, 0, 'MP2', '500.00', '0.00'),
(1442, 8, 28, 31, 0, 'MP2', '500.00', '0.00'),
(1443, 8, 37, 31, 0, 'MP2', '1000.00', '0.00'),
(1444, 8, 40, 31, 0, 'MP2', '3000.00', '0.00'),
(1445, 8, 42, 31, 0, 'MP2', '500.00', '0.00'),
(1446, 8, 44, 31, 0, 'MP2', '500.00', '0.00'),
(1447, 8, 105, 31, 0, 'MP2', '1500.00', '0.00'),
(1448, 8, 53, 31, 0, 'MP2', '500.00', '0.00'),
(1449, 8, 54, 31, 0, 'MP2', '3000.00', '0.00'),
(1450, 8, 108, 31, 0, 'MP2', '5000.00', '0.00'),
(1451, 8, 57, 31, 0, 'MP2', '1000.00', '0.00'),
(1452, 8, 67, 31, 0, 'MP2', '500.00', '0.00'),
(1453, 8, 72, 31, 0, 'MP2', '1000.00', '0.00'),
(1454, 8, 74, 31, 0, 'MP2', '2000.00', '0.00'),
(1455, 8, 85, 31, 0, 'MP2', '1000.00', '0.00'),
(1456, 8, 91, 31, 0, 'MP2', '500.00', '0.00'),
(1459, 8, 1, 17, 0, 'PMG_DS', '171.50', '0.00'),
(1461, 8, 117, 17, 0, 'PMG_DS', '146.55', '0.00'),
(1463, 8, 134, 17, 0, 'PMG_DS', '171.50', '0.00'),
(1465, 8, 2, 17, 0, 'PMG_DS', '381.87', '0.00'),
(1467, 8, 3, 17, 0, 'PMG_DS', '191.88', '0.00'),
(1469, 8, 4, 17, 0, 'PMG_DS', '903.67', '0.00'),
(1471, 8, 100, 17, 0, 'PMG_DS', '188.33', '0.00'),
(1473, 8, 5, 17, 0, 'PMG_DS', '214.78', '0.00'),
(1475, 8, 6, 17, 0, 'PMG_DS', '931.55', '0.00'),
(1477, 8, 7, 17, 0, 'PMG_DS', '214.78', '0.00'),
(1479, 8, 101, 17, 0, 'PMG_DS', '250.27', '0.00'),
(1481, 8, 8, 17, 0, 'PMG_DS', '213.03', '0.00'),
(1483, 8, 9, 17, 0, 'PMG_DS', '334.86', '0.00'),
(1485, 8, 11, 17, 0, 'PMG_DS', '172.62', '0.00'),
(1487, 8, 10, 17, 0, 'PMG_DS', '486.49', '0.00'),
(1489, 8, 120, 17, 0, 'PMG_DS', '385.44', '0.00'),
(1491, 8, 12, 17, 0, 'PMG_DS', '290.22', '0.00'),
(1493, 8, 96, 17, 0, 'PMG_DS', '171.50', '0.00'),
(1495, 8, 14, 17, 0, 'PMG_DS', '220.11', '0.00'),
(1497, 8, 13, 17, 0, 'PMG_DS', '213.03', '0.00'),
(1499, 8, 15, 17, 0, 'PMG_DS', '334.86', '0.00'),
(1501, 8, 17, 17, 0, 'PMG_DS', '190.61', '0.00'),
(1503, 8, 18, 17, 0, 'PMG_DS', '367.33', '0.00'),
(1505, 8, 20, 17, 0, 'PMG_DS', '903.67', '0.00'),
(1507, 8, 19, 17, 0, 'PMG_DS', '385.44', '0.00'),
(1509, 8, 102, 17, 0, 'PMG_DS', '171.50', '0.00'),
(1511, 8, 21, 17, 0, 'PMG_DS', '215.26', '0.00'),
(1513, 8, 22, 17, 0, 'PMG_DS', '230.70', '0.00'),
(1515, 8, 23, 17, 0, 'PMG_DS', '385.44', '0.00'),
(1517, 8, 24, 17, 0, 'PMG_DS', '223.18', '0.00'),
(1519, 8, 25, 17, 0, 'PMG_DS', '903.67', '0.00'),
(1521, 8, 26, 17, 0, 'PMG_DS', '166.96', '0.00'),
(1523, 8, 27, 17, 0, 'PMG_DS', '325.97', '0.00'),
(1525, 8, 28, 17, 0, 'PMG_DS', '290.22', '0.00'),
(1527, 8, 29, 17, 0, 'PMG_DS', '359.74', '0.00'),
(1529, 8, 30, 17, 0, 'PMG_DS', '191.88', '0.00'),
(1531, 8, 31, 17, 0, 'PMG_DS', '381.87', '0.00'),
(1533, 8, 32, 17, 0, 'PMG_DS', '385.44', '0.00'),
(1535, 8, 33, 17, 0, 'PMG_DS', '917.49', '0.00'),
(1537, 8, 121, 17, 0, 'PMG_DS', '5120.00', '0.00'),
(1539, 8, 35, 17, 0, 'PMG_DS', '193.15', '0.00'),
(1541, 8, 36, 17, 0, 'PMG_DS', '903.67', '0.00'),
(1543, 8, 37, 17, 0, 'PMG_DS', '292.77', '0.00'),
(1545, 8, 38, 17, 0, 'PMG_DS', '426.04', '0.00'),
(1547, 8, 39, 17, 0, 'PMG_DS', '229.03', '0.00'),
(1549, 8, 40, 17, 0, 'PMG_DS', '290.22', '0.00'),
(1551, 8, 41, 17, 0, 'PMG_DS', '320.24', '0.00'),
(1553, 8, 104, 17, 0, 'PMG_DS', '250.27', '0.00'),
(1555, 8, 103, 17, 0, 'PMG_DS', '252.11', '0.00'),
(1557, 8, 42, 17, 0, 'PMG_DS', '213.03', '0.00'),
(1559, 8, 43, 17, 0, 'PMG_DS', '171.50', '0.00'),
(1561, 8, 45, 17, 0, 'PMG_DS', '412.04', '0.00'),
(1563, 8, 44, 17, 0, 'PMG_DS', '353.22', '0.00'),
(1565, 8, 105, 17, 0, 'PMG_DS', '250.27', '0.00'),
(1567, 8, 106, 17, 0, 'PMG_DS', '162.67', '0.00'),
(1569, 8, 46, 17, 0, 'PMG_DS', '1017.49', '0.00'),
(1571, 8, 124, 17, 0, 'PMG_DS', '381.87', '0.00'),
(1573, 8, 48, 17, 0, 'PMG_DS', '320.24', '0.00'),
(1575, 8, 47, 17, 0, 'PMG_DS', '241.02', '0.00'),
(1577, 8, 49, 17, 0, 'PMG_DS', '381.87', '0.00'),
(1579, 8, 50, 17, 0, 'PMG_DS', '230.70', '0.00'),
(1581, 8, 107, 17, 0, 'PMG_DS', '191.88', '0.00'),
(1583, 8, 51, 17, 0, 'PMG_DS', '171.50', '0.00'),
(1585, 8, 52, 17, 0, 'PMG_DS', '370.49', '0.00'),
(1587, 8, 53, 17, 0, 'PMG_DS', '229.03', '0.00'),
(1589, 8, 54, 17, 0, 'PMG_DS', '415.83', '0.00'),
(1591, 8, 108, 17, 0, 'PMG_DS', '1001.85', '0.00'),
(1593, 8, 125, 17, 0, 'PMG_DS', '146.55', '0.00'),
(1595, 8, 56, 17, 0, 'PMG_DS', '214.78', '0.00'),
(1597, 8, 97, 17, 0, 'PMG_DS', '310.21', '0.00'),
(1599, 8, 57, 17, 0, 'PMG_DS', '381.87', '0.00'),
(1601, 8, 109, 17, 0, 'PMG_DS', '213.03', '0.00'),
(1603, 8, 58, 17, 0, 'PMG_DS', '325.97', '0.00'),
(1605, 8, 59, 17, 0, 'PMG_DS', '230.70', '0.00'),
(1607, 8, 60, 17, 0, 'PMG_DS', '325.97', '0.00'),
(1609, 8, 61, 17, 0, 'PMG_DS', '459.96', '0.00'),
(1611, 8, 98, 17, 0, 'PMG_DS', '164.79', '0.00'),
(1613, 8, 110, 17, 0, 'PMG_DS', '290.22', '0.00'),
(1615, 8, 99, 17, 0, 'PMG_DS', '213.03', '0.00'),
(1617, 8, 63, 17, 0, 'PMG_DS', '356.46', '0.00'),
(1619, 8, 64, 17, 0, 'PMG_DS', '381.87', '0.00'),
(1621, 8, 65, 17, 0, 'PMG_DS', '250.27', '0.00'),
(1623, 8, 66, 17, 0, 'PMG_DS', '209.57', '0.00'),
(1625, 8, 67, 17, 0, 'PMG_DS', '290.22', '0.00'),
(1627, 8, 68, 17, 0, 'PMG_DS', '229.03', '0.00'),
(1629, 8, 71, 17, 0, 'PMG_DS', '497.27', '0.00'),
(1631, 8, 69, 17, 0, 'PMG_DS', '147.48', '0.00'),
(1633, 8, 72, 17, 0, 'PMG_DS', '200.99', '0.00'),
(1635, 8, 74, 17, 0, 'PMG_DS', '520.00', '0.00'),
(1637, 8, 77, 17, 0, 'PMG_DS', '325.97', '0.00'),
(1639, 8, 78, 17, 0, 'PMG_DS', '171.50', '0.00'),
(1641, 8, 127, 17, 0, 'PMG_DS', '146.55', '0.00'),
(1643, 8, 79, 17, 0, 'PMG_DS', '325.97', '0.00'),
(1644, 8, 80, 17, 0, 'PMG_DS', '356.46', '0.00'),
(1646, 8, 81, 17, 0, 'PMG_DS', '180.88', '0.00'),
(1648, 8, 82, 17, 0, 'PMG_DS', '381.87', '0.00'),
(1650, 8, 83, 17, 0, 'PMG_DS', '323.08', '0.00'),
(1652, 8, 128, 17, 0, 'PMG_DS', '171.50', '0.00'),
(1654, 8, 84, 17, 0, 'PMG_DS', '171.50', '0.00'),
(1656, 8, 135, 17, 0, 'PMG_DS', '146.55', '0.00'),
(1658, 8, 85, 17, 0, 'PMG_DS', '290.22', '0.00'),
(1660, 8, 111, 17, 0, 'PMG_DS', '146.55', '0.00'),
(1662, 8, 86, 17, 0, 'PMG_DS', '250.27', '0.00'),
(1664, 8, 112, 17, 0, 'PMG_DS', '213.03', '0.00'),
(1666, 8, 87, 17, 0, 'PMG_DS', '917.49', '0.00'),
(1668, 8, 88, 17, 0, 'PMG_DS', '171.50', '0.00'),
(1670, 8, 113, 17, 0, 'PMG_DS', '250.27', '0.00'),
(1672, 8, 114, 17, 0, 'PMG_DS', '146.55', '0.00'),
(1674, 8, 89, 17, 0, 'PMG_DS', '340.99', '0.00'),
(1676, 8, 91, 17, 0, 'PMG_DS', '290.22', '0.00'),
(1678, 8, 115, 17, 0, 'PMG_DS', '180.79', '0.00'),
(1680, 8, 116, 17, 0, 'PMG_DS', '146.55', '0.00'),
(1682, 8, 92, 17, 0, 'PMG_DS', '275.86', '0.00'),
(1684, 8, 93, 17, 0, 'PMG_DS', '290.22', '0.00'),
(1686, 8, 95, 17, 0, 'PMG_DS', '213.03', '0.00'),
(1688, 8, 133, 17, 0, 'PMG_DS', '146.55', '0.00'),
(6403, 7, 36, 28, 0, 'MPLTE', '2333.33', '0.00');

-- --------------------------------------------------------

--
-- Table structure for table `roles_tbl`
--

CREATE TABLE `roles_tbl` (
  `roleID` int(1) NOT NULL,
  `roleName` varchar(50) NOT NULL
) ENGINE=InnoDB DEFAULT CHARSET=utf8mb4;

--
-- Dumping data for table `roles_tbl`
--

INSERT INTO `roles_tbl` (`roleID`, `roleName`) VALUES
(1, 'Administrator'),
(2, 'Updater'),
(3, 'Employee'),
(4, 'HR'),
(5, 'Payroll Master');

-- --------------------------------------------------------

--
-- Table structure for table `role_perm_tbl`
--

CREATE TABLE `role_perm_tbl` (
  `role_perm_id` int(11) NOT NULL,
  `roleID` int(11) NOT NULL,
  `perm_id` int(11) NOT NULL
) ENGINE=InnoDB DEFAULT CHARSET=utf8mb4;

--
-- Dumping data for table `role_perm_tbl`
--

INSERT INTO `role_perm_tbl` (`role_perm_id`, `roleID`, `perm_id`) VALUES
(1, 1, 1),
(2, 1, 2),
(3, 2, 2),
(4, 3, 2),
(5, 4, 2),
(7, 5, 2),
(8, 5, 1);

-- --------------------------------------------------------

--
-- Table structure for table `signatories`
--

CREATE TABLE `signatories` (
  `signatory_id` int(11) NOT NULL,
  `full_name` varchar(150) DEFAULT NULL,
  `position_title` varchar(150) DEFAULT NULL,
  `role_type` enum('HEAD','MAYOR','TREASURER','ACCOUNTANT','DISBURSING','PREPARATION') DEFAULT NULL,
  `dept_id` int(11) NOT NULL,
  `report_type` enum('PAYROLL','REMITTANCE','JOURNAL','ACCTG') NOT NULL,
  `sign_order` varchar(2) DEFAULT NULL,
  `sign_particulars` varchar(500) NOT NULL,
  `created_at` datetime NOT NULL DEFAULT current_timestamp(),
  `updated_at` datetime DEFAULT NULL,
  `is_active` tinyint(1) DEFAULT 1
) ENGINE=InnoDB DEFAULT CHARSET=utf8mb4;

--
-- Dumping data for table `signatories`
--

INSERT INTO `signatories` (`signatory_id`, `full_name`, `position_title`, `role_type`, `dept_id`, `report_type`, `sign_order`, `sign_particulars`, `created_at`, `updated_at`, `is_active`) VALUES
(3, 'SHAIA RUTH R. UY', 'Municipal Mayor', 'MAYOR', 0, 'PAYROLL', '3', 'APPROVED FOR PAYMENT:', '2025-11-01 14:44:34', '2025-11-01 15:17:53', 1),
(4, 'PROSERPHINE G. GODINEZ, CPA', 'Municipal Accountant', 'ACCOUNTANT', 0, 'PAYROLL', '5', 'CERTIFIED: As to the completeness of supporting documents', '2025-11-01 14:45:01', '2025-11-01 16:28:08', 0),
(5, 'ARVIN C. CALAMBA', 'Municipal Treasurer', 'TREASURER', 0, 'PAYROLL', '2', 'CERTIFIED: Funds available in the amount of Php _____________', '2025-11-01 14:46:04', '2025-11-12 22:27:35', 1),
(6, 'ANNA KARENE E. FERNANDEZ', 'Cashier II', 'DISBURSING', 0, 'PAYROLL', '4', 'CERTIFIED: Each employee whose name appears above has\r\nbeen paid the amount indicated opposite his/her name', '2025-11-01 14:46:59', '2025-11-01 15:18:41', 1),
(8, 'PROSERPHINE G. GODINEZ, CPA', 'Municipal Accountant', 'HEAD', 7, 'PAYROLL', '1', 'CERTIFIED: Services have been duly rendered as stated', '2025-11-01 15:15:57', '2025-11-02 09:28:41', 1),
(14, 'HERNIBETH C. OTUD', 'Administrative Officer IV', 'PREPARATION', 7, 'JOURNAL', '1', 'Prepared by:', '2025-11-07 23:21:17', NULL, 1),
(15, 'PROSERPHINE G. GODINEZ, CPA', 'Municipal Accountant', 'ACCOUNTANT', 0, 'JOURNAL', '2', 'Approved by:', '2025-11-07 23:22:26', NULL, 1),
(16, 'PROSERPHINE G. GODINEZ, CPA', 'Municipal Accountant', 'ACCOUNTANT', 0, 'ACCTG', '2', 'Certified correct:', '2025-11-09 13:31:13', NULL, 1),
(17, 'HERNIBETH C. OTUD', 'Administrative Officer IV', 'PREPARATION', 0, 'ACCTG', '1', 'Prepared by:', '2025-11-09 13:31:42', NULL, 1),
(18, 'SHAIA RUTH R. UY', 'Municipal Mayor', 'HEAD', 1, 'PAYROLL', '1', 'CERTIFIED: Services have been duly rendered as stated:', '2026-03-03 15:41:40', NULL, 1),
(19, 'EVAN HOPE D. OLVIS', 'Mun. Vice Mayor', 'HEAD', 2, 'PAYROLL', '1', 'CERTIFIED: Services have been duly rendered as stated:', '2026-03-05 16:53:44', NULL, 1),
(20, 'EVAN HOPE D. OLVIS', 'Mun. Vice Mayor', 'HEAD', 3, 'PAYROLL', '1', 'CERTIFIED: Services have been duly rendered as stated:', '2026-03-05 16:54:42', NULL, 1),
(21, 'VILMA A. CABRERA', 'Secretary to the SB', 'HEAD', 4, 'PAYROLL', '1', '', '2026-03-05 16:56:59', NULL, 1),
(22, 'ARVIN C. CALAMBA', 'Municipal Treasurer', 'HEAD', 5, 'PAYROLL', '1', 'CERTIFIED: Services have been duly rendered as stated:', '2026-03-05 16:57:32', NULL, 1),
(23, 'LAURA A. ALFON', 'Municipal Assessor', 'HEAD', 6, 'PAYROLL', '1', 'CERTIFIED: Services have been duly rendered as stated:', '2026-03-05 16:58:07', NULL, 1),
(24, 'MA. ROSELLE C. ANIÑON', 'Municipal Budget Officer', 'HEAD', 8, 'PAYROLL', '1', 'CERTIFIED: Services have been duly rendered as stated:', '2026-03-05 16:59:38', NULL, 1),
(25, 'ROGER B. LADERA', 'MPDO', 'HEAD', 9, 'PAYROLL', '1', 'CERTIFIED: Services have been duly rendered as stated:', '2026-03-05 17:01:22', NULL, 1),
(26, 'JOSE BENJIE ALDRIN A. DALUMPINES', 'Municipal Engineer', 'HEAD', 10, 'PAYROLL', '1', 'CERTIFIED: Services have been duly rendered as stated:', '2026-03-05 17:02:23', NULL, 1),
(27, 'SHEILA C. JARALVE', 'Mun. Health Officer', 'HEAD', 11, 'PAYROLL', '1', 'CERTIFIED: Services have been duly rendered as stated:', '2026-03-05 17:03:51', NULL, 1),
(28, 'DANTE M. SANTADER', 'Mun. Civil Registrar', 'HEAD', 12, 'PAYROLL', '1', 'CERTIFIED: Services have been duly rendered as stated:', '2026-03-05 17:04:24', NULL, 1),
(29, 'FLORES MAY L. OROSA', 'Municipal Administrator', 'HEAD', 13, 'PAYROLL', '1', 'CERTIFIED: Services have been duly rendered as stated:', '2026-03-05 17:06:40', NULL, 1),
(30, 'NOEL V. SANDUETA', 'Mun. Agriculturist', 'HEAD', 14, 'PAYROLL', '1', 'CERTIFIED: Services have been duly rendered as stated:', '2026-03-05 17:07:20', NULL, 1),
(31, 'CATHERINE M. CAULAWON', 'MSWDO', 'HEAD', 15, 'PAYROLL', '1', 'CERTIFIED: Services have been duly rendered as stated:', '2026-03-05 17:07:53', NULL, 1),
(32, 'FLORES MAY L. OROSA', 'Municipal Administrator', 'HEAD', 16, 'PAYROLL', '1', 'CERTIFIED: Services have been duly rendered as stated:', '2026-03-05 17:08:29', NULL, 1);

-- --------------------------------------------------------

--
-- Table structure for table `system_logs`
--

CREATE TABLE `system_logs` (
  `log_id` int(11) NOT NULL,
  `action_type` varchar(100) COLLATE utf8mb4_unicode_520_ci NOT NULL,
  `user_id` int(11) NOT NULL,
  `log_details` text COLLATE utf8mb4_unicode_520_ci NOT NULL,
  `ip_address` varchar(45) COLLATE utf8mb4_unicode_520_ci NOT NULL,
  `user_agent` varchar(255) COLLATE utf8mb4_unicode_520_ci NOT NULL,
  `created_at` datetime DEFAULT current_timestamp()
) ENGINE=InnoDB DEFAULT CHARSET=utf8mb4 COLLATE=utf8mb4_unicode_520_ci;

--
-- Dumping data for table `system_logs`
--

INSERT INTO `system_logs` (`log_id`, `action_type`, `user_id`, `log_details`, `ip_address`, `user_agent`, `created_at`) VALUES
(1, 'EMERGENCY_PAYROLL_DELETE', 1, '{\"payroll_period_id\":5,\"dept_id\":13,\"emp_type_stamp\":\"Regular\",\"records_deleted\":11,\"total_gross\":334824}', '192.168.1.125', 'Mozilla/5.0 (Windows NT 10.0; Win64; x64) AppleWebKit/537.36 (KHTML, like Gecko) Chrome/146.0.0.0 Safari/537.36', '2026-03-11 15:37:35');

-- --------------------------------------------------------

--
-- Table structure for table `users_tbl`
--

CREATE TABLE `users_tbl` (
  `userID` int(11) NOT NULL,
  `username` varchar(50) NOT NULL,
  `password` varchar(255) NOT NULL,
  `email` varchar(50) NOT NULL,
  `mobile` varchar(20) NOT NULL
) ENGINE=InnoDB DEFAULT CHARSET=utf8mb4;

--
-- Dumping data for table `users_tbl`
--

INSERT INTO `users_tbl` (`userID`, `username`, `password`, `email`, `mobile`) VALUES
(1, 'admin', '$2y$10$rZn8vkQCyfNTEGFUPKJiOuryLoy3NtmZLwCVO6sLo5.S7FEDULHDm', '', '09123456789'),
(10, 'PayMaster', '$2y$10$5iofkqvN7W/.XTzUMENeH.FCpTuGvM60ZGsLwibXe6HZEeayHbXau', '', '09123456789'),
(11, 'hrmo', '$2y$10$GqPpldpPT/ldmqAjIK08Bew/qc4HwwBAbTcyzF/YxeCPNh1sm/1Dy', '', '09123456789'),
(12, 'ntian', '$2y$10$trOQm2kljZPVkoruS6cP8OHUIrWES7G43TYk51vDutnVu5PXLYrz6', '', '09123456789');

-- --------------------------------------------------------

--
-- Table structure for table `user_role_tbl`
--

CREATE TABLE `user_role_tbl` (
  `user_role_id` int(11) NOT NULL,
  `userID` int(11) NOT NULL,
  `roleID` int(11) NOT NULL
) ENGINE=InnoDB DEFAULT CHARSET=utf8mb4;

--
-- Dumping data for table `user_role_tbl`
--

INSERT INTO `user_role_tbl` (`user_role_id`, `userID`, `roleID`) VALUES
(1, 1, 1),
(10, 10, 5),
(11, 11, 4),
(12, 12, 3);

--
-- Indexes for dumped tables
--

--
-- Indexes for table `admins_tbl`
--
ALTER TABLE `admins_tbl`
  ADD PRIMARY KEY (`adminID`);

--
-- Indexes for table `config_deductions`
--
ALTER TABLE `config_deductions`
  ADD PRIMARY KEY (`config_deduction_id`);

--
-- Indexes for table `config_earnings`
--
ALTER TABLE `config_earnings`
  ADD PRIMARY KEY (`config_earning_id`);

--
-- Indexes for table `deduction_types`
--
ALTER TABLE `deduction_types`
  ADD PRIMARY KEY (`deduction_type_id`),
  ADD UNIQUE KEY `code` (`deduction_type_code`);

--
-- Indexes for table `departments_tbl`
--
ALTER TABLE `departments_tbl`
  ADD PRIMARY KEY (`dept_id`);

--
-- Indexes for table `employees_tbl`
--
ALTER TABLE `employees_tbl`
  ADD PRIMARY KEY (`employee_id`);

--
-- Indexes for table `employee_deductions`
--
ALTER TABLE `employee_deductions`
  ADD PRIMARY KEY (`employee_deduction_id`);

--
-- Indexes for table `employee_deductions_components`
--
ALTER TABLE `employee_deductions_components`
  ADD PRIMARY KEY (`deduction_component_id`);

--
-- Indexes for table `employee_earnings`
--
ALTER TABLE `employee_earnings`
  ADD PRIMARY KEY (`employee_earning_id`);

--
-- Indexes for table `employee_earnings_components`
--
ALTER TABLE `employee_earnings_components`
  ADD PRIMARY KEY (`earning_component_id`);

--
-- Indexes for table `employee_employments_tbl`
--
ALTER TABLE `employee_employments_tbl`
  ADD PRIMARY KEY (`employment_id`);

--
-- Indexes for table `employee_govshares`
--
ALTER TABLE `employee_govshares`
  ADD PRIMARY KEY (`employee_govshare_id`);

--
-- Indexes for table `employee_leave_balances`
--
ALTER TABLE `employee_leave_balances`
  ADD PRIMARY KEY (`emp_leave_bal_id`),
  ADD UNIQUE KEY `employee_id` (`employee_id`,`leave_type_id`,`year`);

--
-- Indexes for table `employee_leave_transactions`
--
ALTER TABLE `employee_leave_transactions`
  ADD PRIMARY KEY (`emp_lv_trans_id`);

--
-- Indexes for table `employee_photos`
--
ALTER TABLE `employee_photos`
  ADD PRIMARY KEY (`photo_id`),
  ADD KEY `idx_employee_id` (`employee_id`),
  ADD KEY `idx_upload_date` (`upload_date`),
  ADD KEY `idx_employee_photo` (`employee_id`,`upload_date`);

--
-- Indexes for table `empsalaries_tbl`
--
ALTER TABLE `empsalaries_tbl`
  ADD PRIMARY KEY (`empSalaryID`);

--
-- Indexes for table `gaa_audit_log`
--
ALTER TABLE `gaa_audit_log`
  ADD PRIMARY KEY (`log_id`),
  ADD KEY `idx_payroll_entry_id` (`payroll_entry_id`),
  ADD KEY `idx_employee_id` (`employee_id`),
  ADD KEY `idx_action` (`action`),
  ADD KEY `idx_performed_at` (`performed_at`);

--
-- Indexes for table `gaa_validation_audit`
--
ALTER TABLE `gaa_validation_audit`
  ADD PRIMARY KEY (`gaa_audit_id`),
  ADD KEY `employee_id` (`employee_id`),
  ADD KEY `idx_validation_stage` (`validation_stage`),
  ADD KEY `idx_validation_result` (`validation_result`),
  ADD KEY `idx_validation_date` (`validated_date`),
  ADD KEY `idx_payroll_audit` (`payroll_entry_id`,`validation_stage`);

--
-- Indexes for table `govshares`
--
ALTER TABLE `govshares`
  ADD PRIMARY KEY (`govshare_id`);

--
-- Indexes for table `leave_applications`
--
ALTER TABLE `leave_applications`
  ADD PRIMARY KEY (`leave_application_id`);

--
-- Indexes for table `leave_types`
--
ALTER TABLE `leave_types`
  ADD PRIMARY KEY (`leave_type_id`);

--
-- Indexes for table `payroll_config`
--
ALTER TABLE `payroll_config`
  ADD PRIMARY KEY (`config_id`);

--
-- Indexes for table `payroll_deductions`
--
ALTER TABLE `payroll_deductions`
  ADD PRIMARY KEY (`payroll_deduction_id`),
  ADD KEY `fk_pd_payroll_entry` (`payroll_entry_id`);

--
-- Indexes for table `payroll_entries`
--
ALTER TABLE `payroll_entries`
  ADD PRIMARY KEY (`payroll_entry_id`),
  ADD UNIQUE KEY `unique_entry` (`employee_id`,`payroll_period_id`),
  ADD KEY `employment_id` (`employment_id`),
  ADD KEY `idx_payroll_status` (`status`),
  ADD KEY `idx_payroll_dept_status` (`dept_id`,`status`,`payroll_period_id`),
  ADD KEY `idx_payroll_period_status` (`payroll_period_id`,`status`),
  ADD KEY `idx_payroll_employee_status` (`employee_id`,`status`),
  ADD KEY `idx_status` (`status`),
  ADD KEY `idx_period_dept_status` (`payroll_period_id`,`dept_id`,`emp_type_stamp`,`status`);

--
-- Indexes for table `payroll_entries_audit`
--
ALTER TABLE `payroll_entries_audit`
  ADD PRIMARY KEY (`audit_id`),
  ADD KEY `idx_audit_entry` (`payroll_entry_id`),
  ADD KEY `idx_audit_action` (`action`,`action_date`),
  ADD KEY `idx_audit_user` (`changed_by`,`action_date`);

--
-- Indexes for table `payroll_frequencies`
--
ALTER TABLE `payroll_frequencies`
  ADD PRIMARY KEY (`payroll_freq_id`);

--
-- Indexes for table `payroll_gaa_status`
--
ALTER TABLE `payroll_gaa_status`
  ADD PRIMARY KEY (`payroll_gaa_status_id`),
  ADD UNIQUE KEY `payroll_entry_id` (`payroll_entry_id`),
  ADD KEY `idx_gaa_violation` (`gaa_violation_flag`),
  ADD KEY `idx_gaa_validated_date` (`gaa_validated_date`),
  ADD KEY `idx_payroll_gaa_batch_check` (`gaa_violation_flag`);

--
-- Indexes for table `payroll_govshares`
--
ALTER TABLE `payroll_govshares`
  ADD PRIMARY KEY (`payroll_govshare_id`),
  ADD KEY `fk_pg_payroll_entry` (`payroll_entry_id`);

--
-- Indexes for table `payroll_periods`
--
ALTER TABLE `payroll_periods`
  ADD PRIMARY KEY (`payroll_period_id`),
  ADD UNIQUE KEY `uniq_period` (`date_start`,`date_end`);

--
-- Indexes for table `payroll_workflow_rules`
--
ALTER TABLE `payroll_workflow_rules`
  ADD PRIMARY KEY (`rule_id`),
  ADD UNIQUE KEY `unique_transition` (`from_status`,`to_status`);

--
-- Indexes for table `payroll_workflow_transitions`
--
ALTER TABLE `payroll_workflow_transitions`
  ADD PRIMARY KEY (`transition_id`),
  ADD KEY `idx_payroll_date` (`payroll_entry_id`,`changed_date`),
  ADD KEY `idx_status_transition` (`from_status`,`to_status`),
  ADD KEY `idx_changed_by` (`changed_by`);

--
-- Indexes for table `payroll_year_controls`
--
ALTER TABLE `payroll_year_controls`
  ADD PRIMARY KEY (`payroll_year_control_id`),
  ADD UNIQUE KEY `year` (`year`);

--
-- Indexes for table `positions_tbl`
--
ALTER TABLE `positions_tbl`
  ADD PRIMARY KEY (`position_id`);

--
-- Indexes for table `remittances`
--
ALTER TABLE `remittances`
  ADD PRIMARY KEY (`remittance_id`),
  ADD UNIQUE KEY `uk_type_period` (`remittance_type`,`period_start`,`period_end`),
  ADD KEY `idx_type_status_period` (`remittance_type`,`status`,`period_start`,`period_end`);

--
-- Indexes for table `remittance_details`
--
ALTER TABLE `remittance_details`
  ADD PRIMARY KEY (`remit_detail_id`),
  ADD UNIQUE KEY `unique_remit_detail` (`remittance_id`,`employee_id`,`remittance_type`),
  ADD KEY `idx_remittance_employee` (`remittance_id`,`employee_id`),
  ADD KEY `fk_remittance_details_employee` (`employee_id`);

--
-- Indexes for table `roles_tbl`
--
ALTER TABLE `roles_tbl`
  ADD PRIMARY KEY (`roleID`);

--
-- Indexes for table `role_perm_tbl`
--
ALTER TABLE `role_perm_tbl`
  ADD PRIMARY KEY (`role_perm_id`);

--
-- Indexes for table `signatories`
--
ALTER TABLE `signatories`
  ADD PRIMARY KEY (`signatory_id`);

--
-- Indexes for table `system_logs`
--
ALTER TABLE `system_logs`
  ADD PRIMARY KEY (`log_id`);

--
-- Indexes for table `users_tbl`
--
ALTER TABLE `users_tbl`
  ADD PRIMARY KEY (`userID`);

--
-- Indexes for table `user_role_tbl`
--
ALTER TABLE `user_role_tbl`
  ADD PRIMARY KEY (`user_role_id`);

--
-- AUTO_INCREMENT for dumped tables
--

--
-- AUTO_INCREMENT for table `admins_tbl`
--
ALTER TABLE `admins_tbl`
  MODIFY `adminID` int(11) NOT NULL AUTO_INCREMENT;

--
-- AUTO_INCREMENT for table `config_deductions`
--
ALTER TABLE `config_deductions`
  MODIFY `config_deduction_id` int(11) NOT NULL AUTO_INCREMENT, AUTO_INCREMENT=34;

--
-- AUTO_INCREMENT for table `config_earnings`
--
ALTER TABLE `config_earnings`
  MODIFY `config_earning_id` int(11) NOT NULL AUTO_INCREMENT, AUTO_INCREMENT=11;

--
-- AUTO_INCREMENT for table `deduction_types`
--
ALTER TABLE `deduction_types`
  MODIFY `deduction_type_id` int(11) NOT NULL AUTO_INCREMENT, AUTO_INCREMENT=6;

--
-- AUTO_INCREMENT for table `departments_tbl`
--
ALTER TABLE `departments_tbl`
  MODIFY `dept_id` int(11) NOT NULL AUTO_INCREMENT, AUTO_INCREMENT=17;

--
-- AUTO_INCREMENT for table `employees_tbl`
--
ALTER TABLE `employees_tbl`
  MODIFY `employee_id` int(11) NOT NULL AUTO_INCREMENT, AUTO_INCREMENT=136;

--
-- AUTO_INCREMENT for table `employee_deductions`
--
ALTER TABLE `employee_deductions`
  MODIFY `employee_deduction_id` int(11) NOT NULL AUTO_INCREMENT, AUTO_INCREMENT=133;

--
-- AUTO_INCREMENT for table `employee_deductions_components`
--
ALTER TABLE `employee_deductions_components`
  MODIFY `deduction_component_id` int(11) NOT NULL AUTO_INCREMENT, AUTO_INCREMENT=1710;

--
-- AUTO_INCREMENT for table `employee_earnings`
--
ALTER TABLE `employee_earnings`
  MODIFY `employee_earning_id` int(11) NOT NULL AUTO_INCREMENT, AUTO_INCREMENT=156;

--
-- AUTO_INCREMENT for table `employee_earnings_components`
--
ALTER TABLE `employee_earnings_components`
  MODIFY `earning_component_id` int(11) NOT NULL AUTO_INCREMENT, AUTO_INCREMENT=529;

--
-- AUTO_INCREMENT for table `employee_employments_tbl`
--
ALTER TABLE `employee_employments_tbl`
  MODIFY `employment_id` int(11) NOT NULL AUTO_INCREMENT, AUTO_INCREMENT=279;

--
-- AUTO_INCREMENT for table `employee_govshares`
--
ALTER TABLE `employee_govshares`
  MODIFY `employee_govshare_id` int(11) NOT NULL AUTO_INCREMENT, AUTO_INCREMENT=529;

--
-- AUTO_INCREMENT for table `employee_leave_balances`
--
ALTER TABLE `employee_leave_balances`
  MODIFY `emp_leave_bal_id` int(11) NOT NULL AUTO_INCREMENT, AUTO_INCREMENT=27;

--
-- AUTO_INCREMENT for table `employee_leave_transactions`
--
ALTER TABLE `employee_leave_transactions`
  MODIFY `emp_lv_trans_id` int(11) NOT NULL AUTO_INCREMENT;

--
-- AUTO_INCREMENT for table `employee_photos`
--
ALTER TABLE `employee_photos`
  MODIFY `photo_id` int(11) NOT NULL AUTO_INCREMENT;

--
-- AUTO_INCREMENT for table `empsalaries_tbl`
--
ALTER TABLE `empsalaries_tbl`
  MODIFY `empSalaryID` int(11) NOT NULL AUTO_INCREMENT;

--
-- AUTO_INCREMENT for table `gaa_audit_log`
--
ALTER TABLE `gaa_audit_log`
  MODIFY `log_id` int(11) NOT NULL AUTO_INCREMENT;

--
-- AUTO_INCREMENT for table `gaa_validation_audit`
--
ALTER TABLE `gaa_validation_audit`
  MODIFY `gaa_audit_id` int(11) NOT NULL AUTO_INCREMENT, AUTO_INCREMENT=124;

--
-- AUTO_INCREMENT for table `govshares`
--
ALTER TABLE `govshares`
  MODIFY `govshare_id` int(11) NOT NULL AUTO_INCREMENT, AUTO_INCREMENT=9;

--
-- AUTO_INCREMENT for table `leave_applications`
--
ALTER TABLE `leave_applications`
  MODIFY `leave_application_id` int(11) NOT NULL AUTO_INCREMENT, AUTO_INCREMENT=4;

--
-- AUTO_INCREMENT for table `leave_types`
--
ALTER TABLE `leave_types`
  MODIFY `leave_type_id` int(11) NOT NULL AUTO_INCREMENT, AUTO_INCREMENT=12;

--
-- AUTO_INCREMENT for table `payroll_deductions`
--
ALTER TABLE `payroll_deductions`
  MODIFY `payroll_deduction_id` int(11) NOT NULL AUTO_INCREMENT, AUTO_INCREMENT=1398;

--
-- AUTO_INCREMENT for table `payroll_entries`
--
ALTER TABLE `payroll_entries`
  MODIFY `payroll_entry_id` int(11) NOT NULL AUTO_INCREMENT, AUTO_INCREMENT=203;

--
-- AUTO_INCREMENT for table `payroll_entries_audit`
--
ALTER TABLE `payroll_entries_audit`
  MODIFY `audit_id` int(11) NOT NULL AUTO_INCREMENT, AUTO_INCREMENT=112;

--
-- AUTO_INCREMENT for table `payroll_frequencies`
--
ALTER TABLE `payroll_frequencies`
  MODIFY `payroll_freq_id` int(11) NOT NULL AUTO_INCREMENT, AUTO_INCREMENT=3;

--
-- AUTO_INCREMENT for table `payroll_gaa_status`
--
ALTER TABLE `payroll_gaa_status`
  MODIFY `payroll_gaa_status_id` int(11) NOT NULL AUTO_INCREMENT, AUTO_INCREMENT=124;

--
-- AUTO_INCREMENT for table `payroll_govshares`
--
ALTER TABLE `payroll_govshares`
  MODIFY `payroll_govshare_id` int(11) NOT NULL AUTO_INCREMENT, AUTO_INCREMENT=729;

--
-- AUTO_INCREMENT for table `payroll_periods`
--
ALTER TABLE `payroll_periods`
  MODIFY `payroll_period_id` int(11) NOT NULL AUTO_INCREMENT, AUTO_INCREMENT=37;

--
-- AUTO_INCREMENT for table `payroll_workflow_rules`
--
ALTER TABLE `payroll_workflow_rules`
  MODIFY `rule_id` int(11) NOT NULL AUTO_INCREMENT, AUTO_INCREMENT=5;

--
-- AUTO_INCREMENT for table `payroll_workflow_transitions`
--
ALTER TABLE `payroll_workflow_transitions`
  MODIFY `transition_id` int(11) NOT NULL AUTO_INCREMENT, AUTO_INCREMENT=307;

--
-- AUTO_INCREMENT for table `payroll_year_controls`
--
ALTER TABLE `payroll_year_controls`
  MODIFY `payroll_year_control_id` int(11) NOT NULL AUTO_INCREMENT, AUTO_INCREMENT=6;

--
-- AUTO_INCREMENT for table `positions_tbl`
--
ALTER TABLE `positions_tbl`
  MODIFY `position_id` int(11) NOT NULL AUTO_INCREMENT, AUTO_INCREMENT=163;

--
-- AUTO_INCREMENT for table `remittances`
--
ALTER TABLE `remittances`
  MODIFY `remittance_id` int(10) UNSIGNED NOT NULL AUTO_INCREMENT, AUTO_INCREMENT=41;

--
-- AUTO_INCREMENT for table `remittance_details`
--
ALTER TABLE `remittance_details`
  MODIFY `remit_detail_id` int(10) UNSIGNED NOT NULL AUTO_INCREMENT, AUTO_INCREMENT=19589;

--
-- AUTO_INCREMENT for table `roles_tbl`
--
ALTER TABLE `roles_tbl`
  MODIFY `roleID` int(1) NOT NULL AUTO_INCREMENT, AUTO_INCREMENT=8;

--
-- AUTO_INCREMENT for table `role_perm_tbl`
--
ALTER TABLE `role_perm_tbl`
  MODIFY `role_perm_id` int(11) NOT NULL AUTO_INCREMENT, AUTO_INCREMENT=9;

--
-- AUTO_INCREMENT for table `signatories`
--
ALTER TABLE `signatories`
  MODIFY `signatory_id` int(11) NOT NULL AUTO_INCREMENT, AUTO_INCREMENT=33;

--
-- AUTO_INCREMENT for table `system_logs`
--
ALTER TABLE `system_logs`
  MODIFY `log_id` int(11) NOT NULL AUTO_INCREMENT, AUTO_INCREMENT=2;

--
-- AUTO_INCREMENT for table `users_tbl`
--
ALTER TABLE `users_tbl`
  MODIFY `userID` int(11) NOT NULL AUTO_INCREMENT, AUTO_INCREMENT=13;

--
-- AUTO_INCREMENT for table `user_role_tbl`
--
ALTER TABLE `user_role_tbl`
  MODIFY `user_role_id` int(11) NOT NULL AUTO_INCREMENT, AUTO_INCREMENT=13;

--
-- Constraints for dumped tables
--

--
-- Constraints for table `employee_photos`
--
ALTER TABLE `employee_photos`
  ADD CONSTRAINT `employee_photos_ibfk_1` FOREIGN KEY (`employee_id`) REFERENCES `employees_tbl` (`employee_id`) ON DELETE CASCADE;

--
-- Constraints for table `gaa_audit_log`
--
ALTER TABLE `gaa_audit_log`
  ADD CONSTRAINT `fk_gaa_payroll_entry` FOREIGN KEY (`payroll_entry_id`) REFERENCES `payroll_entries` (`payroll_entry_id`) ON DELETE CASCADE;

--
-- Constraints for table `gaa_validation_audit`
--
ALTER TABLE `gaa_validation_audit`
  ADD CONSTRAINT `gaa_validation_audit_ibfk_1` FOREIGN KEY (`payroll_entry_id`) REFERENCES `payroll_entries` (`payroll_entry_id`) ON DELETE CASCADE,
  ADD CONSTRAINT `gaa_validation_audit_ibfk_2` FOREIGN KEY (`employee_id`) REFERENCES `employees_tbl` (`employee_id`) ON DELETE CASCADE;

--
-- Constraints for table `payroll_deductions`
--
ALTER TABLE `payroll_deductions`
  ADD CONSTRAINT `fk_pd_payroll_entry` FOREIGN KEY (`payroll_entry_id`) REFERENCES `payroll_entries` (`payroll_entry_id`) ON DELETE CASCADE;

--
-- Constraints for table `payroll_entries_audit`
--
ALTER TABLE `payroll_entries_audit`
  ADD CONSTRAINT `payroll_entries_audit_ibfk_1` FOREIGN KEY (`payroll_entry_id`) REFERENCES `payroll_entries` (`payroll_entry_id`) ON DELETE CASCADE;

--
-- Constraints for table `payroll_gaa_status`
--
ALTER TABLE `payroll_gaa_status`
  ADD CONSTRAINT `payroll_gaa_status_ibfk_1` FOREIGN KEY (`payroll_entry_id`) REFERENCES `payroll_entries` (`payroll_entry_id`) ON DELETE CASCADE;

--
-- Constraints for table `payroll_govshares`
--
ALTER TABLE `payroll_govshares`
  ADD CONSTRAINT `fk_pg_payroll_entry` FOREIGN KEY (`payroll_entry_id`) REFERENCES `payroll_entries` (`payroll_entry_id`) ON DELETE CASCADE;

--
-- Constraints for table `payroll_workflow_transitions`
--
ALTER TABLE `payroll_workflow_transitions`
  ADD CONSTRAINT `fk_pwt_entry` FOREIGN KEY (`payroll_entry_id`) REFERENCES `payroll_entries` (`payroll_entry_id`) ON DELETE CASCADE,
  ADD CONSTRAINT `fk_pwt_user` FOREIGN KEY (`changed_by`) REFERENCES `users_tbl` (`userID`);

--
-- Constraints for table `remittance_details`
--
ALTER TABLE `remittance_details`
  ADD CONSTRAINT `fk_remittance_details_employee` FOREIGN KEY (`employee_id`) REFERENCES `employees_tbl` (`employee_id`) ON DELETE CASCADE ON UPDATE CASCADE,
  ADD CONSTRAINT `fk_remittance_details_remittance` FOREIGN KEY (`remittance_id`) REFERENCES `remittances` (`remittance_id`) ON DELETE CASCADE ON UPDATE CASCADE;
COMMIT;

/*!40101 SET CHARACTER_SET_CLIENT=@OLD_CHARACTER_SET_CLIENT */;
/*!40101 SET CHARACTER_SET_RESULTS=@OLD_CHARACTER_SET_RESULTS */;
/*!40101 SET COLLATION_CONNECTION=@OLD_COLLATION_CONNECTION */;
